Time	Raw_Alt	Filtered_Alt
0.0102	58.9468	58.9998
0.0206	59.0299	58.9998
0.0313	59.4459	59.0012
0.0412	59.1963	59.0031
0.0512	58.6972	59.0028
0.0613	58.8636	59.0015
0.0712	59.1963	59.0017
0.0813	59.1131	59.0026
0.0913	58.5308	59.0015
0.1012	58.8636	58.9997
0.1112	59.1131	58.9996
0.1213	59.1131	59.0003
0.1312	59.1131	59.0010
0.1413	58.6140	59.0001
0.1513	58.7804	58.9983
0.1612	58.5308	58.9963
0.1713	59.1131	58.9952
0.1812	58.9468	58.9954
0.1912	59.1963	58.9959
0.2013	59.1963	58.9971
0.2114	58.9468	58.9975
0.2212	59.4459	58.9987
0.2314	59.0299	59.0001
0.2413	59.1131	59.0006
0.2513	58.5308	58.9995
0.2612	58.5308	58.9967
0.2712	59.3627	58.9964
0.2812	59.1131	58.9978
0.2912	58.8636	58.9978
0.3012	59.1131	58.9977
0.3112	59.5291	58.9997
0.3212	58.9468	59.0011
0.3312	59.3627	59.0021
0.3412	58.7804	59.0025
0.3512	58.8636	59.0014
0.3603	58.7804	59.0003
0.3713	59.2795	59.0005
0.3814	59.1963	59.0020
0.3913	58.4476	59.0009
0.4014	59.5291	59.0008
0.4113	59.5291	59.0040
0.4203	59.3627	59.0067
0.4314	58.6972	59.0068
0.4414	59.0299	59.0060
0.4513	59.1131	59.0064
0.4614	59.0299	59.0068
0.4713	59.1963	59.0075
0.4803	58.9468	59.0079
0.4915	58.4476	59.0061
0.5014	58.8636	59.0040
0.5113	59.1963	59.0042
0.5213	58.6140	59.0036
0.5314	58.8636	59.0020
0.5404	59.1963	59.0022
0.5504	59.1963	59.0034
0.5613	59.0299	59.0041
0.5713	59.3627	59.0053
0.5815	58.9468	59.0062
0.5913	58.8636	59.0056
0.6004	59.6955	59.0073
0.6104	58.6972	59.0084
0.6214	59.0299	59.0076
0.6314	58.6140	59.0065
0.6414	59.3627	59.0064
0.6513	59.1963	59.0081
0.6604	59.2795	59.0095
0.6704	58.7804	59.0097
0.6814	59.3627	59.0101
0.6915	58.8636	59.0108
0.7014	59.6955	59.0124
0.7114	59.2795	59.0153
0.7204	59.0299	59.0162
0.7304	59.6955	59.0183
0.7414	58.4476	59.0187
0.7514	59.1963	59.0176
0.7615	58.4476	59.0164
0.7715	59.0299	59.0148
0.7805	59.1131	59.0152
0.7905	58.9468	59.0153
0.8005	59.0299	59.0152
0.8115	59.1131	59.0156
0.8215	59.1131	59.0162
0.8315	59.1963	59.0171
0.8405	59.6955	59.0197
0.8505	59.0299	59.0219
0.8605	59.2795	59.0227
0.8715	59.4459	59.0248
0.8815	58.4476	59.0244
0.8915	58.2812	59.0205
0.9005	59.1131	59.0187
0.9105	59.7787	59.0213
0.9205	59.6955	59.0256
0.9315	59.3627	59.0287
0.9415	58.9468	59.0296
0.9515	58.6140	59.0282
0.9615	59.1963	59.0275
0.9705	58.6140	59.0268
0.9805	58.6140	59.0244
0.9905	58.6140	59.0220
1.0015	58.7804	59.0201
1.0115	59.6955	59.0215
1.0215	59.3627	59.0246
1.0305	58.6140	59.0245
1.0406	59.2795	59.0241
1.0506	58.8636	59.0244
1.0615	58.7804	59.0233
1.0715	58.8636	59.0221
1.0815	58.8636	59.0212
1.0905	58.6140	59.0196
1.1005	59.0299	59.0185
1.1105	59.0299	59.0186
1.1215	58.8636	59.0182
1.1315	59.5291	59.0193
1.1415	58.0317	59.0180
1.1506	59.5291	59.0166
1.1609	58.6140	59.0170
1.1705	59.1963	59.0163
1.1815	59.1963	59.0175
1.1915	58.6140	59.0169
1.2015	58.4476	59.0140
1.2105	58.9468	59.0121
1.2206	58.6972	59.0110
1.2305	58.6140	59.0089
1.2406	58.8636	59.0073
1.2516	59.3627	59.0080
1.2616	59.0299	59.0092
1.2706	59.0299	59.0093
1.2807	58.7804	59.0087
1.2906	58.8636	59.0076
1.3006	59.0299	59.0073
1.3116	58.6140	59.0062
1.3215	58.0317	59.0022
1.3306	59.0299	58.9993
1.3406	59.0299	58.9995
1.3506	58.4476	58.9980
1.3606	58.8636	58.9959
1.3717	58.6972	58.9947
1.3816	58.9468	58.9936
1.3906	59.0299	58.9936
1.4006	59.3627	58.9948
1.4106	58.4476	58.9943
1.4206	59.3627	58.9938
1.4307	58.9468	58.9947
1.4416	59.0299	58.9947
1.4506	58.6972	58.9939
1.4606	58.2812	58.9909
1.4707	58.9468	58.9887
1.4807	58.6972	58.9876
1.4907	58.6140	58.9856
1.5017	59.1963	58.9852
1.5117	58.8636	58.9854
1.5208	59.0299	58.9852
1.5307	58.4476	58.9837
1.5408	59.0299	58.9822
1.5508	59.3627	58.9835
1.5617	59.4459	58.9860
1.5718	59.0299	58.9875
1.5807	58.7804	58.9870
1.5907	59.1963	58.9870
1.6007	59.1963	58.9882
1.6108	59.2795	58.9897
1.6218	59.5291	58.9922
1.6317	58.6972	58.9930
1.6408	59.1131	58.9924
1.6507	59.0299	58.9929
1.6607	59.1963	58.9936
1.6708	58.6972	58.9934
1.6809	59.1963	58.9931
1.6918	58.6140	58.9926
1.7008	58.6140	58.9903
1.7109	58.8636	58.9888
1.7208	58.9468	58.9883
1.7309	59.5291	58.9898
1.7410	58.8636	58.9910
1.7519	58.5308	58.9893
1.7608	59.1963	58.9885
1.7709	58.4476	58.9875
1.7808	58.8636	58.9855
1.7909	58.3644	58.9833
1.8008	58.8636	58.9810
1.8117	59.0299	58.9808
1.8208	58.7804	58.9803
1.8308	59.2795	58.9806
1.8408	59.4459	58.9829
1.8508	58.8636	58.9839
1.8608	59.2795	58.9844
1.8708	59.2795	58.9862
1.8808	59.5291	58.9887
1.8908	58.8636	58.9900
1.9010	58.8636	58.9892
1.9109	59.0299	58.9889
1.9210	59.1131	58.9894
1.9309	59.6955	58.9919
1.9408	59.1131	58.9944
1.9508	59.2795	58.9956
1.9608	58.1980	58.9941
1.9708	59.3627	58.9928
1.9808	58.8636	58.9935
1.9909	59.1131	58.9935
2.0009	59.6955	58.9960
2.0108	59.0299	58.9982
2.0208	59.0299	58.9984
2.0308	59.1963	58.9991
2.0408	59.0299	58.9998
2.0508	59.0299	59.0000
2.0618	58.6140	58.9990
2.0708	59.1963	58.9984
2.0809	58.8636	58.9986
2.0909	59.1963	58.9988
2.1010	59.6123	59.0012
2.1109	59.1131	59.0034
2.1209	59.1963	59.0044
2.1311	58.4476	59.0033
2.1409	58.8636	59.0012
2.1509	58.8636	59.0004
2.1610	58.8636	58.9996
2.1709	59.0299	58.9993
2.1809	58.9468	58.9992
2.1910	59.0299	58.9992
2.2009	59.2795	59.0001
2.2110	59.0299	59.0011
2.2210	58.3644	58.9993
2.2310	59.4459	58.9987
2.2409	59.6123	59.0019
2.2510	59.2795	59.0046
2.2609	59.1131	59.0057
2.2710	58.9468	59.0059
2.2810	58.8636	59.0053
2.2910	58.8636	59.0045
2.3009	58.6972	59.0032
2.3110	59.0299	59.0023
2.3209	59.0299	59.0025
2.3312	59.1131	59.0029
2.3411	59.1963	59.0039
2.3511	59.1963	59.0050
2.3610	59.3627	59.0067
2.3711	58.8636	59.0074
2.3810	58.6972	59.0060
2.3909	59.2795	59.0059
2.4011	59.1131	59.0071
2.4110	59.8619	59.0100
2.4211	59.0299	59.0127
2.4311	58.8636	59.0123
2.4409	59.0299	59.0119
2.4510	58.8636	59.0116
2.4611	58.8636	59.0107
2.4710	59.5291	59.0119
2.4810	58.9468	59.0132
2.4911	59.4459	59.0144
2.5010	58.6972	59.0148
2.5111	59.1963	59.0144
2.5211	58.9468	59.0148
2.5313	59.2795	59.0154
2.5410	59.4459	59.0175
2.5511	58.7804	59.0182
2.5610	59.0299	59.0175
2.5711	59.0299	59.0177
2.5811	59.0299	59.0178
2.5910	59.0299	59.0179
2.6011	58.8636	59.0175
2.6110	58.8636	59.0166
2.6210	59.4459	59.0175
2.6310	59.6955	59.0209
2.6411	58.6972	59.0220
2.6511	58.4476	59.0193
2.6612	58.6140	59.0164
2.6710	59.0299	59.0153
2.6811	59.2795	59.0162
2.6911	59.2795	59.0178
2.7010	59.6123	59.0204
2.7111	59.0299	59.0223
2.7211	59.3627	59.0234
2.7311	58.6972	59.0235
2.7411	58.6140	59.0213
2.7511	59.3627	59.0212
2.7610	59.5291	59.0238
2.7712	59.0299	59.0254
2.7812	58.8636	59.0250
2.7911	58.9468	59.0243
2.8012	59.5291	59.0257
2.8112	59.1963	59.0278
2.8210	59.0299	59.0283
2.8312	59.0299	59.0284
2.8414	59.0299	59.0285
2.8511	59.0299	59.0286
2.8612	58.8636	59.0281
2.8711	59.5291	59.0292
2.8812	58.8636	59.0303
2.8912	59.1963	59.0304
2.9013	59.6955	59.0329
2.9112	59.1131	59.0352
2.9212	59.5291	59.0370
2.9311	58.8636	59.0381
2.9412	58.7804	59.0369
2.9512	59.0299	59.0362
2.9612	58.8636	59.0357
2.9711	58.7804	59.0345
2.9811	59.3627	59.0348
2.9911	59.3627	59.0368
3.0011	59.6123	59.0396
3.0112	58.6140	59.0402
3.0211	59.0299	59.0389
3.0313	59.0299	59.0390
3.0412	59.4459	59.0403
3.0511	59.0299	59.0415
3.0612	59.1963	59.0421
3.0712	58.7804	59.0418
3.0812	58.1980	59.0386
3.0913	59.7787	59.0384
3.1012	58.8636	59.0402
3.1112	58.4476	59.0380
3.1212	58.8636	59.0357
3.1313	59.3627	59.0363
3.1413	58.9468	59.0371
3.1513	58.8636	59.0364
3.1612	58.7804	59.0352
3.1712	59.5291	59.0360
3.1813	59.3627	59.0385
3.1903	59.1963	59.0400
3.2015	58.4476	59.0388
3.2113	58.7804	59.0363
3.2212	58.9468	59.0354
3.2312	58.9468	59.0349
3.2412	59.2795	59.0355
3.2503	59.3627	59.0373
3.2614	58.6972	59.0373
3.2713	59.0299	59.0364
3.2813	58.8636	59.0359
3.2914	58.8636	59.0349
3.3012	58.8636	59.0340
3.3103	59.6123	59.0353
3.3214	58.6972	59.0361
3.3312	58.7804	59.0344
3.3413	59.6955	59.0357
3.3513	59.0299	59.0377
3.3612	59.3627	59.0388
3.3712	59.1963	59.0403
3.3803	59.0299	59.0408
3.3913	58.6972	59.0398
3.4012	59.1131	59.0391
3.4113	59.3627	59.0404
3.4212	58.6140	59.0402
3.4312	59.0299	59.0390
3.4403	58.7804	59.0382
3.4513	59.5291	59.0390
3.4613	58.8636	59.0401
3.4713	58.6140	59.0383
3.4813	59.0299	59.0371
3.4913	58.6140	59.0359
3.5003	58.8636	59.0342
3.5113	59.1131	59.0340
3.5214	59.0299	59.0343
3.5315	58.6140	59.0331
3.5413	59.0299	59.0319
3.5513	58.7804	59.0312
3.5603	59.1963	59.0310
3.5713	58.6972	59.0306
3.5813	59.4459	59.0309
3.5913	58.6140	59.0310
3.6013	58.8636	59.0293
3.6113	58.8636	59.0283
3.6203	58.7804	59.0272
3.6303	59.4459	59.0277
3.6414	59.0299	59.0291
3.6513	59.2795	59.0299
3.6615	59.0299	59.0307
3.6707	59.2795	59.0315
3.6806	59.3627	59.0333
3.6906	58.4476	59.0326
3.7016	59.5291	59.0324
3.7115	59.6123	59.0357
3.7219	59.0299	59.0375
3.7305	58.8636	59.0371
3.7405	58.7804	59.0359
3.7505	59.1963	59.0357
3.7615	59.1131	59.0365
3.7714	59.4459	59.0380
3.7815	59.1963	59.0398
3.7914	58.5308	59.0388
3.8004	58.5308	59.0359
3.8105	59.0299	59.0344
3.8204	59.1963	59.0350
3.8314	58.8636	59.0350
3.8415	58.8636	59.0341
3.8514	58.9468	59.0334
3.8605	58.9468	59.0329
3.8705	59.0299	59.0327
3.8804	59.0299	59.0328
3.8916	58.8636	59.0323
3.9015	59.0299	59.0319
3.9114	58.1980	59.0295
3.9205	59.0299	59.0270
3.9305	59.3627	59.0281
3.9404	59.6955	59.0312
3.9516	58.8636	59.0328
3.9615	59.3627	59.0333
3.9718	58.6972	59.0334
3.9805	58.7804	59.0317
3.9905	59.6123	59.0328
4.0004	58.8636	59.0341
4.0114	59.0299	59.0336
4.0214	58.4476	59.0319
4.0314	59.1131	59.0305
4.0405	59.4459	59.0321
4.0504	59.2795	59.0341
4.0605	58.9468	59.0347
4.0705	59.0299	59.0345
4.0816	58.6972	59.0336
4.0915	59.4459	59.0339
4.1005	59.0299	59.0352
4.1105	59.1963	59.0357
4.1203	59.6955	59.0383
4.1306	59.0299	59.0403
4.1416	59.1963	59.0409
4.1515	59.1963	59.0419
4.1616	59.6123	59.0442
4.1706	59.0299	59.0459
4.1808	59.2795	59.0467
4.1906	58.8636	59.0470
4.2016	59.4459	59.0477
4.2116	59.5291	59.0505
4.2207	59.6955	59.0540
4.2305	59.3627	59.0570
4.2406	58.5308	59.0564
4.2506	58.8636	59.0544
4.2606	59.0299	59.0539
4.2718	59.0299	59.0539
4.2816	59.6123	59.0556
4.2906	58.9468	59.0571
4.3005	58.9468	59.0566
4.3106	59.1963	59.0568
4.3206	59.0299	59.0572
4.3316	58.5308	59.0557
4.3415	59.3627	59.0552
4.3506	58.6972	59.0552
4.3606	59.0299	59.0541
4.3706	59.0299	59.0541
4.3807	58.1149	59.0514
4.3916	59.0299	59.0486
4.4016	59.3627	59.0496
4.4107	58.8636	59.0501
4.4206	58.6972	59.0486
4.4306	58.9468	59.0473
4.4407	59.0299	59.0471
4.4516	59.3627	59.0481
4.4617	58.6972	59.0481
4.4707	58.7804	59.0464
4.4808	58.8636	59.0451
4.4906	59.1131	59.0449
4.5007	58.8636	59.0447
4.5107	59.1131	59.0444
4.5217	59.1963	59.0452
4.5307	58.3644	59.0437
4.5406	59.1963	59.0422
4.5506	58.8636	59.0422
4.5607	59.3627	59.0428
4.5706	58.6140	59.0425
4.5816	59.1963	59.0418
4.5907	58.8636	59.0419
4.6007	59.1131	59.0416
4.6106	59.1963	59.0424
4.6207	59.2795	59.0437
4.6308	59.0299	59.0445
4.6416	58.4476	59.0427
4.6517	58.6972	59.0400
4.6608	59.0299	59.0391
4.6707	58.6972	59.0381
4.6808	58.6972	59.0361
4.6907	58.6972	59.0342
4.7007	58.5308	59.0318
4.7117	59.1131	59.0306
4.7207	58.3644	59.0289
4.7308	59.1963	59.0275
4.7407	59.7787	59.0303
4.7507	59.1963	59.0331
4.7607	59.1963	59.0342
4.7717	59.6123	59.0365
4.7807	59.0299	59.0383
4.7908	59.0299	59.0384
4.8007	58.8636	59.0379
4.8107	59.2795	59.0382
4.8207	59.0299	59.0390
4.8317	59.0299	59.0390
4.8408	58.6972	59.0381
4.8507	58.8636	59.0366
4.8609	58.6140	59.0349
4.8708	59.0299	59.0337
4.8808	58.5308	59.0323
4.8917	58.7804	59.0301
4.9012	59.0299	59.0294
4.9107	58.8636	59.0290
4.9207	58.8636	59.0280
4.9308	58.9468	59.0274
4.9408	58.9468	59.0270
4.9508	59.1131	59.0270
4.9608	59.3627	59.0284
4.9708	58.8636	59.0290
4.9808	59.2795	59.0293
4.9908	59.0299	59.0301
5.0008	59.3627	59.0312
5.0108	58.8636	59.0317
5.0209	59.1131	59.0316
5.0309	58.8636	59.0314
5.0410	59.4459	59.0322
5.0509	58.8636	59.0330
5.0609	59.5291	59.0341
5.0710	58.4476	59.0339
5.0809	58.3644	59.0302
5.0909	58.8636	59.0278
5.1010	59.5291	59.0288
5.1110	58.7804	59.0296
5.1209	59.0299	59.0290
5.1309	58.5308	59.0275
5.1410	59.1131	59.0264
5.1509	58.3644	59.0247
5.1609	59.4459	59.0241
5.1710	59.1963	59.0259
5.1809	59.2795	59.0272
5.1909	58.8636	59.0276
5.2009	59.0299	59.0271
5.2109	59.0299	59.0272
5.2209	59.2795	59.0280
5.2310	58.8636	59.0284
5.2409	58.6972	59.0270
5.2509	58.9468	59.0258
5.2609	58.6972	59.0246
5.2709	59.1963	59.0242
5.2810	59.0299	59.0248
5.2910	59.1131	59.0252
5.3010	59.1963	59.0260
5.3112	58.8636	59.0261
5.3210	58.8636	59.0252
5.3309	59.3627	59.0258
5.3409	58.6972	59.0259
5.3509	59.3627	59.0259
5.3609	59.0299	59.0270
5.3710	59.4459	59.0284
5.3809	58.8636	59.0292
5.3909	58.9468	59.0285
5.4010	58.6972	59.0273
5.4109	59.2795	59.0272
5.4209	58.8636	59.0275
5.4310	58.6140	59.0258
5.4412	58.7804	59.0239
5.4510	59.0299	59.0233
5.4611	58.8636	59.0229
5.4710	58.7804	59.0217
5.4810	59.2795	59.0218
5.4910	58.5308	59.0212
5.5010	59.1131	59.0200
5.5110	58.7804	59.0196
5.5210	59.6955	59.0210
5.5309	59.0299	59.0231
5.5410	58.8636	59.0227
5.5510	58.8636	59.0218
5.5610	59.5291	59.0229
5.5710	58.5308	59.0230
5.5810	59.1963	59.0221
5.5910	59.1131	59.0229
5.6011	59.0299	59.0233
5.6111	59.1131	59.0236
5.6210	58.3644	59.0220
5.6311	58.6972	59.0191
5.6410	58.8636	59.0177
5.6510	58.9468	59.0171
5.6611	58.7804	59.0162
5.6711	59.5291	59.0170
5.6810	58.5308	59.0172
5.6911	58.8636	59.0153
5.7010	59.1131	59.0152
5.7111	59.0299	59.0156
5.7211	59.5291	59.0172
5.7310	58.7804	59.0181
5.7412	58.6140	59.0162
5.7511	59.1963	59.0156
5.7611	58.7804	59.0154
5.7710	59.1131	59.0151
5.7811	59.0299	59.0155
5.7911	59.3627	59.0166
5.8012	59.3627	59.0187
5.8111	58.9468	59.0196
5.8210	59.1963	59.0200
5.8312	58.8636	59.0201
5.8412	58.7804	59.0189
5.8511	59.1963	59.0188
5.8612	59.5291	59.0209
5.8712	59.0299	59.0225
5.8816	59.1131	59.0229
5.8912	58.9468	59.0230
5.9012	58.3644	59.0209
5.9111	58.6972	59.0180
5.9212	59.1963	59.0176
5.9312	58.8636	59.0177
5.9411	58.6972	59.0164
5.9512	58.9468	59.0152
5.9614	58.6972	59.0141
5.9712	59.3627	59.0142
5.9813	58.4476	59.0136
5.9914	59.1963	59.0125
6.0012	58.8636	59.0127
6.0112	58.5308	59.0108
6.0201	59.1963	59.0100
6.0313	58.8636	59.0101
6.0412	59.1963	59.0103
6.0512	59.0299	59.0109
6.0612	59.0299	59.0111
6.0713	58.4476	59.0095
6.0812	58.5308	59.0064
6.0913	59.0299	59.0051
6.1012	58.8636	59.0047
6.1112	59.2795	59.0052
6.1213	59.2795	59.0068
6.1312	59.1963	59.0082
6.1414	59.1963	59.0094
6.1513	58.6972	59.0091
6.1613	59.3627	59.0092
6.1714	58.6972	59.0094
6.1813	58.8636	59.0080
6.1913	59.1963	59.0082
6.2012	59.1963	59.0094
6.2113	59.1131	59.0103
6.2212	58.6972	59.0097
6.2312	59.2795	59.0096
6.2412	59.0299	59.0105
6.2512	59.1131	59.0109
6.2614	58.8636	59.0108
6.2702	59.1131	59.0107
6.2812	58.8636	59.0106
6.2913	59.1131	59.0105
6.3013	59.0299	59.0109
6.3112	58.6972	59.0100
6.3214	59.1131	59.0095
6.3303	59.6955	59.0119
6.3414	58.9468	59.0137
6.3515	59.0299	59.0136
6.3613	59.4459	59.0150
6.3713	58.4476	59.0147
6.3815	59.1131	59.0133
6.3903	59.1131	59.0139
6.4014	58.8636	59.0138
6.4113	58.8636	59.0129
6.4215	58.5308	59.0111
6.4313	58.2812	59.0075
6.4413	59.5291	59.0069
6.4514	58.5308	59.0071
6.4602	59.2795	59.0065
6.4713	58.8636	59.0069
6.4814	58.8636	59.0060
6.4914	58.6972	59.0047
6.5004	59.1131	59.0041
6.5105	58.6972	59.0036
6.5204	58.6972	59.0017
6.5315	59.1131	59.0012
6.5414	58.6972	59.0006
6.5514	59.0299	58.9998
6.5605	58.6972	58.9990
6.5704	58.5308	58.9967
6.5806	59.0299	58.9954
6.5916	58.6140	58.9944
6.6015	59.1131	58.9936
6.6114	59.0299	58.9941
6.6215	59.1131	58.9945
6.6305	59.0299	58.9950
6.6407	59.3627	58.9962
6.6515	58.5308	58.9959
6.6615	59.0299	58.9947
6.6715	58.6972	58.9939
6.6816	58.8636	58.9926
6.6904	58.8636	58.9918
6.7004	59.0299	58.9916
6.7105	58.3644	58.9898
6.7214	58.6972	58.9871
6.7314	59.5291	58.9878
6.7416	58.6972	58.9886
6.7504	58.9468	58.9876
6.7604	58.9468	58.9873
6.7705	58.5308	58.9858
6.7814	59.0299	58.9846
6.7914	58.8636	58.9843
6.8016	58.6972	58.9831
6.8114	59.2795	58.9831
6.8205	59.1963	58.9846
6.8305	58.6972	58.9844
6.8414	58.8636	58.9832
6.8514	58.8636	58.9825
6.8616	58.4476	58.9805
6.8714	58.6140	58.9778
6.8807	58.6972	58.9758
6.8904	58.8636	58.9746
6.8999	58.8636	58.9739
6.9114	59.0299	58.9737
6.9214	58.8636	58.9735
6.9314	59.1963	58.9739
6.9406	59.1963	58.9752
6.9504	58.6972	58.9750
6.9604	58.8636	58.9738
6.9715	58.6972	58.9726
6.9814	58.8636	58.9714
6.9921	59.1131	58.9715
7.0004	58.6140	58.9708
7.0105	59.1963	58.9704
7.0205	59.1963	58.9717
7.0315	58.5308	58.9711
7.0415	58.8636	58.9694
7.0515	59.0299	58.9692
7.0607	58.5308	58.9681
7.0705	58.6972	58.9659
7.0806	58.9468	58.9650
7.0915	59.1963	58.9656
7.1015	59.3627	58.9674
7.1114	59.1963	58.9693
7.1204	59.1963	58.9706
7.1304	59.6123	58.9732
7.1405	58.8636	58.9748
7.1505	58.8636	58.9741
7.1615	59.6955	58.9759
7.1716	58.7804	58.9775
7.1805	59.0299	58.9770
7.1905	59.1963	58.9778
7.2006	59.2795	58.9794
7.2106	58.5308	58.9789
7.2215	58.8636	58.9772
7.2315	58.7804	58.9763
7.2406	59.3627	58.9768
7.2505	59.2795	58.9789
7.2605	59.3627	58.9809
7.2706	59.1963	58.9827
7.2815	59.0299	58.9835
7.2916	59.0299	58.9838
7.3006	58.8636	58.9836
7.3106	58.5308	58.9818
7.3206	58.6972	58.9796
7.3305	58.8636	58.9784
7.3407	58.6140	58.9770
7.3516	59.7787	58.9783
7.3615	59.0299	58.9808
7.3707	59.1963	58.9816
7.3806	59.0299	58.9824
7.3906	59.0299	58.9827
7.4007	58.9468	58.9827
7.4116	58.3644	58.9808
7.4215	59.7787	58.9813
7.4307	59.3627	58.9848
7.4406	59.3627	58.9871
7.4506	58.6972	58.9874
7.4607	59.1963	58.9872
7.4717	59.1963	58.9884
7.4818	59.1963	58.9897
7.4907	59.0299	58.9905
7.5007	58.7804	58.9900
7.5106	58.8636	58.9890
7.5207	58.6972	58.9877
7.5316	58.6140	58.9857
7.5416	58.6972	58.9838
7.5507	58.8636	58.9826
7.5607	58.8636	58.9818
7.5705	58.6972	58.9806
7.5807	58.6972	58.9789
7.5906	58.6972	58.9772
7.6016	58.9468	58.9763
7.6107	58.8636	58.9758
7.6206	58.7804	58.9749
7.6308	59.1131	58.9747
7.6407	59.3627	58.9763
7.6507	59.3627	58.9786
7.6617	58.6972	58.9789
7.6707	59.0299	58.9782
7.6806	59.6955	58.9805
7.6908	59.0299	58.9828
7.7008	59.0299	58.9831
7.7108	59.0299	58.9834
7.7220	58.8636	58.9832
7.7308	58.8636	58.9825
7.7407	58.6972	58.9812
7.7508	58.9468	58.9803
7.7608	58.8636	58.9798
7.7708	59.3627	58.9806
7.7808	58.6972	58.9809
7.7908	58.8636	58.9797
7.8007	59.0299	58.9795
7.8108	59.0299	58.9798
7.8208	59.3627	58.9811
7.8307	58.8636	58.9819
7.8408	58.3644	58.9797
7.8508	58.8636	58.9775
7.8608	59.0299	58.9773
7.8708	59.0299	58.9776
7.8808	58.8636	58.9774
7.8910	59.1131	58.9775
7.9008	59.3627	58.9791
7.9108	58.1980	58.9779
7.9209	59.1963	58.9762
7.9307	58.6972	58.9760
7.9409	58.8636	58.9748
7.9509	59.0299	58.9746
7.9608	58.8636	58.9745
7.9708	59.3627	58.9753
7.9808	59.1963	58.9771
7.9908	58.5308	58.9764
8.0008	58.8636	58.9747
8.0108	59.1963	58.9751
8.0208	59.1963	58.9764
8.0308	59.0299	58.9772
8.0408	59.1963	58.9780
8.0508	59.0299	58.9788
8.0608	58.9468	58.9789
8.0708	59.0299	58.9789
8.0808	59.0299	58.9793
8.0908	59.1963	58.9801
8.1006	58.6972	58.9799
8.1109	58.6972	58.9782
8.1208	59.2795	58.9783
8.1311	59.1131	58.9796
8.1410	58.8636	58.9797
8.1509	59.5291	58.9810
8.1608	58.9468	58.9825
8.1709	58.7804	58.9818
8.1808	59.0299	58.9814
8.1911	59.1131	58.9819
8.2009	57.7821	58.9787
8.2108	59.1131	58.9755
8.2208	58.8636	58.9756
8.2309	58.6972	58.9744
8.2408	59.0299	58.9738
8.2508	59.1963	58.9746
8.2609	59.2795	58.9762
8.2709	58.4476	58.9755
8.2809	58.7804	58.9734
8.2909	59.0299	58.9730
8.3009	58.6972	58.9723
8.3111	59.2795	58.9724
8.3210	58.6972	58.9725
8.3309	58.6140	58.9706
8.3412	59.6955	58.9717
8.3510	58.3644	58.9720
8.3609	59.0299	58.9704
8.3710	59.3627	58.9717
8.3809	58.7804	58.9723
8.3909	58.1980	58.9694
8.4009	58.1980	58.9647
8.4109	58.8636	58.9621
8.4209	59.3627	58.9630
8.4310	59.1963	58.9649
8.4410	58.6972	58.9647
8.4509	58.6972	58.9631
8.4611	58.6972	58.9615
8.4709	59.0299	58.9609
8.4809	59.1963	58.9618
8.4911	59.0299	58.9627
8.5009	59.3627	58.9641
8.5114	58.8636	58.9649
8.5210	59.1131	58.9651
8.5310	59.0299	58.9657
8.5412	59.2795	58.9668
8.5512	58.8636	58.9674
8.5611	58.6972	58.9663
8.5711	59.1963	58.9662
8.5810	59.1131	58.9673
8.5909	59.0299	58.9679
8.6011	59.5291	58.9698
8.6111	58.7804	58.9709
8.6211	58.8636	58.9700
8.6311	58.5308	58.9684
8.6411	58.8636	58.9668
8.6510	58.7804	58.9659
8.6611	58.1980	58.9630
8.6712	58.8636	58.9604
8.6810	58.6972	58.9593
8.6911	58.8636	58.9582
8.7012	59.1131	58.9583
8.7110	58.6972	58.9580
8.7210	59.1963	58.9579
8.7311	59.0299	58.9588
8.7411	59.1963	58.9597
8.7511	58.7804	58.9599
8.7612	58.6972	58.9585
8.7710	58.8636	58.9574
8.7811	59.3627	58.9583
8.7911	59.1963	58.9602
8.8011	59.3627	58.9621
8.8112	58.1980	58.9610
8.8211	59.0299	58.9589
8.8311	58.8636	58.9588
8.8411	58.9468	58.9585
8.8512	58.8636	58.9581
8.8611	58.9468	58.9578
8.8711	59.0299	58.9579
8.8811	59.1131	58.9586
8.8911	59.0299	58.9592
8.9010	59.1131	58.9599
8.9111	58.7804	58.9598
8.9211	59.0299	58.9594
8.9311	59.0299	58.9598
8.9411	59.5291	58.9617
8.9511	59.0299	58.9636
8.9611	58.8636	58.9635
8.9711	59.0299	58.9634
8.9811	59.0299	58.9638
8.9911	59.0299	58.9642
9.0011	59.1963	58.9650
9.0111	58.9468	58.9657
9.0211	58.9468	58.9655
9.0311	58.8636	58.9652
9.0412	58.6972	58.9640
9.0511	59.6955	58.9654
9.0611	59.4459	58.9690
9.0712	58.7804	58.9699
9.0811	59.1963	58.9700
9.0911	58.2812	58.9686
9.1002	58.6972	58.9657
9.1112	58.9468	58.9648
9.1212	59.0299	58.9649
9.1312	58.8636	58.9648
9.1412	59.1963	58.9652
9.1511	58.3644	58.9641
9.1602	58.6972	58.9614
9.1712	58.6972	58.9598
9.1812	58.8636	58.9587
9.1912	59.1963	58.9591
9.2013	59.2795	58.9607
9.2112	58.3644	58.9599
9.2202	58.8636	58.9578
9.2313	59.4459	58.9589
9.2412	58.8636	58.9601
9.2513	59.4459	58.9612
9.2613	58.8636	58.9623
9.2712	59.0299	58.9622
9.2803	59.2795	58.9634
9.2902	58.9468	58.9642
9.3014	59.3627	58.9654
9.3112	59.1131	58.9670
9.3212	58.5308	58.9661
9.3315	58.1149	58.9623
9.3403	59.1131	58.9601
9.3503	58.5308	58.9593
9.3614	58.8636	58.9577
9.3714	59.3627	58.9586
9.3813	58.5308	58.9585
9.3914	58.6140	58.9561
9.4004	58.6972	58.9543
9.4104	59.3627	58.9547
9.4214	59.0299	58.9561
9.4314	58.6972	58.9555
9.4413	58.8636	58.9544
9.4514	58.8636	58.9538
9.4604	58.8636	58.9532
9.4704	59.0299	58.9532
9.4814	59.7787	58.9558
9.4913	58.3644	58.9565
9.5014	58.9468	58.9547
9.5113	59.6955	58.9568
9.5203	58.6140	58.9580
9.5304	59.3627	58.9581
9.5404	58.8636	58.9590
9.5514	59.3627	58.9599
9.5613	58.3644	58.9593
9.5713	59.1963	58.9582
9.5813	59.1131	58.9594
9.5904	59.1131	58.9603
9.6004	58.7804	58.9602
9.6114	58.6140	58.9585
9.6214	59.1131	58.9579
9.6314	58.5308	58.9571
9.6413	59.3627	58.9570
9.6504	58.6140	58.9571
9.6604	59.1963	58.9568
9.6714	59.1963	58.9582
9.6814	59.1963	58.9596
9.6914	58.0317	58.9575
9.7013	59.1131	58.9552
9.7104	58.6972	58.9548
9.7204	58.7804	58.9535
9.7304	58.9468	58.9529
9.7414	58.6972	58.9521
9.7514	58.6972	58.9505
9.7614	58.8636	58.9494
9.7704	59.1963	58.9498
9.7804	58.1980	58.9483
9.7904	59.1963	58.9467
9.8015	59.1963	58.9481
9.8114	59.3627	58.9501
9.8214	59.0299	58.9515
9.8304	59.1131	58.9522
9.8404	59.0299	58.9528
9.8504	58.9468	58.9530
9.8614	59.0299	58.9532
9.8714	59.3627	58.9546
9.8815	59.0299	58.9560
9.8905	58.6972	58.9554
9.9004	58.6972	58.9538
9.9105	58.8636	58.9528
9.9214	58.7804	58.9519
9.9316	59.2795	58.9523
9.9414	58.3644	58.9515
9.9504	59.3627	58.9509
9.9607	59.0299	58.9524
9.9705	59.3627	58.9538
9.9805	58.6972	58.9542
9.9915	58.6972	58.9526
10.0015	58.8636	58.9515
10.0104	58.8636	58.9510
10.0205	59.1963	58.9514
10.0305	58.6140	58.9511
10.0405	58.9468	58.9500
10.0515	59.0299	58.9502
10.0615	58.7804	58.9499
10.0705	59.1131	58.9498
10.0805	59.0299	58.9505
10.0905	58.9468	58.9507
10.1004	59.0299	58.9508
10.1116	59.0299	58.9513
10.1215	58.9468	58.9514
10.1315	58.8636	58.9511
10.1405	58.8636	58.9506
10.1506	59.0299	58.9505
10.1605	59.1963	58.9514
10.1706	58.9468	58.9521
10.1816	59.1963	58.9528
10.1915	58.6972	58.9527
10.2006	59.0299	58.9522
10.2106	59.0299	58.9526
10.2209	59.0299	58.9530
10.2306	59.3627	58.9544
10.2416	59.1963	58.9564
10.2506	59.1131	58.9575
10.2606	58.8636	58.9577
10.2705	58.6972	58.9566
10.2807	59.0299	58.9560
10.2906	58.8636	58.9559
10.3016	59.1963	58.9563
10.3116	58.6972	58.9562
10.3206	59.0299	58.9557
10.3306	59.2795	58.9568
10.3407	59.0299	58.9580
10.3507	58.9468	58.9582
10.3616	59.0299	58.9583
10.3717	58.6140	58.9575
10.3806	59.4459	58.9579
10.3906	59.3627	58.9606
10.4007	59.0299	58.9620
10.4106	59.3627	58.9634
10.4207	59.3627	58.9657
10.4317	59.0299	58.9671
10.4406	58.6972	58.9665
10.4509	58.5308	58.9644
10.4606	58.6972	58.9623
10.4706	59.2795	58.9624
10.4806	58.8636	58.9631
10.4917	59.1963	58.9635
10.5017	58.8636	58.9638
10.5108	58.9468	58.9635
10.5207	59.3627	58.9646
10.5307	59.0299	58.9660
10.5407	59.0299	58.9664
10.5517	58.8636	58.9663
10.5606	58.8636	58.9657
10.5707	58.9468	58.9653
10.5807	59.0299	58.9655
10.5907	59.4459	58.9671
10.6008	59.3627	58.9697
10.6107	59.1963	58.9716
10.6207	59.0299	58.9725
10.6308	58.8636	58.9723
10.6407	59.4459	58.9734
10.6507	59.0299	58.9750
10.6608	58.6140	58.9741
10.6707	58.4476	58.9715
10.6816	58.9468	58.9699
10.6909	58.8636	58.9695
10.7007	59.2795	58.9701
10.7107	59.1963	58.9717
10.7208	59.2795	58.9733
10.7308	58.9468	58.9741
10.7417	59.0299	58.9742
10.7508	59.0299	58.9746
10.7608	59.0299	58.9749
10.7707	59.0299	58.9753
10.7809	58.6972	58.9746
10.7908	59.3627	58.9749
10.8017	59.0299	58.9763
10.8109	58.9468	58.9764
10.8208	58.8636	58.9759
10.8308	59.0299	58.9758
10.8409	58.5308	58.9746
10.8508	59.1963	58.9739
10.8608	58.6972	58.9738
10.8708	59.0299	58.9731
10.8807	59.6123	58.9752
10.8908	59.1131	58.9776
10.9008	59.4459	58.9794
10.9108	59.1963	58.9815
10.9209	58.8636	58.9818
10.9308	59.0299	58.9816
10.9407	59.1963	58.9824
10.9508	59.3627	58.9842
10.9609	58.6972	58.9845
10.9708	59.2795	58.9846
10.9809	59.1963	58.9862
10.9910	59.1963	58.9875
11.0008	59.2795	58.9890
11.0107	59.2795	58.9908
11.0208	59.0299	58.9918
11.0308	59.0299	58.9921
11.0410	59.1963	58.9929
11.0509	59.4459	58.9949
11.0608	59.3627	58.9974
11.0710	59.2795	58.9994
11.0808	58.8636	58.9999
11.0908	59.6955	59.0017
11.1009	58.8636	59.0034
11.1086	58.3644	59.0011
11.1208	58.6140	58.9981
11.1308	59.0299	58.9971
11.1408	59.2795	58.9981
11.1508	58.9468	58.9988
11.1609	59.5291	59.0003
11.1709	58.5308	59.0006
11.1809	59.0299	58.9993
11.1910	58.9468	58.9993
11.2010	59.3627	59.0003
11.2109	59.0299	59.0015
11.2209	58.8636	59.0013
11.2310	59.1963	59.0015
11.2409	59.3627	59.0032
11.2509	58.6972	59.0035
11.2609	59.2795	59.0035
11.2709	59.3627	59.0054
11.2809	58.6972	59.0057
11.2909	58.6972	59.0039
11.3010	59.0299	59.0031
11.3110	58.9468	59.0031
11.3209	58.8636	59.0026
11.3310	59.1131	59.0026
11.3411	59.0299	59.0031
11.3509	59.1963	59.0039
11.3610	58.8636	59.0041
11.3712	59.1963	59.0043
11.3809	59.3627	59.0061
11.3909	59.3627	59.0083
11.4010	59.1131	59.0098
11.4109	58.5308	59.0087
11.4210	59.6955	59.0094
11.4311	59.3627	59.0126
11.4409	58.7804	59.0131
11.4510	58.8636	59.0121
11.4611	58.8636	59.0112
11.4709	58.8636	59.0104
11.4810	58.9468	59.0099
11.4910	58.7804	59.0091
11.5010	58.8636	59.0081
11.5109	58.3644	59.0058
11.5210	59.1963	59.0045
11.5313	58.7804	59.0045
11.5410	58.3644	59.0020
11.5510	58.7804	58.9995
11.5610	58.6972	58.9980
11.5710	58.6972	58.9963
11.5810	59.0299	58.9955
11.5911	58.9468	58.9955
11.6011	59.3627	58.9965
11.6110	59.1131	58.9981
11.6211	58.8636	58.9981
11.6311	59.3627	58.9988
11.6410	59.0299	59.0001
11.6511	58.8636	58.9998
11.6611	59.0299	58.9996
11.6710	59.3627	59.0008
11.6811	59.1131	59.0023
11.6911	59.2795	59.0035
11.7010	58.6972	59.0035
11.7110	58.7804	59.0020
11.7212	58.8636	59.0009
11.7310	59.3627	59.0017
11.7410	58.8636	59.0024
11.7510	58.7804	59.0014
11.7611	59.1131	59.0011
11.7710	59.0299	59.0016
11.7811	59.1131	59.0021
11.7911	59.1131	59.0028
11.8011	58.8636	59.0028
11.8111	59.3627	59.0036
11.8211	59.1131	59.0051
11.8311	58.6140	59.0043
11.8411	59.1131	59.0035
11.8510	59.1131	59.0042
11.8611	58.8636	59.0042
11.8712	59.1131	59.0042
11.8811	59.0299	59.0047
11.8912	58.8636	59.0044
11.9011	59.3627	59.0051
11.9112	58.8636	59.0058
11.9211	58.6972	59.0045
11.9301	58.9468	59.0035
11.9412	58.6140	59.0022
11.9511	58.7804	59.0005
11.9613	58.6972	58.9990
11.9712	59.2795	58.9989
11.9811	59.1963	59.0004
11.9911	58.5308	58.9997
12.0012	59.1963	58.9989
12.0111	59.4459	59.0009
12.0212	58.9468	59.0022
12.0312	58.9468	59.0019
12.0411	59.1131	59.0021
12.0511	58.5308	59.0011
12.0613	59.1963	59.0004
12.0712	59.1963	59.0016
12.0812	59.0299	59.0024
12.0912	58.6140	59.0014
12.1012	59.2795	59.0011
12.1111	59.2795	59.0028
12.1213	58.6140	59.0026
12.1312	59.1131	59.0018
12.1413	59.1963	59.0028
12.1512	58.9468	59.0033
12.1611	58.6140	59.0020
12.1712	59.1963	59.0015
12.1802	59.5291	59.0038
12.1912	58.9468	59.0053
12.2012	59.5291	59.0067
12.2113	58.8636	59.0079
12.2213	59.4459	59.0089
12.2305	59.4459	59.0116
12.2403	59.2795	59.0138
12.2513	58.7804	59.0140
12.2615	59.1131	59.0137
12.2713	58.7804	59.0134
12.2813	59.0299	59.0128
12.2903	59.3627	59.0140
12.3003	59.0299	59.0152
12.3114	58.6972	59.0144
12.3213	59.1963	59.0140
12.3313	58.6972	59.0137
12.3413	58.5308	59.0114
12.3504	58.9468	59.0098
12.3604	59.4459	59.0110
12.3704	59.3627	59.0135
12.3815	59.1963	59.0152
12.3914	59.1131	59.0161
12.4013	58.2812	59.0142
12.4115	58.9468	59.0119
12.4204	58.7804	59.0111
12.4304	59.4459	59.0118
12.4415	58.7804	59.0125
12.4513	59.5291	59.0134
12.4614	58.4476	59.0133
12.4715	58.4476	59.0100
12.4803	59.2795	59.0092
12.4904	58.8636	59.0097
12.5015	59.3627	59.0104
12.5113	58.9468	59.0113
12.5214	58.6140	59.0100
12.5315	59.6955	59.0109
12.5404	59.5291	59.0146
12.5504	58.8636	59.0158
12.5613	59.6123	59.0172
12.5713	59.4459	59.0204
12.5814	59.1131	59.0221
12.5913	59.1963	59.0230
12.6004	59.1131	59.0239
12.6104	59.2795	59.0250
12.6203	58.9468	59.0257
12.6314	59.7787	59.0278
12.6414	59.1131	59.0305
12.6513	59.0299	59.0309
12.6604	58.5308	59.0295
12.6704	58.6972	59.0271
12.6803	59.4459	59.0275
12.6914	59.2795	59.0296
12.7014	59.1131	59.0308
12.7113	59.1131	59.0314
12.7204	59.1963	59.0323
12.7304	58.8636	59.0324
12.7404	58.8636	59.0315
12.7515	59.0299	59.0311
12.7615	59.2795	59.0320
12.7716	58.8636	59.0324
12.7805	59.1131	59.0322
12.7906	59.1963	59.0331
12.8004	58.9468	59.0335
12.8104	59.1963	59.0338
12.8215	58.8636	59.0339
12.8314	58.9468	59.0333
12.8404	59.1963	59.0337
12.8504	59.0299	59.0343
12.8606	58.6972	59.0334
12.8704	59.1131	59.0327
12.8814	59.6955	59.0351
12.8914	59.1963	59.0377
12.9005	58.8636	59.0378
12.9104	59.5291	59.0389
12.9205	58.8636	59.0400
12.9305	59.1131	59.0398
12.9414	59.7787	59.0424
12.9516	59.1963	59.0452
12.9614	58.8636	59.0453
12.9706	59.2795	59.0456
12.9805	59.3627	59.0474
12.9905	58.8636	59.0480
13.0015	59.0299	59.0476
13.0115	58.9468	59.0474
13.0215	58.9468	59.0469
13.0305	58.7804	59.0460
13.0406	58.7804	59.0445
13.0505	59.1963	59.0443
13.0605	59.3627	59.0459
13.0715	59.1963	59.0475
13.0815	59.5291	59.0495
13.0905	59.2795	59.0518
13.1005	58.9468	59.0524
13.1105	58.8636	59.0517
13.1205	59.0299	59.0512
13.1315	59.2795	59.0520
13.1415	58.7804	59.0520
13.1505	59.3627	59.0523
13.1606	59.0299	59.0534
13.1706	59.1963	59.0539
13.1805	58.7804	59.0537
13.1916	59.1963	59.0534
13.2016	59.0299	59.0540
13.2105	59.6123	59.0557
13.2206	58.8636	59.0570
13.2307	59.5291	59.0580
13.2405	58.9468	59.0593
13.2506	58.9468	59.0588
13.2617	59.5291	59.0601
13.2706	59.0299	59.0616
13.2806	59.2795	59.0623
13.2906	59.2795	59.0638
13.3006	59.5291	59.0660
13.3107	58.7804	59.0668
13.3216	58.7804	59.0653
13.3306	59.1131	59.0647
13.3407	59.4459	59.0662
13.3506	59.1963	59.0679
13.3607	59.5291	59.0699
13.3707	59.0299	59.0714
13.3816	59.6955	59.0733
13.3907	58.8636	59.0748
13.4008	59.2795	59.0750
13.4106	58.9468	59.0754
13.4208	59.2795	59.0759
13.4308	58.7804	59.0758
13.4416	59.4459	59.0762
13.4507	59.3627	59.0784
13.4607	58.8636	59.0788
13.4707	58.7804	59.0775
13.4809	59.0299	59.0767
13.4907	59.1131	59.0769
13.5008	59.0299	59.0771
13.5108	59.0299	59.0770
13.5207	59.4459	59.0781
13.5310	59.6123	59.0811
13.5409	59.1963	59.0832
13.5507	59.2795	59.0844
13.5607	59.3627	59.0860
13.5717	58.6140	59.0857
13.5807	59.6123	59.0861
13.5907	59.4459	59.0890
13.6008	58.9468	59.0898
13.6107	59.0299	59.0895
13.6207	59.0299	59.0894
13.6319	59.1963	59.0897
13.6407	59.5291	59.0916
13.6507	58.4476	59.0912
13.6608	58.2812	59.0871
13.6708	59.0299	59.0848
13.6809	59.3627	59.0856
13.6909	58.8636	59.0860
13.7008	59.6123	59.0872
13.7108	58.8636	59.0883
13.7208	59.4459	59.0890
13.7307	58.9468	59.0898
13.7409	59.3627	59.0905
13.7508	59.3627	59.0923
13.7608	58.8636	59.0927
13.7709	58.9468	59.0918
13.7808	59.2795	59.0922
13.7908	59.1963	59.0933
13.8008	58.5308	59.0922
13.8108	59.3627	59.0915
13.8195	59.4459	59.0937
13.9055	58.6972	59.0938
13.9109	59.3627	59.0936
13.9208	59.1963	59.0950
13.9308	59.1963	59.0959
13.9408	58.8636	59.0957
13.9508	59.0299	59.0951
13.9608	59.4459	59.0962
13.9709	59.1963	59.0978
13.9808	58.9468	59.0979
13.9908	59.0299	59.0975
14.0008	59.0299	59.0974
14.0109	59.0299	59.0972
14.0208	59.1131	59.0973
14.0310	59.3627	59.0984
14.0409	59.5291	59.1007
14.0509	59.0299	59.1021
14.0609	58.7804	59.1011
14.0709	58.8636	59.0997
14.0809	58.8636	59.0986
14.0910	59.4459	59.0992
14.1010	59.6955	59.1023
14.1109	59.0299	59.1042
14.1209	59.1963	59.1046
14.1309	58.9468	59.1047
14.1410	59.0299	59.1044
14.1510	59.2795	59.1050
14.1609	59.5291	59.1072
14.1710	59.2795	59.1093
14.1810	58.8636	59.1095
14.1910	59.0299	59.1089
14.2010	59.4459	59.1101
14.2109	59.3627	59.1123
14.2209	58.6972	59.1123
14.2310	59.0299	59.1112
14.2410	59.3627	59.1121
14.2509	59.2795	59.1138
14.2610	59.2795	59.1153
14.2710	59.5291	59.1174
14.2810	59.0299	59.1188
14.2911	58.6140	59.1175
14.3010	59.1963	59.1166
14.3109	59.0299	59.1169
14.3210	59.3627	59.1178
14.3312	59.1963	59.1191
14.3409	59.5291	59.1210
14.3511	58.4476	59.1205
14.3611	59.1963	59.1191
14.3710	59.2795	59.1202
14.3810	58.5308	59.1192
14.3910	58.6972	59.1165
14.4013	58.8636	59.1149
14.4111	59.0299	59.1142
14.4211	59.1963	59.1145
14.4311	59.0299	59.1149
14.4411	59.0299	59.1147
14.4511	58.8636	59.1140
14.4611	59.5291	59.1148
14.4711	59.3627	59.1172
14.4811	59.2795	59.1187
14.4911	59.1963	59.1198
14.5010	59.4459	59.1213
14.5110	59.3627	59.1234
14.5211	59.0299	59.1241
14.5311	59.6955	59.1259
14.5412	58.8636	59.1272
14.5512	59.0299	59.1264
14.5611	59.1963	59.1267
14.5711	58.1980	59.1245
14.5812	58.6972	59.1207
14.5911	59.3627	59.1205
14.6011	59.3627	59.1223
14.6112	58.7804	59.1223
14.6212	58.8636	59.1209
14.6311	58.6972	59.1192
14.6411	59.0299	59.1180
14.6512	59.1963	59.1183
14.6610	59.3627	59.1196
14.6711	59.1963	59.1209
14.6810	59.3627	59.1222
14.6910	59.1131	59.1232
14.7011	59.1963	59.1238
14.7111	59.6955	59.1261
14.7212	58.9468	59.1276
14.7312	59.5291	59.1286
14.7411	58.8636	59.1294
14.7512	59.4459	59.1299
14.7612	59.2795	59.1317
14.7711	58.9468	59.1320
14.7812	59.1963	59.1321
14.7911	59.0299	59.1324
14.8011	59.1963	59.1327
14.8112	59.4459	59.1342
14.8202	59.1963	59.1358
14.8311	59.0299	59.1362
14.8412	59.6955	59.1380
14.8511	59.0299	59.1399
14.8611	58.7804	59.1390
14.8712	58.9468	59.1379
14.8802	59.0299	59.1375
14.8913	59.3627	59.1384
14.9013	59.5291	59.1409
14.9112	59.4459	59.1436
14.9215	58.8636	59.1443
14.9304	58.8636	59.1432
14.9403	59.3627	59.1437
14.9514	58.8636	59.1442
14.9613	59.1131	59.1440
14.9713	59.0299	59.1443
14.9813	59.0299	59.1444
14.9913	58.3644	59.1425
15.0002	59.4459	59.1419
15.0103	59.1963	59.1438
15.0213	59.6123	59.1462
15.0313	59.0299	59.1481
15.0414	59.3627	59.1494
15.0513	59.3627	59.1516
15.0602	59.2795	59.1536
15.0704	59.5291	59.1561
15.0812	58.8636	59.1574
15.0912	59.1963	59.1577
15.1013	58.6972	59.1575
15.1112	58.8636	59.1564
15.1203	59.3627	59.1573
15.1303	59.1963	59.1592
15.1413	59.3627	59.1612
15.1512	59.1963	59.1632
15.1613	58.8636	59.1637
15.1714	59.7787	59.1659
15.1804	59.3627	59.1697
15.1903	58.6972	59.1703
15.2014	59.3627	59.1709
15.2114	59.5291	59.1741
15.2216	59.1963	59.1767
15.2313	59.0299	59.1779
15.2414	58.6972	59.1776
15.2504	59.5291	59.1789
15.2603	59.5291	59.1827
15.2714	59.1131	59.1852
15.2812	59.0299	59.1863
15.2913	59.3627	59.1882
15.3013	58.5308	59.1886
15.3103	58.7804	59.1872
15.3203	59.0299	59.1875
15.3312	59.8619	59.1910
15.3413	58.9468	59.1943
15.3513	59.0299	59.1951
15.3613	58.8636	59.1957
15.3703	59.3627	59.1974
15.3803	58.3644	59.1976
15.3913	59.3627	59.1978
15.4013	58.3644	59.1981
15.4113	59.1963	59.1979
15.4213	59.1963	59.2003
15.4304	59.1963	59.2027
15.4404	58.8636	59.2042
15.4503	59.5291	59.2067
15.4614	59.5291	59.2112
15.4714	59.0299	59.2143
15.4814	59.5291	59.2174
15.4903	59.4459	59.2218
15.5008	59.2795	59.2255
15.5104	59.0299	59.2280
15.5214	59.3627	59.2307
15.5315	58.6972	59.2325
15.5414	59.8619	59.2359
15.5504	59.5291	59.2418
15.5604	59.3627	59.2462
15.5704	59.3627	59.2501
15.5814	59.2795	59.2539
15.5916	59.0299	59.2567
15.6015	58.9468	59.2585
15.6104	59.1963	59.2609
15.6205	58.9468	59.2633
15.6305	59.8619	59.2678
15.6415	59.2795	59.2733
15.6516	59.1963	59.2769
15.6615	59.5291	59.2812
15.6705	59.0299	59.2851
15.6805	58.9468	59.2872
15.6904	59.1963	59.2900
15.7004	58.6140	59.2917
15.7114	59.1963	59.2935
15.7214	59.2795	59.2974
15.7304	59.1963	59.3013
15.7405	59.2795	59.3052
15.7504	59.1963	59.3092
15.7604	59.1963	59.3130
15.7715	59.1963	59.3168
15.7814	59.3627	59.3212
15.7905	59.4459	59.3263
15.8005	59.6955	59.3325
15.8104	58.9468	59.3372
15.8205	59.8619	59.3424
15.8314	59.2795	59.3486
15.8414	58.7804	59.3517
15.8504	58.8636	59.3535
15.8605	59.4459	59.3574
15.8705	59.1963	59.3623
15.8806	59.6123	59.3677
15.8905	59.1963	59.3732
15.9015	59.1963	59.3774
15.9105	59.1963	59.3817
15.9205	59.3627	59.3865
15.9305	59.5291	59.3923
15.9405	59.4459	59.3985
15.9505	59.0299	59.4031
15.9615	59.4459	59.4078
15.9715	59.1963	59.4130
15.9805	59.2795	59.4177
15.9905	59.3627	59.4230
16.0005	59.6123	59.4292
16.0105	59.4459	59.4358
16.0216	59.1963	59.4411
16.0316	59.9451	59.4480
16.0405	59.2795	59.4551
16.0506	59.3627	59.4606
16.0605	59.1963	59.4657
16.0706	59.4459	59.4712
16.0806	59.5291	59.4777
16.0916	59.1131	59.4832
16.1006	59.2795	59.4880
16.1106	59.7787	59.4948
16.1207	59.4459	59.5021
16.1306	59.2795	59.5080
16.1406	59.4459	59.5138
16.1516	59.6123	59.5207
16.1607	59.7787	59.5287
16.1707	59.5291	59.5363
16.1806	59.3627	59.5428
16.1906	59.0299	59.5478
16.2006	59.0299	59.5518
16.2116	59.5291	59.5574
16.2206	59.1963	59.5634
16.2307	59.5291	59.5695
16.2406	59.3627	59.5761
16.2507	59.1131	59.5815
16.2607	59.7787	59.5882
16.2717	59.3627	59.5956
16.2806	60.1115	59.6041
16.2906	59.4459	59.6128
16.3006	59.5291	59.6198
16.3106	59.6123	59.6273
16.3206	59.2795	59.6340
16.3306	59.7787	59.6413
16.3407	59.5291	59.6493
16.3506	59.8619	59.6576
16.3607	59.8619	59.6670
16.3706	59.2795	59.6745
16.3807	59.1963	59.6801
16.3907	59.3627	59.6860
16.4007	59.3627	59.6923
16.4107	59.6123	59.6995
16.4207	60.0283	59.7086
16.4307	59.6123	59.7177
16.4407	59.6955	59.7259
16.4507	59.3627	59.7333
16.4607	59.5291	59.7401
16.4707	59.1963	59.7465
16.4807	59.6123	59.7532
16.4908	59.6123	59.7611
16.5007	59.7787	59.7694
16.5110	59.6955	59.7781
16.5208	59.6955	59.7864
16.5307	59.5291	59.7943
16.5410	59.6123	59.8019
16.5507	59.7787	59.8102
16.5607	59.6955	59.8187
16.5709	59.6955	59.8271
16.5808	59.6123	59.8351
16.5907	59.9451	59.8439
16.6008	60.5275	59.8554
16.6107	59.6955	59.8661
16.6208	59.3627	59.8733
16.6308	59.6955	59.8805
16.6408	59.4459	59.8879
16.6508	59.6123	59.8951
16.6608	60.1115	59.9043
16.6708	60.0283	59.9147
16.6809	60.1115	59.9250
16.6908	59.5291	59.9339
16.7008	60.3611	59.9434
16.7108	59.6123	59.9532
16.7208	60.3611	59.9630
16.7308	59.6955	59.9730
16.7408	60.0283	59.9819
16.7510	59.6955	59.9908
16.7608	59.8619	59.9992
16.7709	59.9451	60.0084
16.7810	59.9451	60.0177
16.7908	59.6955	60.0263
16.8009	60.0283	60.0350
16.8108	60.1947	60.0453
16.8211	60.1947	60.0560
16.8309	59.7787	60.0654
16.8409	60.0283	60.0743
16.8509	59.9451	60.0837
16.8610	60.1947	60.0935
16.8709	59.5291	60.1020
16.8810	60.1115	60.1103
16.8909	59.5291	60.1185
16.9010	59.6955	60.1254
16.9109	59.6955	60.1328
16.9210	59.8619	60.1407
16.9309	60.0283	60.1495
16.9410	59.8619	60.1583
16.9510	59.6955	60.1661
16.9609	60.3611	60.1753
16.9710	59.6955	60.1845
16.9811	60.7772	60.1948
16.9909	60.3611	60.2072
17.0010	59.5291	60.2157
17.0110	59.6955	60.2222
17.0209	60.1947	60.2306
17.0310	60.1947	60.2405
17.0410	60.1947	60.2503
17.0509	60.1947	60.2601
17.0610	60.1947	60.2699
17.0710	59.6123	60.2778
17.0810	59.8619	60.2847
17.0910	60.0283	60.2928
17.1010	59.5291	60.2998
17.1110	59.8619	60.3064
17.1211	59.8619	60.3138
17.1310	60.3611	60.3227
17.1410	60.2779	60.3329
17.1511	60.1947	60.3424
17.1609	59.5291	60.3497
17.1709	60.6940	60.3584
17.1810	60.2779	60.3693
17.1911	59.8619	60.3777
17.2011	60.1115	60.3855
17.2110	59.8619	60.3932
17.2211	59.8619	60.4002
17.2313	60.5275	60.4090
17.2409	60.0283	60.4184
17.2509	59.4459	60.4244
17.2610	60.0283	60.4304
17.2710	59.9451	60.4378
17.2810	59.4459	60.4434
17.2910	60.1947	60.4497
17.3010	59.4459	60.4560
17.3110	60.0283	60.4617
17.3210	60.1115	60.4694
17.3310	60.6107	60.4788
17.3411	60.2779	60.4886
17.3511	60.6940	60.4986
17.3610	60.2779	60.5085
17.3710	60.5275	60.5179
17.3811	60.0283	60.5265
17.3911	60.4443	60.5348
17.4010	60.1115	60.5432
17.4111	60.7772	60.5526
17.4211	60.5275	60.5632
17.4311	60.2779	60.5723
17.4411	60.3611	60.5808
17.4513	60.5275	60.5899
17.4610	59.6123	60.5968
17.4711	59.9451	60.6019
17.4811	60.3611	60.6091
17.4911	60.5275	60.6181
17.5010	60.5275	60.6275
17.5111	60.6107	60.6372
17.5210	60.7772	60.6475
17.5311	60.7772	60.6582
17.5410	60.6940	60.6687
17.5511	61.0268	60.6798
17.5611	60.3611	60.6899
17.5711	60.6940	60.6989
17.5810	60.6940	60.7088
17.5912	60.4443	60.7179
17.6012	60.3611	60.7260
17.6112	60.6107	60.7345
17.6211	60.7772	60.7443
17.6313	60.9436	60.7549
17.6403	60.6940	60.7653
17.6503	60.6940	60.7748
17.6612	60.3611	60.7833
17.6713	60.6107	60.7915
17.6812	60.7772	60.8009
17.6912	60.6107	60.8102
17.7003	60.1947	60.8177
17.7122	60.5275	60.8249
17.7212	60.6940	60.8336
17.7313	60.7772	60.8429
17.7412	61.4428	60.8545
17.7512	60.3611	60.8647
17.7612	60.8604	60.8731
17.7702	61.0268	60.8835
17.7812	61.2764	60.8951
17.7913	60.4443	60.9048
17.8013	60.2779	60.9115
17.8113	60.6940	60.9189
17.8213	60.6940	60.9275
17.8302	60.6107	60.9357
17.8404	60.6107	60.9437
17.8514	60.6940	60.9519
17.8613	61.1100	60.9615
17.8713	60.2779	60.9699
17.8813	60.5275	60.9764
17.8902	60.5275	60.9836
17.9003	60.6940	60.9912
17.9112	61.0268	61.0003
17.9212	61.0268	61.0104
17.9312	60.3611	61.0184
17.9413	61.0268	61.0263
17.9512	60.5275	61.0347
17.9602	60.6940	61.0420
17.9713	60.9436	61.0506
17.9812	60.7772	61.0593
17.9912	61.3596	61.0692
18.0012	60.6940	61.0789
18.0102	60.9436	61.0872
18.0202	61.3596	61.0975
18.0314	61.1932	61.1084
18.0413	61.3596	61.1193
18.0514	60.6940	61.1287
18.0613	60.2779	61.1347
18.0703	61.9421	61.1444
18.0803	61.1932	61.1569
18.0902	61.0268	61.1665
18.1013	61.6925	61.1775
18.1112	61.0268	61.1885
18.1212	60.8604	61.1970
18.1313	61.3596	61.2064
18.1403	61.0268	61.2162
18.1502	60.6940	61.2240
18.1614	61.1932	61.2322
18.1714	60.9436	61.2411
18.1813	61.3596	61.2505
18.1913	61.1100	61.2603
18.2003	61.0268	61.2690
18.2103	61.6925	61.2794
18.2213	61.0268	61.2898
18.2313	60.8604	61.2976
18.2413	60.8604	61.3048
18.2514	61.0268	61.3125
18.2605	60.5275	61.3192
18.2703	60.7772	61.3250
18.2803	61.1932	61.3328
18.2914	61.1932	61.3418
18.3014	61.1932	61.3508
18.3113	61.6925	61.3612
18.3203	61.5261	61.3725
18.3304	61.2764	61.3826
18.3403	61.6925	61.3930
18.3513	61.1932	61.4032
18.3614	61.6925	61.4133
18.3713	61.3596	61.4239
18.3803	61.1932	61.4329
18.3904	61.6093	61.4425
18.4004	60.8604	61.4512
18.4113	61.4428	61.4593
18.4213	61.1932	61.4683
18.4314	60.6107	61.4748
18.4409	61.1932	61.4812
18.4504	61.5261	61.4903
18.4603	61.1100	61.4991
18.4713	61.5261	61.5079
18.4814	62.1086	61.5196
18.4914	60.6940	61.5287
18.5004	61.2764	61.5353
18.5105	61.4428	61.5441
18.5203	61.0268	61.5521
18.5304	61.6925	61.5608
18.5414	61.0268	61.5694
18.5514	61.6925	61.5779
18.5606	61.1100	61.5867
18.5704	61.1932	61.5939
18.5804	61.6925	61.6028
18.5906	62.0254	61.6141
18.6015	61.3596	61.6244
18.6114	61.1100	61.6318
18.6205	61.9421	61.6410
18.6305	61.3596	61.6508
18.6404	61.5261	61.6594
18.6504	61.5261	61.6683
18.6614	61.7757	61.6780
18.6715	61.8589	61.6886
18.6805	61.4428	61.6982
18.6905	60.6940	61.7042
18.7004	61.4428	61.7101
18.7107	61.6093	61.7187
18.7205	61.9421	61.7288
18.7314	61.1932	61.7376
18.7406	61.6093	61.7453
18.7505	61.8589	61.7550
18.7605	62.0254	61.7659
18.7706	61.4428	61.7755
18.7806	62.1086	61.7852
18.7915	62.3582	61.7977
18.8005	62.2750	61.8106
18.8105	62.2750	61.8232
18.8205	62.1086	61.8352
18.8306	62.4414	61.8476
18.8405	61.6925	61.8587
18.8515	62.5247	61.8700
18.8615	61.7757	61.8815
18.8705	61.5261	61.8899
18.8805	61.4428	61.8972
18.8905	62.1086	61.9062
18.9006	61.8589	61.9165
18.9116	62.1086	61.9266
18.9215	62.1086	61.9374
18.9305	62.2750	61.9487
18.9405	61.9421	61.9594
18.9506	62.3582	61.9702
18.9606	62.4414	61.9825
18.9706	61.9421	61.9934
18.9817	61.5261	62.0016
18.9906	61.9421	62.0096
19.0006	61.3596	62.0171
19.0106	61.9421	62.0245
19.0210	62.4414	62.0351
19.0306	61.7757	62.0451
19.0416	62.2750	62.0545
19.0506	62.1918	62.0651
19.0606	62.4414	62.0761
19.0705	62.1086	62.0868
19.0807	62.4414	62.0974
19.0907	61.7757	62.1069
19.1016	62.6079	62.1168
19.1107	62.4414	62.1286
19.1206	61.9421	62.1383
19.1306	61.3596	62.1447
19.1407	62.9408	62.1541
19.1507	62.1086	62.1655
19.1606	62.1086	62.1744
19.1707	62.0254	62.1830
19.1807	62.5247	62.1927
19.1906	63.1072	62.2056
19.2007	62.3582	62.2179
19.2109	62.2750	62.2276
19.2213	62.7743	62.2384
19.2307	62.4414	62.2497
19.2409	62.5247	62.2601
19.2507	62.2750	62.2699
19.2608	62.4414	62.2793
19.2707	63.0240	62.2909
19.2807	62.3582	62.3022
19.2907	61.8589	62.3099
19.3007	62.1918	62.3170
19.3107	62.4414	62.3257
19.3207	62.4414	62.3351
19.3300	62.9408	62.3459
19.3407	62.1086	62.3556
19.3507	62.5247	62.3640
19.3607	62.3582	62.3730
19.3707	61.8589	62.3799
19.3807	62.2750	62.3865
19.3907	62.6911	62.3955
19.4007	62.4414	62.4049
19.4107	62.6911	62.4142
19.4208	62.7743	62.4244
19.4308	62.0254	62.4325
19.4408	62.5247	62.4398
19.4508	61.7757	62.4462
19.4608	62.0254	62.4510
19.4708	63.0240	62.4595
19.4808	62.9408	62.4707
19.4909	62.1918	62.4792
19.5008	62.8576	62.4874
19.5108	62.1918	62.4956
19.5209	62.7743	62.5033
19.5309	63.2737	62.5142
19.5409	62.6911	62.5248
19.5508	62.7743	62.5337
19.5609	62.7743	62.5428
19.5710	62.9408	62.5523
19.5809	62.3582	62.5604
19.5909	62.6911	62.5677
19.6009	62.7743	62.5761
19.6109	62.9408	62.5852
19.6209	62.5247	62.5934
19.6309	62.0254	62.5987
19.6409	63.1072	62.6057
19.6508	62.4414	62.6139
19.6609	62.9408	62.6214
19.6709	62.6911	62.6296
19.6808	63.0240	62.6379
19.6909	62.9408	62.6469
19.7009	62.6079	62.6545
19.7108	62.6079	62.6611
19.7209	62.6079	62.6675
19.7308	63.1072	62.6753
19.7408	62.9408	62.6840
19.7508	63.0240	62.6923
19.7609	62.9408	62.7006
19.7709	62.9408	62.7085
19.7808	62.4414	62.7147
19.7908	62.6911	62.7202
19.8009	62.2750	62.7250
19.8110	63.1072	62.7310
19.8209	62.6079	62.7378
19.8310	63.1072	62.7446
19.8409	62.7743	62.7518
19.8509	63.1905	62.7591
19.8609	63.2737	62.7679
19.8710	63.1072	62.7763
19.8809	62.8576	62.7833
19.8912	62.9408	62.7897
19.9010	63.2737	62.7973
19.9109	63.1072	62.8053
19.9210	62.7743	62.8117
19.9310	63.2737	62.8185
19.9409	62.9408	62.8257
19.9512	63.1072	62.8323
19.9609	63.1072	62.8393
19.9709	62.7743	62.8453
19.9810	63.1072	62.8511
19.9909	63.1905	62.8581
20.0009	62.9408	62.8645
20.0110	63.6066	62.8721
20.0209	62.9408	62.8796
20.0309	62.9408	62.8850
20.0410	62.9408	62.8903
20.0510	63.1072	62.8960
20.0610	63.1072	62.9021
20.0710	62.6911	62.9069
20.0811	63.0240	62.9114
20.0910	63.0240	62.9167
20.1010	63.2737	62.9228
20.1111	62.6911	62.9277
20.1210	62.9408	62.9316
20.1312	63.4401	62.9377
20.1411	63.1072	62.9441
20.1510	63.1072	62.9495
20.1612	62.9408	62.9543
20.1711	62.9408	62.9585
20.1811	62.5247	62.9614
20.1910	63.1072	62.9647
20.2010	63.2737	62.9702
20.2110	63.0240	62.9753
20.2210	63.6066	62.9814
20.2311	63.3569	62.9884
20.2411	62.8576	62.9930
20.2511	62.7743	62.9958
20.2610	62.6911	62.9981
20.2711	63.1905	63.0015
20.2810	63.1905	63.0063
20.2911	63.1905	63.0111
20.3011	63.0240	63.0153
20.3111	63.1905	63.0194
20.3211	63.1072	63.0237
20.3311	62.9408	63.0272
20.3413	62.6079	63.0290
20.3502	63.1905	63.0316
20.3612	62.9408	63.0351
20.3712	63.0240	63.0381
20.3811	63.4401	63.0424
20.3915	63.0240	63.0467
20.4011	62.6911	63.0487
20.4102	62.9408	63.0504
20.4212	63.1905	63.0535
20.4312	63.1905	63.0572
20.4413	63.6898	63.0624
20.4512	62.7743	63.0663
20.4612	63.3569	63.0692
20.4702	63.4401	63.0739
20.4803	63.4401	63.0788
20.4911	63.6066	63.0842
20.5012	63.1072	63.0885
20.5112	63.4401	63.0922
20.5212	62.7743	63.0948
20.5302	62.9408	63.0959
20.5402	63.6066	63.0995
20.5511	63.1072	63.1034
20.5612	62.9408	63.1053
20.5712	62.6911	63.1059
20.5811	63.1072	63.1070
20.5903	63.3569	63.1099
20.6003	63.0240	63.1126
20.6111	63.2737	63.1150
20.6214	63.5234	63.1188
20.6312	63.4401	63.1231
20.6411	63.4401	63.1270
20.6512	63.4401	63.1309
20.6602	63.6898	63.1355
20.6712	63.2737	63.1395
20.6812	62.8576	63.1410
20.6912	62.9408	63.1414
20.7013	63.1072	63.1425
20.7111	63.1072	63.1441
20.7202	63.4401	63.1467
20.7302	64.1892	63.1524
20.7412	63.0240	63.1568
20.7512	63.4401	63.1589
20.7613	63.1905	63.1615
20.7713	63.3569	63.1638
20.7802	63.4401	63.1668
20.7903	63.0240	63.1687
20.8012	62.9408	63.1691
20.8112	63.4401	63.1707
20.8212	63.4401	63.1738
20.8312	63.4401	63.1768
20.8404	63.2737	63.1792
20.8503	63.6066	63.1822
20.8612	63.1072	63.1846
20.8712	63.5234	63.1866
20.8813	63.7731	63.1907
20.8912	63.1072	63.1934
20.9002	63.2737	63.1947
20.9103	63.6066	63.1973
20.9202	63.4401	63.2005
20.9313	63.1072	63.2021
20.9413	63.2737	63.2031
20.9512	62.8576	63.2034
20.9605	62.9408	63.2026
20.9704	63.1072	63.2026
20.9802	63.6066	63.2045
20.9914	63.4401	63.2074
21.0014	63.2737	63.2093
21.0112	63.3569	63.2109
21.0204	63.6066	63.2134
21.0304	63.6066	63.2167
21.0404	63.7731	63.2204
21.0517	63.8563	63.2248
21.0614	63.2737	63.2277
21.0713	63.1072	63.2283
21.0805	63.2737	63.2289
21.0904	62.7743	63.2284
21.1004	63.3569	63.2282
21.1114	63.4401	63.2300
21.1214	63.1072	63.2310
21.1314	63.7731	63.2330
21.1404	63.7731	63.2369
21.1503	63.6066	63.2403
21.1604	63.6066	63.2431
21.1704	63.2737	63.2450
21.1814	62.9408	63.2448
21.1913	63.0240	63.2438
21.2014	63.4401	63.2443
21.2104	63.3569	63.2458
21.2203	63.2737	63.2468
21.2304	62.9408	63.2465
21.2414	63.2737	63.2462
21.2514	63.1072	63.2464
21.2614	63.2737	63.2465
21.2704	63.5234	63.2479
21.2804	63.3569	63.2495
21.2903	64.1060	63.2529
21.3014	63.4401	63.2564
21.3115	63.1072	63.2570
21.3204	62.6079	63.2550
21.3310	63.4401	63.2540
21.3404	63.6066	63.2560
21.3504	63.4401	63.2580
21.3604	63.4401	63.2595
21.3714	63.4401	63.2609
21.3814	63.5234	63.2626
21.3906	63.6898	63.2650
21.4004	63.6066	63.2677
21.4104	63.1072	63.2686
21.4205	63.4401	63.2689
21.4314	63.9395	63.2718
21.4415	63.6066	63.2751
21.4505	63.2737	63.2764
21.4605	63.7731	63.2782
21.4706	63.8563	63.2818
21.4806	63.4401	63.2843
21.4916	63.1072	63.2845
21.5015	63.1905	63.2840
21.5106	63.2737	63.2840
21.5205	62.9408	63.2832
21.5304	63.6066	63.2835
21.5405	63.6066	63.2857
21.5515	63.1072	63.2864
21.5615	63.3569	63.2864
21.5705	63.4401	63.2873
21.5805	63.5234	63.2888
21.5905	63.9395	63.2918
21.6006	63.7731	63.2954
21.6106	62.9408	63.2961
21.6215	62.9408	63.2943
21.6305	62.8576	63.2922
21.6405	63.4401	63.2917
21.6505	63.2737	63.2924
21.6606	63.7731	63.2940
21.6706	63.6066	63.2967
21.6815	63.6066	63.2989
21.6907	63.4401	63.3006
21.7005	62.9408	63.3002
21.7106	63.6898	63.3006
21.7205	63.6898	63.3033
21.7305	63.0240	63.3040
21.7416	63.6898	63.3046
21.7515	63.6066	63.3070
21.7605	63.6066	63.3091
21.7707	63.7731	63.3117
21.7806	63.3569	63.3136
21.7906	63.6066	63.3150
21.8007	63.4401	63.3166
21.8116	63.4401	63.3176
21.8205	63.2737	63.3182
21.8307	63.7731	63.3198
21.8407	63.4401	63.3219
21.8506	63.5234	63.3232
21.8606	62.6911	63.3222
21.8716	63.4401	63.3210
21.8808	63.2737	63.3216
21.8906	63.3569	63.3219
21.9006	62.9408	63.3211
21.9110	63.5234	63.3209
21.9206	63.4401	63.3222
21.9316	63.5234	63.3235
21.9406	62.9408	63.3233
21.9506	63.2737	63.3223
21.9607	63.4401	63.3228
21.9711	63.9395	63.3253
21.9807	63.6066	63.3283
21.9916	63.2737	63.3293
22.0008	63.5234	63.3300
22.0107	63.1905	63.3305
22.0207	63.7731	63.3317
22.0308	63.6066	63.3342
22.0407	63.6066	63.3362
22.0507	63.2737	63.3371
22.0607	63.7731	63.3386
22.0707	63.1905	63.3397
22.0806	63.2737	63.3394
22.0908	63.3569	63.3396
22.1007	63.3569	63.3400
22.1107	63.4401	63.3407
22.1209	63.6898	63.3423
22.1307	63.7731	63.3450
22.1407	63.2737	63.3464
22.1509	63.6066	63.3473
22.1607	63.6066	63.3492
22.1709	63.4401	63.3505
22.1809	63.3569	63.3512
22.1907	63.2737	63.3513
22.2008	62.9408	63.3501
22.2108	63.2737	63.3490
22.2207	63.4401	63.3493
22.2307	62.7743	63.3482
22.2409	63.4401	63.3470
22.2507	63.7731	63.3489
22.2608	63.2737	63.3502
22.2709	63.6898	63.3513
22.2807	63.5234	63.3532
22.2908	63.1905	63.3535
22.3008	63.4401	63.3536
22.3107	63.7731	63.3554
22.3208	63.1072	63.3562
22.3308	63.8563	63.3573
22.3407	63.4401	63.3593
22.3508	63.5234	63.3604
22.3608	63.9395	63.3629
22.3708	63.4401	63.3652
22.3808	63.0240	63.3647
22.3908	63.5234	63.3645
22.4008	63.2737	63.3650
22.4108	63.3569	63.3650
22.4208	63.4401	63.3655
22.4308	63.6066	63.3668
22.4408	63.4401	63.3680
22.4508	63.2737	63.3683
22.4608	63.5234	63.3688
22.4708	62.9408	63.3683
22.4807	63.6066	63.3680
22.4908	63.4401	63.3693
22.5008	63.6066	63.3705
22.5108	63.6066	63.3722
22.5210	63.6898	63.3742
22.5309	63.5234	63.3759
22.5408	63.4401	63.3769
22.5509	63.1072	63.3766
22.5600	63.2737	63.3758
22.5708	63.3569	63.3758
22.5809	63.8563	63.3775
22.5909	63.5234	63.3797
22.6008	63.4401	63.3806
22.6109	63.1072	63.3803
22.6208	63.7731	63.3810
22.6308	64.1060	63.3847
22.6409	63.6066	63.3878
22.6509	63.6066	63.3895
22.6609	63.7731	63.3917
22.6709	63.4401	63.3933
22.6809	63.6066	63.3944
22.6909	63.6066	63.3961
22.7009	63.1072	63.3962
22.7109	63.6066	63.3963
22.7209	63.6898	63.3982
22.7309	63.6066	63.4000
22.7409	63.4401	63.4011
22.7509	63.6066	63.4022
22.7610	63.8563	63.4046
22.7710	63.7731	63.4074
22.7810	63.5234	63.4092
22.7910	63.7731	63.4110
22.8010	63.3569	63.4123
22.8110	63.4401	63.4126
22.8211	63.3569	63.4129
22.8309	63.1072	63.4122
22.8410	63.6066	63.4123
22.8509	63.2737	63.4128
22.8609	63.3569	63.4126
22.8710	63.1905	63.4121
22.8810	63.6898	63.4127
22.8909	63.5234	63.4142
22.9010	63.5234	63.4153
22.9109	63.6066	63.4165
22.9209	63.1905	63.4168
22.9310	63.4401	63.4166
22.9411	63.6066	63.4176
22.9510	63.3569	63.4184
22.9610	63.1905	63.4179
22.9709	63.8563	63.4189
22.9810	64.0228	63.4224
22.9910	63.0240	63.4234
23.0010	63.6898	63.4234
23.0110	63.9395	63.4261
23.0210	63.4401	63.4281
23.0310	63.6898	63.4293
23.0409	63.7731	63.4316
23.0512	63.5234	63.4333
23.0610	63.5234	63.4342
23.0710	63.7731	63.4359
23.0811	63.5234	63.4376
23.0911	63.4401	63.4383
23.1011	63.1905	63.4379
23.1101	63.5234	63.4379
23.1201	63.6898	63.4393
23.1311	63.2737	63.4399
23.1411	63.7731	63.4409
23.1511	63.2737	63.4418
23.1612	63.5234	63.4419
23.1712	63.3569	63.4423
23.1801	63.6898	63.4432
23.1912	63.6066	63.4449
23.2012	63.9395	63.4472
23.2112	63.1072	63.4481
23.2214	63.3569	63.4472
23.2311	63.2737	63.4469
23.2402	63.4401	63.4467
23.2512	63.4401	63.4471
23.2611	63.3569	63.4472
23.2712	63.1905	63.4466
23.2811	63.6898	63.4469
23.2911	63.7731	63.4491
23.3002	63.5234	63.4507
23.3112	63.1905	63.4505
23.3212	63.1905	63.4494
23.3312	63.3569	63.4487
23.3411	63.6066	63.4493
23.3511	62.9408	63.4487
23.3611	63.0240	63.4463
23.3701	62.7743	63.4434
23.3811	63.3569	63.4415
23.3912	63.4401	63.4417
23.4012	63.9395	63.4435
23.4111	63.6066	63.4459
23.4212	63.6898	63.4475
23.4302	63.7731	63.4496
23.4412	63.6066	63.4515
23.4513	63.0240	63.4511
23.4614	63.2737	63.4497
23.4711	63.9395	63.4510
23.4811	63.2737	63.4524
23.4901	63.2737	63.4517
23.5011	63.7731	63.4525
23.5113	62.9408	63.4524
23.5212	63.6898	63.4520
23.5311	64.0228	63.4548
23.5412	63.4401	63.4568
23.5501	63.1072	63.4562
23.5602	63.4401	63.4555
23.5713	63.1072	63.4548
23.5812	62.7743	63.4521
23.5912	63.6066	63.4509
23.6012	63.3569	63.4515
23.6103	63.1905	63.4508
23.6203	63.2737	63.4499
23.6312	63.6898	63.4505
23.6412	63.7731	63.4526
23.6512	63.8563	63.4552
23.6612	63.1072	63.4557
23.6702	63.3569	63.4548
23.6803	63.5234	63.4551
23.6913	63.0240	63.4544
23.7012	63.6898	63.4542
23.7112	63.1905	63.4545
23.7212	63.2737	63.4536
23.7299	62.8576	63.4516
23.7403	63.7731	63.4512
23.7512	63.4401	63.4525
23.7612	63.6066	63.4534
23.7712	63.3569	63.4539
23.7812	63.4401	63.4540
23.7902	63.2737	63.4538
23.8003	63.6066	63.4541
23.8103	63.0240	63.4536
23.8212	63.4401	63.4527
23.8313	63.8563	63.4543
23.8412	63.2737	63.4553
23.8504	63.3569	63.4549
23.8603	63.5234	63.4552
23.8702	63.3569	63.4555
23.8813	63.2737	63.4550
23.8912	62.9408	63.4533
23.9013	63.6066	63.4526
23.9104	63.4401	63.4534
23.9204	63.1072	63.4528
23.9303	63.4401	63.4521
23.9413	63.6066	63.4529
23.9513	63.5234	63.4539
23.9613	63.0240	63.4532
23.9704	63.5234	63.4525
23.9804	63.9395	63.4546
23.9903	63.3569	63.4561
24.0004	63.4401	63.4562
24.0114	63.6066	63.4570
24.0213	63.0240	63.4565
24.0305	63.2737	63.4550
24.0405	63.6066	63.4553
24.0504	63.4401	63.4561
24.0605	63.6898	63.4572
24.0715	63.1905	63.4574
24.0814	63.8563	63.4582
24.0905	63.7731	63.4607
24.1005	63.7731	63.4630
24.1105	63.4401	63.4643
24.1205	63.3569	63.4643
24.1314	63.1072	63.4633
24.1415	63.2737	63.4620
24.1504	63.3569	63.4615
24.1604	63.7731	63.4625
24.1704	63.5234	63.4640
24.1806	64.1060	63.4665
24.1915	63.6898	63.4695
24.2015	64.0228	63.4722
24.2105	63.1072	63.4732
24.2204	63.6898	63.4732
24.2306	63.4401	63.4741
24.2404	62.9408	63.4728
24.2505	63.4401	63.4715
24.2615	63.2737	63.4712
24.2715	63.1905	63.4702
24.2805	63.6066	63.4702
24.2905	63.4401	63.4709
24.3005	63.6066	63.4716
24.3104	63.3569	63.4721
24.3216	63.8563	63.4733
24.3314	63.4401	63.4747
24.3405	63.6898	63.4756
24.3505	63.1905	63.4758
24.3604	63.1072	63.4743
24.3705	63.6898	63.4742
24.3816	63.3569	63.4749
24.3914	63.9395	63.4763
24.4005	63.7731	63.4790
24.4105	63.7731	63.4812
24.4204	63.7731	63.4833
24.4306	63.6898	63.4852
24.4405	63.2737	63.4856
24.4515	64.0228	63.4870
24.4606	63.4401	63.4889
24.4705	63.8563	63.4903
24.4805	62.6911	63.4894
24.4906	63.7731	63.4883
24.5005	63.1072	63.4884
24.5115	63.6066	63.4880
24.5205	64.1060	63.4907
24.5306	63.2737	63.4923
24.5405	63.4401	63.4919
24.5506	63.0240	63.4908
24.5606	63.7731	63.4907
24.5715	63.0240	63.4905
24.5806	63.6066	63.4899
24.5905	63.3569	63.4903
24.6006	63.7731	63.4911
24.6106	63.2737	63.4917
24.6206	63.6066	63.4919
24.6315	63.2737	63.4920
24.6406	63.6066	63.4921
24.6506	63.4401	63.4927
24.6606	63.9395	63.4943
24.6706	62.7743	63.4939
24.6805	63.1072	63.4910
24.6907	63.6066	63.4906
24.7006	64.1060	63.4932
24.7106	63.1072	63.4943
24.7206	63.2737	63.4929
24.7307	62.9408	63.4910
24.7406	63.6066	63.4901
24.7507	63.1905	63.4899
24.7607	63.5234	63.4895
24.7706	63.4401	63.4899
24.7806	63.2737	63.4895
24.7906	63.5234	63.4893
24.8006	62.6079	63.4872
24.8106	63.3569	63.4845
24.8206	63.1905	63.4837
24.8306	63.6066	63.4835
24.8406	63.5234	63.4844
24.8519	63.6066	63.4853
24.8606	63.6898	63.4866
24.8706	63.9395	63.4890
24.8806	63.2737	63.4901
24.8907	62.7743	63.4877
24.9006	63.1072	63.4848
24.9107	63.4401	63.4839
24.9207	63.2737	63.4835
24.9307	63.5234	63.4833
24.9407	63.4401	63.4837
24.9507	63.1072	63.4828
24.9607	63.6898	63.4827
24.9706	62.9408	63.4820
24.9808	63.3569	63.4804
24.9907	63.3569	63.4800
25.0007	63.1072	63.4789
25.0107	63.1905	63.4773
25.0207	64.1892	63.4789
25.0307	63.2737	63.4808
25.0407	63.2737	63.4799
25.0507	63.9395	63.4810
25.0607	63.2737	63.4821
25.0707	62.8576	63.4800
25.0807	63.2737	63.4778
25.0907	63.4401	63.4775
25.1008	63.6066	63.4781
25.1107	62.9408	63.4772
25.1207	63.1905	63.4751
25.1307	63.7731	63.4755
25.1408	63.5234	63.4768
25.1507	63.1072	63.4762
25.1608	63.8563	63.4766
25.1707	63.6898	63.4787
25.1808	63.6066	63.4800
25.1908	63.4401	63.4807
25.2008	63.7731	63.4817
25.2107	63.3569	63.4826
25.2209	63.1072	63.4814
25.2308	63.6898	63.4813
25.2409	63.6898	63.4829
25.2509	64.1060	63.4857
25.2608	63.1072	63.4868
25.2708	63.2737	63.4854
25.2809	63.7731	63.4860
25.2908	63.6898	63.4878
25.3009	62.9408	63.4871
25.3109	63.7731	63.4867
25.3208	63.5234	63.4880
25.3308	63.6066	63.4888
25.3411	63.4401	63.4894
25.3509	63.6066	63.4900
25.3609	63.7731	63.4915
25.3708	62.9408	63.4911
25.3808	63.5234	63.4899
25.3908	62.8576	63.4884
25.4008	63.4401	63.4868
25.4108	63.2737	63.4863
25.4208	63.1072	63.4849
25.4308	63.6066	63.4845
25.4408	63.7731	63.4861
25.4508	63.6066	63.4876
25.4609	63.6898	63.4890
25.4709	63.4401	63.4898
25.4809	63.6066	63.4903
25.4909	63.6898	63.4916
25.5009	63.3569	63.4922
25.5109	63.3569	63.4917
25.5209	63.6898	63.4923
25.5309	63.4401	63.4931
25.5409	63.8563	63.4944
25.5509	63.1072	63.4947
25.5608	63.4401	63.4937
25.5709	63.4401	63.4938
25.5809	63.5234	63.4941
25.5909	62.6079	63.4918
25.6009	62.9408	63.4879
25.6109	64.1060	63.4884
25.6209	63.7731	63.4915
25.6310	63.1072	63.4915
25.6409	63.3569	63.4903
25.6509	63.3569	63.4899
25.6609	63.4401	63.4897
25.6709	63.5234	63.4900
25.6810	63.1072	63.4893
25.6910	63.6898	63.4891
25.7009	63.5234	63.4901
25.7110	63.6898	63.4912
25.7210	63.1072	63.4910
25.7310	63.0240	63.4887
25.7410	63.6898	63.4883
25.7511	63.2737	63.4886
25.7601	63.6066	63.4886
25.7712	62.7743	63.4872
25.7811	63.2737	63.4847
25.7911	63.8563	63.4855
25.8011	63.5234	63.4871
25.8111	63.4401	63.4874
25.8202	63.7731	63.4884
25.8312	63.4401	63.4895
25.8411	63.3569	63.4893
25.8512	63.2737	63.4886
25.8611	63.5234	63.4884
25.8711	63.9395	63.4902
25.8803	62.9408	63.4902
25.8912	63.7731	63.4897
25.9011	63.4401	63.4908
25.9112	63.9395	63.4923
25.9211	63.2737	63.4934
25.9313	63.2737	63.4924
25.9411	63.4401	63.4919
25.9511	63.7731	63.4930
25.9615	63.6066	63.4945
25.9711	63.2737	63.4945
25.9810	63.6066	63.4945
25.9910	63.5234	63.4953
26.0010	63.1072	63.4945
26.0102	63.8563	63.4948
26.0211	63.6066	63.4966
26.0311	63.4401	63.4971
26.0410	63.7731	63.4981
26.0511	63.6066	63.4996
26.0610	63.7731	63.5011
26.0701	63.2737	63.5016
26.0811	63.4401	63.5011
26.0931	63.6066	63.5016
26.1011	63.8563	63.5033
26.1111	63.4401	63.5045
26.1210	63.2737	63.5040
26.1301	64.2725	63.5059
26.1411	63.5234	63.5086
26.1511	63.1072	63.5078
26.1611	63.2737	63.5063
26.1712	62.6079	63.5033
26.1811	63.7731	63.5017
26.1901	63.6898	63.5035
26.2001	63.6898	63.5049
26.2111	63.4401	63.5057
26.2211	64.0228	63.5074
26.2311	63.2737	63.5086
26.2411	63.3569	63.5078
26.2501	63.5234	63.5077
26.2602	62.7743	63.5060
26.2711	63.6066	63.5044
26.2812	63.6898	63.5056
26.2912	63.1072	63.5053
26.3012	63.2737	63.5038
26.3103	64.0228	63.5050
26.3202	63.6066	63.5072
26.3311	62.8576	63.5059
26.3412	63.1072	63.5032
26.3512	63.6066	63.5026
26.3612	63.1072	63.5021
26.3702	63.2737	63.5006
26.3802	63.1072	63.4990
26.3912	62.6079	63.4955
26.4012	63.4401	63.4930
26.4111	63.2737	63.4925
26.4212	63.3569	63.4918
26.4302	63.7731	63.4925
26.4402	63.6066	63.4941
26.4502	63.6898	63.4953
26.4612	63.6066	63.4965
26.4712	63.1905	63.4963
26.4811	63.6898	63.4963
26.4902	63.2737	63.4965
26.5002	63.4401	63.4960
26.5103	63.6898	63.4967
26.5212	63.6066	63.4980
26.5312	63.2737	63.4980
26.5412	63.6898	63.4982
26.5504	63.6066	63.4994
26.5603	63.6066	63.5004
26.5704	63.6066	63.5013
26.5812	63.2737	63.5013
26.5912	63.5234	63.5010
26.6013	63.4401	63.5012
26.6103	63.1905	63.5004
26.6204	63.1072	63.4986
26.6304	63.6066	63.4981
26.6402	63.4401	63.4986
26.6514	63.2737	63.4980
26.6614	63.4401	63.4975
26.6714	63.9395	63.4990
26.6803	63.0240	63.4992
26.6904	63.6066	63.4984
26.7002	63.6066	63.4994
26.7119	63.5234	63.5001
26.7213	63.4401	63.5003
26.7312	63.7731	63.5012
26.7404	63.3569	63.5019
26.7505	63.1905	63.5009
26.7603	63.3569	63.4998
26.7714	62.8576	63.4978
26.7813	63.4401	63.4960
26.7913	63.3569	63.4957
26.8003	64.1060	63.4975
26.8103	63.0240	63.4982
26.8203	63.2737	63.4964
26.8313	63.6898	63.4966
26.8413	63.4401	63.4973
26.8514	63.9395	63.4988
26.8603	63.3569	63.5000
26.8703	63.4401	63.4997
26.8803	63.5234	63.4999
26.8904	63.6898	63.5009
26.9013	63.7731	63.5025
26.9113	63.3569	63.5032
26.9204	64.1892	63.5052
26.9305	63.8563	63.5086
26.9404	63.4401	63.5098
26.9504	63.5234	63.5099
26.9613	63.8563	63.5113
26.9714	64.2725	63.5150
26.9804	63.2737	63.5169
26.9903	64.2725	63.5187
27.0004	62.9408	63.5196
27.0104	63.7731	63.5190
27.0214	63.4401	63.5198
27.0315	63.5234	63.5199
27.0404	63.3569	63.5198
27.0504	63.6898	63.5202
27.0604	63.9395	63.5223
27.0692	63.6898	63.5244
27.0804	63.6066	63.5255
27.0915	63.3569	63.5256
27.1005	63.1072	63.5241
27.1104	63.8563	63.5242
27.1205	63.5234	63.5256
27.1304	63.6066	63.5262
27.1405	63.2737	63.5260
27.1515	63.5234	63.5256
27.1605	63.6066	63.5262
27.1706	64.0228	63.5282
27.1805	63.4401	63.5298
27.1905	63.7731	63.5306
27.2005	63.1072	63.5304
27.2116	63.7731	63.5302
27.2215	63.3569	63.5308
27.2307	63.6066	63.5309
27.2406	63.4401	63.5312
27.2506	63.6898	63.5317
27.2607	63.6898	63.5330
27.2716	63.2737	63.5331
27.2816	64.1892	63.5346
27.2906	63.6066	63.5372
27.3006	63.8563	63.5387
27.3106	63.6066	63.5402
27.3207	63.7731	63.5415
27.3305	63.5234	63.5425
27.3416	63.8563	63.5438
27.3506	62.6079	63.5423
27.3606	62.9408	63.5381
27.3706	63.7731	63.5373
27.3806	63.7731	63.5391
27.3906	63.1072	63.5389
27.4016	63.5234	63.5379
27.4106	63.6066	63.5384
27.4205	63.6066	63.5392
27.4307	63.2737	63.5389
27.4407	63.9395	63.5397
27.4506	63.6898	63.5417
27.4616	64.0228	63.5440
27.4708	64.0228	63.5472
27.4806	63.9395	63.5502
27.4907	63.3569	63.5511
27.5006	63.5234	63.5508
27.5106	63.0240	63.5496
27.5207	63.6898	63.5488
27.5307	63.4401	63.5492
27.5406	63.2737	63.5485
27.5506	62.9408	63.5462
27.5606	63.2737	63.5439
27.5710	62.9408	63.5416
27.5805	63.6898	63.5406
27.5917	63.4401	63.5411
27.5991	63.1905	63.5401
27.6112	63.2737	63.5386
27.6218	63.4401	63.5379
27.6519	63.2737	63.5371
27.6606	63.2737	63.5359
27.6706	63.4401	63.5351
27.6807	63.7731	63.5359
27.6906	63.8563	63.5379
27.7007	63.1905	63.5382
27.7106	63.1072	63.5362
27.7207	62.9408	63.5334
27.7307	63.7731	63.5327
27.7407	63.4401	63.5335
27.7507	63.1905	63.5325
27.7607	63.3569	63.5313
27.7707	63.7731	63.5318
27.7807	63.2737	63.5321
27.7907	63.6898	63.5321
27.8007	63.9395	63.5341
27.8108	63.2737	63.5349
27.8207	63.2737	63.5336
27.8308	62.9408	63.5314
27.8407	63.7731	63.5307
27.8508	63.7731	63.5324
27.8608	63.1072	63.5322
27.8708	63.5234	63.5312
27.8808	63.2737	63.5308
27.8907	63.6066	63.5305
27.9007	63.2737	63.5303
27.9107	62.9408	63.5281
27.9207	63.1072	63.5254
27.9308	63.3569	63.5239
27.9410	63.3569	63.5232
27.9509	63.7731	63.5238
27.9608	63.1072	63.5236
27.9707	62.6079	63.5199
27.9808	63.6066	63.5177
27.9907	63.6066	63.5185
28.0007	63.0240	63.5175
28.0109	63.5234	63.5164
28.0208	63.5234	63.5167
28.0307	62.8576	63.5150
28.0408	63.4401	63.5131
28.0508	63.3569	63.5127
28.0607	63.1072	63.5113
28.0708	63.9395	63.5116
28.0808	63.6066	63.5135
28.0908	63.7731	63.5148
28.1008	63.6898	63.5164
28.1105	63.6066	63.5175
28.1208	63.4401	63.5178
28.1308	63.3569	63.5174
28.1403	62.9408	63.5154
28.1508	63.2737	63.5133
28.1609	63.4401	63.5126
28.1709	63.2737	63.5119
28.1809	63.3569	63.5110
28.1909	63.6898	63.5113
28.2008	63.3569	63.5117
28.2109	63.2737	63.5108
28.2209	63.2737	63.5096
28.2309	62.8576	63.5072
28.2409	63.1072	63.5043
28.2508	62.9408	63.5017
28.2608	63.2737	63.4995
28.2708	63.6898	63.4997
28.2808	63.9395	63.5018
28.2909	63.3569	63.5029
28.3009	63.9395	63.5040
28.3109	63.1072	63.5044
28.3209	63.4401	63.5033
28.3309	62.8576	63.5014
28.3408	62.6079	63.4970
28.3509	63.9395	63.4959
28.3609	63.6066	63.4978
28.3709	63.6066	63.4986
28.3809	63.4401	63.4990
28.3909	63.7731	63.4999
28.4009	63.1072	63.4998
28.4109	62.6911	63.4964
28.4214	63.6066	63.4946
28.4310	63.3569	63.4947
28.4410	63.2737	63.4939
28.4509	63.1072	63.4923
28.4609	63.1072	63.4902
28.4709	63.8563	63.4903
28.4811	63.6898	63.4923
28.4910	62.9408	63.4914
28.5010	63.6898	63.4906
28.5111	63.6066	63.4918
28.5200	63.1072	63.4912
28.5313	63.6066	63.4906
28.5410	62.6911	63.4888
28.5510	63.4401	63.4865
28.5610	63.1072	63.4854
28.5710	62.9408	63.4828
28.5810	63.6066	63.4818
28.5910	63.0240	63.4810
28.6011	63.2737	63.4792
28.6110	63.4401	63.4787
28.6211	63.0240	63.4774
28.6310	63.4401	63.4761
28.6410	63.1072	63.4751
28.6500	63.6898	63.4748
28.6610	63.5234	63.4758
28.6710	63.4401	63.4760
28.6810	62.9408	63.4745
28.6914	63.9395	63.4745
28.7010	63.9395	63.4774
28.7110	63.6066	63.4794
28.7210	63.5234	63.4801
28.7310	63.7731	63.4813
28.7408	63.1072	63.4812
28.7510	63.4401	63.4802
28.7610	63.4401	63.4801
28.7700	63.2737	63.4796
28.7810	63.1072	63.4780
28.7911	62.9408	63.4755
28.8010	63.2737	63.4734
28.8110	63.2737	63.4724
28.8210	63.7731	63.4729
28.8310	63.6066	63.4743
28.8400	63.6066	63.4753
28.8510	62.8576	63.4740
28.8611	63.7731	63.4732
28.8710	63.2737	63.4737
28.8811	63.7731	63.4742
28.8910	63.4401	63.4751
28.9000	63.4401	63.4751
28.9111	63.1072	63.4740
28.9212	62.8576	63.4712
28.9311	63.6066	63.4700
28.9410	63.1905	63.4697
28.9511	63.1072	63.4679
28.9601	63.2737	63.4664
28.9712	63.5234	63.4661
28.9811	63.1072	63.4653
28.9911	63.0240	63.4631
29.0011	63.6898	63.4626
29.0111	63.4401	63.4633
29.0201	63.7731	63.4643
29.0312	63.6066	63.4658
29.0411	63.6066	63.4668
29.0512	63.7731	63.4683
29.0612	63.2737	63.4688
29.0711	63.0240	63.4670
29.0801	63.9395	63.4672
29.0901	62.9408	63.4672
29.1011	63.6066	63.4662
29.1111	63.4401	63.4667
29.1211	63.2737	63.4662
29.1311	63.2737	63.4652
29.1401	63.2737	63.4641
29.1501	63.1072	63.4626
29.1611	62.4414	63.4586
29.1713	63.7731	63.4567
29.1812	63.7731	63.4587
29.1912	63.1072	63.4587
29.2002	63.1905	63.4569
29.2101	64.0228	63.4580
29.2212	63.1905	63.4590
29.2313	63.4401	63.4582
29.2412	63.7731	63.4592
29.2512	62.9408	63.4587
29.2603	63.4401	63.4573
29.2702	63.1072	63.4563
29.2805	63.9395	63.4568
29.2913	63.1905	63.4576
29.3013	62.4414	63.4538
29.3112	62.7743	63.4489
29.3203	62.9408	63.4454
29.3303	63.4401	63.4440
29.3402	63.6066	63.4445
29.3513	63.3569	63.4448
29.3612	63.7731	63.4457
29.3712	63.1905	63.4460
29.3813	63.7731	63.4463
29.3903	63.2737	63.4468
29.4003	63.7731	63.4474
29.4113	63.6066	63.4490
29.4212	63.5234	63.4498
29.4315	63.7731	63.4511
29.4412	63.4401	63.4521
29.4503	62.9408	63.4506
29.4604	64.1060	63.4512
29.4713	63.7731	63.4542
29.4813	63.6066	63.4557
29.4912	63.6066	63.4568
29.5002	63.2737	63.4568
29.5104	63.1072	63.4553
29.5202	63.6066	63.4548
29.5302	63.6898	63.4561
29.5413	63.3569	63.4566
29.5512	63.2737	63.4559
29.5612	63.7731	63.4564
29.5703	63.7731	63.4584
29.5802	63.6066	63.4600
29.5904	63.1072	63.4595
29.6013	63.4401	63.4585
29.6112	62.6911	63.4562
29.6212	63.4401	63.4540
29.6304	63.7731	63.4550
29.6403	62.7743	63.4541
29.6502	63.7731	63.4531
29.6613	63.4401	63.4541
29.6713	64.1060	63.4562
29.6812	62.9408	63.4567
29.6904	63.5234	63.4555
29.7003	63.1072	63.4547
29.7103	63.0240	63.4525
29.7203	63.5234	63.4516
29.7313	63.6066	63.4523
29.7414	63.8563	63.4541
29.7504	62.8576	63.4537
29.7604	64.0228	63.4537
29.7704	63.6898	63.4562
29.7804	62.9408	63.4555
29.7914	63.5234	63.4543
29.8014	63.6066	63.4550
29.8105	63.4401	63.4556
29.8203	63.3569	63.4553
29.8304	63.8563	63.4564
29.8405	63.7731	63.4586
29.8513	63.2737	63.4591
29.8615	63.1072	63.4577
29.8705	63.1072	63.4557
29.8804	63.2737	63.4542
29.8905	63.7731	63.4547
29.9005	63.3569	63.4555
29.9114	62.7743	63.4533
29.9215	63.2737	63.4508
29.9306	62.9408	63.4488
29.9405	63.2737	63.4469
29.9505	63.9395	63.4479
29.9604	63.6898	63.4502
29.9705	63.5234	63.4513
29.9815	62.9408	63.4501
29.9905	63.7731	63.4496
30.0005	62.9408	63.4492
30.0104	63.4401	63.4477
30.0204	63.6898	63.4485
30.0305	63.7731	63.4503
30.0414	63.1905	63.4506
30.0505	62.8576	63.4481
30.0604	63.3569	63.4462
30.0704	63.1072	63.4450
30.0804	64.2725	63.4465
30.0906	63.6066	63.4496
30.1015	63.1905	63.4494
30.1115	63.7731	63.4497
30.1205	63.6066	63.4512
30.1305	62.7743	63.4498
30.1404	63.6066	63.4483
30.1505	63.1072	63.4479
30.1606	63.6066	63.4474
30.1714	63.4401	63.4480
30.1806	63.4401	63.4480
30.1905	63.2737	63.4476
30.2005	63.4401	63.4471
30.2106	63.4401	63.4472
30.2208	63.5234	63.4475
30.2315	63.2737	63.4473
30.2405	63.6066	63.4473
30.2505	63.1905	63.4471
30.2606	63.5234	63.4467
30.2706	63.4401	63.4470
30.2805	63.7731	63.4480
30.2915	63.4401	63.4491
30.3005	63.4401	63.4491
30.3105	63.1072	63.4482
30.3207	63.1072	63.4462
30.3306	63.6898	63.4460
30.3405	63.7731	63.4478
30.3515	63.5234	63.4491
30.3605	63.7731	63.4504
30.3705	63.4401	63.4515
30.3806	63.9395	63.4530
30.3906	63.6066	63.4550
30.4006	62.7743	63.4535
30.4105	63.1072	63.4506
30.4205	63.6898	63.4503
30.4306	63.8563	63.4524
30.4406	63.6066	63.4542
30.4505	63.6066	63.4552
30.4606	63.2737	63.4552
30.4705	63.6898	63.4555
30.4805	63.6898	63.4570
30.4906	62.7743	63.4557
30.5007	63.0240	63.4525
30.5112	63.4401	63.4513
30.5206	63.4401	63.4513
30.5305	63.1072	63.4503
30.5406	62.9408	63.4479
30.5505	62.9408	63.4449
30.5606	63.4401	63.4435
30.5706	63.6898	63.4443
30.5806	63.1072	63.4441
30.5906	63.2737	63.4426
30.6006	63.4401	63.4422
30.6107	63.6898	63.4430
30.6206	63.4401	63.4438
30.6307	63.4401	63.4439
30.6406	63.2737	63.4435
30.6510	63.7731	63.4440
30.6607	62.6079	63.4426
30.6706	63.9395	63.4416
30.6807	64.0228	63.4449
30.6907	63.7731	63.4477
30.7006	63.6066	63.4493
30.7107	62.9408	63.4483
30.7206	63.6066	63.4474
30.7306	62.7743	63.4459
30.7406	62.9408	63.4425
30.7507	63.5234	63.4413
30.7607	63.1072	63.4406
30.7707	62.9408	63.4382
30.7807	63.2737	63.4362
30.7908	63.2737	63.4353
30.8007	63.8563	63.4362
30.8107	63.6898	63.4382
30.8207	63.2737	63.4386
30.8308	63.8563	63.4394
30.8407	63.6898	63.4415
30.8509	63.1905	63.4416
30.8608	63.6898	63.4416
30.8707	63.1072	63.4414
30.8808	63.2737	63.4400
30.8908	63.3569	63.4393
30.9008	63.4401	63.4392
30.9112	63.3569	63.4390
30.9208	63.6898	63.4396
30.9308	63.1072	63.4394
30.9408	63.2737	63.4380
30.9507	63.2737	63.4370
30.9607	63.1905	63.4359
30.9708	64.1060	63.4372
30.9807	63.9395	63.4408
30.9907	63.6898	63.4431
31.0009	63.4401	63.4439
31.0107	63.7731	63.4450
31.0208	63.4401	63.4460
31.0308	62.9408	63.4446
31.0407	64.0228	63.4449
31.0507	63.5234	63.4469
31.0609	63.6066	63.4477
31.0707	63.6898	63.4490
31.0808	63.6066	63.4503
31.1017	63.8563	63.4521
31.1140	63.7731	63.4543
31.1235	63.6898	63.4561
31.1308	63.4401	63.4569
31.1408	63.4401	63.4569
31.1508	63.6066	63.4574
31.1608	63.8563	63.4591
31.1708	63.9395	63.4619
31.1808	63.4401	63.4633
31.1909	63.7731	63.4643
31.2008	63.1072	63.4643
31.2108	63.1072	63.4623
31.2208	63.1072	63.4602
31.2309	63.6066	63.4597
31.2411	62.8576	63.4585
31.2510	63.9395	63.4582
31.2610	63.6066	63.4602
31.2711	63.4401	63.4607
31.2809	63.1072	63.4597
31.2909	63.9395	63.4601
31.3009	63.1905	63.4609
31.3110	63.2737	63.4596
31.3210	63.4401	63.4591
31.3309	63.3569	63.4588
31.3409	63.1072	63.4576
31.3509	63.1072	63.4556
31.3608	63.4401	63.4546
31.3711	63.1072	63.4536
31.3810	63.6066	63.4531
31.3909	62.9408	63.4521
31.4011	63.3569	63.4504
31.4111	64.1060	63.4521
31.4210	63.4401	63.4541
31.4311	63.9395	63.4557
31.4410	63.6066	63.4577
31.4509	63.8563	63.4594
31.4621	63.2737	63.4601
31.4710	63.7731	63.4606
31.4801	63.4401	63.4616
31.4910	63.4401	63.4616
31.5010	63.5234	63.4618
31.5112	63.3569	63.4618
31.5211	62.9408	63.4600
31.5310	63.3569	63.4583
31.5401	63.7731	63.4590
31.5510	63.4401	63.4600
31.5609	63.4401	63.4600
31.5713	63.4401	63.4599
31.5810	63.1072	63.4589
31.5910	63.6066	63.4584
31.6010	63.4401	63.4589
31.6111	63.6066	63.4594
31.6210	63.4401	63.4599
31.6310	63.6066	63.4604
31.6409	63.4401	63.4608
31.6510	63.6066	63.4613
31.6611	63.1072	63.4608
31.6710	63.3569	63.4595
31.6810	63.7731	63.4602
31.6912	63.1905	63.4605
31.7011	63.1072	63.4587
31.7110	63.7731	63.4587
31.7212	63.2737	63.4592
31.7301	63.1072	63.4577
31.7410	63.7731	63.4576
31.7512	63.1072	63.4576
31.7610	62.9408	63.4551
31.7710	63.7731	63.4546
31.7810	63.5234	63.4559
31.7900	63.6066	63.4566
31.8010	63.1072	63.4561
31.8112	63.4401	63.4551
31.8210	63.8563	63.4564
31.8310	63.5234	63.4579
31.8412	63.6066	63.4586
31.8500	63.4401	63.4591
31.8611	63.0240	63.4578
31.8712	63.6898	63.4573
31.8810	63.5234	63.4583
31.8911	63.4401	63.4585
31.9012	62.8576	63.4568
31.9101	63.8563	63.4563
31.9211	63.5234	63.4578
31.9311	63.2737	63.4575
31.9411	63.7731	63.4580
31.9512	63.4401	63.4590
31.9614	63.6066	63.4595
31.9700	63.2737	63.4595
31.9802	63.7731	63.4600
31.9912	63.6066	63.4614
32.0011	63.1905	63.4612
32.0111	62.7743	63.4584
32.0212	63.3569	63.4561
32.0301	63.7731	63.4569
32.0402	63.6066	63.4584
32.0511	63.1072	63.4579
32.0612	63.5234	63.4571
32.0711	63.3569	63.4571
32.0811	63.2737	63.4563
32.0904	63.8563	63.4571
32.1001	63.9395	63.4598
32.1111	62.9408	63.4598
32.1211	63.7731	63.4593
32.1312	63.4401	63.4603
32.1411	62.7743	63.4582
32.1512	63.6066	63.4567
32.1602	62.9408	63.4557
32.1702	62.9408	63.4527
32.1812	62.8576	63.4495
32.1912	63.4401	63.4477
32.2013	63.5234	63.4480
32.2112	62.9408	63.4468
32.2206	62.8576	63.4436
32.2302	62.9408	63.4404
32.2412	63.4401	63.4389
32.2512	63.6066	63.4395
32.2612	63.4401	63.4400
32.2705	63.1072	63.4391
32.2803	63.2737	63.4376
32.2902	63.6066	63.4377
32.3013	63.4401	63.4383
32.3113	63.9395	63.4398
32.3213	62.5247	63.4386
32.3313	63.4401	63.4360
32.3404	63.2737	63.4355
32.3502	62.7743	63.4331
32.3613	63.0240	63.4300
32.3713	63.6898	63.4295
32.3813	63.4401	63.4304
32.3913	63.1072	63.4295
32.4003	63.9395	63.4301
32.4102	63.5234	63.4319
32.4203	63.4401	63.4323
32.4314	63.2737	63.4319
32.4413	63.1905	63.4307
32.4512	63.6066	63.4306
32.4614	63.2737	63.4306
32.4703	62.6079	63.4277
32.4802	63.1905	63.4246
32.4912	63.3569	63.4237
32.5012	63.0240	63.4223
32.5113	63.4401	63.4212
32.5202	63.7731	63.4223
32.5319	63.5234	63.4237
32.5403	62.6079	63.4216
32.5514	63.2737	63.4187
32.5613	63.6898	63.4191
32.5713	63.1072	63.4190
32.5803	63.6066	63.4186
32.5903	64.1060	63.4213
32.6003	63.2737	63.4229
32.6103	63.3569	63.4223
32.6213	63.6066	63.4226
32.6313	63.7731	63.4243
32.6437	63.1072	63.4244
32.6503	62.9408	63.4220
32.6603	63.6898	63.4214
32.6703	62.6079	63.4197
32.6814	63.1072	63.4164
32.6913	63.5234	63.4158
32.7009	63.2737	63.4157
32.7103	63.4401	63.4153
32.7204	63.7731	63.4165
32.7304	63.1072	63.4166
32.7414	63.1905	63.4150
32.7513	63.0240	63.4132
32.7604	63.7731	63.4131
32.7704	63.1905	63.4135
32.7804	63.6898	63.4136
32.7904	63.1905	63.4138
32.8014	63.6066	63.4137
32.8114	63.1905	63.4136
32.8204	63.4401	63.4130
32.8304	63.7731	63.4142
32.8404	63.5234	63.4156
32.8504	63.7731	63.4170
32.8605	63.8563	63.4194
32.8714	63.4401	63.4208
32.8814	63.3569	63.4206
32.8905	63.6066	63.4210
32.9005	63.1072	63.4206
32.9104	63.3569	63.4195
32.9205	62.6079	63.4169
32.9315	63.5234	63.4148
32.9415	63.4401	63.4152
32.9505	63.2737	63.4148
32.9606	63.1072	63.4135
32.9704	62.9408	63.4112
32.9804	63.3569	63.4096
32.9912	63.4401	63.4095
33.0005	63.3569	63.4094
33.0104	63.7731	63.4103
33.0205	63.0240	63.4102
33.0305	63.6066	63.4097
33.0404	63.3569	63.4101
33.0505	63.7731	63.4110
33.0615	63.6898	63.4129
33.0704	63.4401	63.4138
33.0805	63.4401	63.4140
33.0905	63.4401	63.4141
33.1005	63.6066	63.4148
33.1105	63.9395	63.4170
33.1215	63.1072	63.4176
33.1305	63.4401	63.4168
33.1406	63.6066	63.4174
33.1505	62.6079	63.4155
33.1605	63.3569	63.4130
33.1705	63.6066	63.4134
33.1815	64.1060	63.4160
33.1905	63.2737	63.4177
33.2005	63.2737	63.4168
33.2105	62.9408	63.4150
33.2205	62.2750	63.4101
33.2306	63.1072	63.4058
33.2416	63.1072	63.4040
33.2506	63.7731	63.4042
33.2605	63.3569	63.4051
33.2705	63.4401	63.4051
33.2806	62.7743	63.4033
33.2907	63.2737	63.4010
33.3006	63.2737	63.4002
33.3106	63.7731	63.4009
33.3206	63.1072	63.4011
33.3305	63.3569	63.4001
33.3406	63.0240	63.3988
33.3507	64.0228	63.3995
33.3606	63.2737	63.4010
33.3707	64.2725	63.4032
33.3806	63.1072	63.4049
33.3906	62.8576	63.4024
33.4006	63.3569	63.4006
33.4106	63.5234	63.4008
33.4206	62.6911	63.3990
33.4307	63.6066	63.3975
33.4406	63.4401	63.3982
33.4506	64.1060	63.4005
33.4607	62.9408	63.4012
33.4707	63.1072	63.3989
33.4807	63.3569	63.3979
33.4907	63.3569	63.3976
33.5007	63.4401	63.3976
33.5107	64.1060	63.3998
33.5207	63.2737	63.4015
33.5307	63.3569	63.4010
33.5408	63.6066	63.4015
33.5507	63.4401	63.4022
33.5606	63.3569	63.4021
33.5707	63.6066	63.4026
33.5808	63.6066	63.4038
33.5906	63.7731	63.4055
33.6007	63.4401	63.4067
33.6107	63.7731	63.4079
33.6207	63.2737	63.4086
33.6308	63.4401	63.4083
33.6407	62.8576	63.4067
33.6507	63.6066	63.4056
33.6608	63.1072	63.4053
33.6707	63.1905	63.4038
33.6807	63.3569	63.4030
33.6908	63.5234	63.4032
33.7007	63.3569	63.4034
33.7108	63.4401	63.4034
33.7208	63.2737	63.4031
33.7307	63.1072	63.4018
33.7408	63.1905	63.4002
33.7508	63.2737	63.3992
33.7608	63.1905	63.3982
33.7706	63.4401	63.3976
33.7808	63.6898	63.3986
33.7907	63.5234	63.3998
33.8008	63.4401	63.4003
33.8107	64.2725	63.4030
33.8207	63.2737	63.4052
33.8308	63.3569	63.4047
33.8407	63.2737	63.4041
33.8507	63.7731	63.4048
33.8608	63.6066	63.4065
33.8707	63.3569	63.4070
33.8807	62.7743	63.4049
33.8908	62.6911	63.4009
33.9008	63.6066	63.3993
33.9107	62.9408	63.3985
33.9208	63.4401	63.3973
33.9308	63.7731	63.3985
33.9407	63.1072	63.3987
33.9508	63.9395	63.3995
33.9608	63.1905	63.4004
33.9708	63.4401	63.3999
33.9809	63.5234	63.4004
33.9908	63.2737	63.4003
34.0008	63.6066	63.4006
34.0109	62.9408	63.3998
34.0208	63.1905	63.3977
34.0308	63.1072	63.3962
34.0408	63.1072	63.3945
34.0507	63.1905	63.3930
34.0608	63.2737	63.3920
34.0708	62.6079	63.3892
34.0808	63.1072	63.3860
34.0909	63.1072	63.3843
34.1008	62.9408	63.3820
34.1108	63.2737	63.3803
34.1208	62.6079	63.3776
34.1309	63.4401	63.3754
34.1410	63.1072	63.3748
34.1510	63.0240	63.3728
34.1609	63.2737	63.3714
34.1709	63.2737	63.3707
34.1810	63.5234	63.3708
34.1909	63.6066	63.3719
34.2010	63.5234	63.3730
34.2110	63.0240	63.3723
34.2209	63.6898	63.3722
34.2310	63.3569	63.3730
34.2411	63.7731	63.3741
34.2510	63.6898	63.3761
34.2609	63.6066	63.3777
34.2711	63.1905	63.3778
34.2810	63.6066	63.3778
34.2910	63.1072	63.3777
34.3011	63.4401	63.3770
34.3110	62.6079	63.3748
34.3209	63.6898	63.3734
34.3311	63.4401	63.3745
34.3410	63.4401	63.3748
34.3509	63.5234	63.3754
34.3611	63.4401	63.3759
34.3700	63.5234	63.3765
34.3810	63.3569	63.3768
34.3911	63.6898	63.3777
34.4010	62.9408	63.3772
34.4110	62.6911	63.3738
34.4210	63.6066	63.3724
34.4309	63.4401	63.3732
34.4410	63.7731	63.3746
34.4512	63.4401	63.3759
34.4609	63.4401	63.3762
34.4710	62.9408	63.3750
34.4809	63.9395	63.3754
34.4909	63.4401	63.3772
34.5009	63.2737	63.3770
34.5109	63.6066	63.3773
34.5209	63.7731	63.3792
34.5309	63.7731	63.3815
34.5409	63.2737	63.3823
34.5509	63.1072	63.3811
34.5612	63.2737	63.3799
34.5710	62.7743	63.3777
34.5810	63.0240	63.3748
34.5910	62.6911	63.3716
34.6011	62.9408	63.3682
34.6109	62.6079	63.3646
34.6200	62.8576	63.3607
34.6311	63.1072	63.3583
34.6409	63.4401	63.3577
34.6511	62.6079	63.3556
34.6610	62.7743	63.3515
34.6709	62.9408	63.3484
34.6802	63.4401	63.3474
34.6910	63.3569	63.3476
34.7009	63.2737	63.3473
34.7110	63.4401	63.3472
34.7210	63.1905	63.3469
34.7310	63.4401	63.3466
34.7400	63.7731	63.3480
34.7511	63.2737	63.3490
34.7611	62.7743	63.3469
34.7710	62.9408	63.3439
34.7810	63.2737	63.3423
34.7910	63.5234	63.3426
34.8001	63.4401	63.3433
34.8100	63.6066	63.3442
34.8211	63.6066	63.3457
34.8311	63.6898	63.3474
34.8412	63.7731	63.3496
34.8512	63.7731	63.3521
34.8601	63.2737	63.3530
34.8701	63.9395	63.3544
34.8812	63.2737	63.3559
34.8912	63.6066	63.3563
34.9011	63.2737	63.3567
34.9111	63.6066	63.3571
34.9201	63.3569	63.3578
34.9301	63.1905	63.3572
34.9411	63.4401	63.3569
34.9511	63.3569	63.3570
34.9611	63.3569	63.3570
34.9711	63.3569	63.3569
34.9801	63.6066	63.3575
34.9901	63.0240	63.3572
35.0011	63.3569	63.3561
35.0111	63.2737	63.3558
35.0213	62.8576	63.3540
35.0311	63.5234	63.3529
35.0411	62.9408	63.3521
35.0501	63.4401	63.3510
35.0601	63.2737	63.3510
35.0711	63.2737	63.3504
35.0811	63.2737	63.3498
35.0911	63.1072	63.3488
35.1011	62.9408	63.3467
35.1102	62.7743	63.3437
35.1202	62.7743	63.3402
35.1311	63.2737	63.3381
35.1411	63.1905	63.3374
35.1511	62.7743	63.3351
35.1611	63.4401	63.3336
35.1703	63.3569	63.3339
35.1801	63.6898	63.3349
35.1912	63.1072	63.3352
35.2012	62.8576	63.3329
35.2112	63.0240	63.3305
35.2211	63.5234	63.3300
35.2302	63.1072	63.3298
35.2402	63.7731	63.3303
35.2502	64.0228	63.3336
35.2612	63.5234	63.3361
35.2712	63.4401	63.3369
35.2812	63.1072	63.3364
35.2903	63.1072	63.3349
35.3002	63.4401	63.3344
35.3102	62.9408	63.3334
35.3212	63.2737	63.3319
35.3312	62.6079	63.3295
35.3412	63.4401	63.3275
35.3502	63.1905	63.3273
35.3602	63.6066	63.3276
35.3703	63.1072	63.3276
35.3813	62.6079	63.3247
35.3912	63.1072	63.3217
35.4014	63.2737	63.3208
35.4103	63.4401	63.3209
35.4202	63.1072	63.3204
35.4303	63.1072	63.3190
35.4413	63.6066	63.3191
35.4512	63.1072	63.3192
35.4615	62.8576	63.3170
35.4703	63.3569	63.3156
35.4803	63.6898	63.3167
35.4905	63.6066	63.3186
35.5004	62.6911	63.3174
35.5114	63.7731	63.3167
35.5215	63.2737	63.3178
35.5304	63.7731	63.3189
35.5403	63.6066	63.3210
35.5503	63.2737	63.3216
35.5605	63.0240	63.3204
35.5713	63.3569	63.3195
35.5813	63.0240	63.3186
35.5903	62.6079	63.3155
35.6003	62.9408	63.3121
35.6104	63.4401	63.3112
35.6204	63.3569	63.3116
35.6314	63.0240	63.3107
35.6415	63.0240	63.3088
35.6503	64.1060	63.3102
35.6603	63.1072	63.3118
35.6703	62.8576	63.3097
35.6804	63.1905	63.3078
35.6904	63.3569	63.3075
35.7014	63.2737	63.3073
35.7114	63.1072	63.3065
35.7204	63.4401	63.3061
35.7303	63.8563	63.3080
35.7404	62.9408	63.3084
35.7505	63.4401	63.3076
35.7616	63.6898	63.3089
35.7703	63.1072	63.3093
35.7804	63.2737	63.3085
35.7906	63.1072	63.3076
35.8004	63.6066	63.3078
35.8105	63.3569	63.3086
35.8216	63.2737	63.3085
35.8313	63.8563	63.3099
35.8404	63.6066	63.3123
35.8511	62.9408	63.3119
35.8604	63.5234	63.3113
35.8705	63.1905	63.3115
35.8814	63.7731	63.3123
35.8914	63.4401	63.3140
35.9004	63.1072	63.3136
35.9106	63.6066	63.3137
35.9205	63.4401	63.3148
35.9305	63.1072	63.3144
35.9405	63.7731	63.3151
35.9514	63.6066	63.3172
35.9605	63.6066	63.3188
35.9705	63.4401	63.3199
35.9806	63.4401	63.3205
35.9905	63.2737	63.3206
36.0005	63.1072	63.3197
36.0115	63.2737	63.3188
36.0204	62.9408	63.3174
36.0304	63.1905	63.3158
36.0405	64.1060	63.3176
36.0505	63.6066	63.3207
36.0605	63.1072	63.3208
36.0715	63.1905	63.3197
36.0805	63.4401	63.3195
36.0904	63.0240	63.3189
36.1006	62.6911	63.3160
36.1105	63.2737	63.3139
36.1205	63.6066	63.3145
36.1306	63.6066	63.3161
36.1405	63.4401	63.3172
36.1512	63.6066	63.3184
36.1606	63.7731	63.3205
36.1706	63.1905	63.3213
36.1805	63.5234	63.3214
36.1906	63.9395	63.3238
36.2005	63.4401	63.3259
36.2105	62.9408	63.3250
36.2205	64.2725	63.3265
36.2307	63.2737	63.3291
36.2405	63.8563	63.3304
36.2505	63.6066	63.3328
36.2605	63.5234	63.3341
36.2705	63.5234	63.3351
36.2805	63.2737	63.3354
36.2906	63.6066	63.3360
36.3007	63.2737	63.3365
36.3107	63.7731	63.3376
36.3205	63.7731	63.3401
36.3306	63.4401	63.3416
36.3406	63.2737	63.3416
36.3506	63.4401	63.3417
36.3608	63.3569	63.3419
36.3706	63.5234	63.3425
36.3806	63.0240	63.3420
36.3906	63.1072	63.3403
36.4006	63.1905	63.3390
36.4106	63.8563	63.3401
36.4206	63.1072	63.3408
36.4306	63.2737	63.3399
36.4406	63.8563	63.3412
36.4508	63.2737	63.3424
36.4606	62.7743	63.3405
36.4706	63.8563	63.3402
36.4806	63.1905	63.3413
36.4906	63.2737	63.3405
36.5006	62.6079	63.3381
36.5106	63.4401	63.3361
36.5206	63.7731	63.3377
36.5309	63.2737	63.3387
36.5408	63.0240	63.3375
36.5506	62.7743	63.3348
36.5606	63.7731	63.3343
36.5706	64.0228	63.3376
36.5806	63.7731	63.3409
36.5907	63.8563	63.3437
36.6007	62.8576	63.3437
36.6107	64.0228	63.3442
36.6207	63.4401	63.3465
36.6308	63.4401	63.3470
36.6407	63.1905	63.3467
36.6508	63.3569	63.3462
36.6608	63.6898	63.3472
36.6707	63.1072	63.3475
36.6808	63.8563	63.3482
36.6908	62.8576	63.3482
36.7007	62.8576	63.3452
36.7108	63.2737	63.3435
36.7208	62.9408	63.3420
36.7307	62.6911	63.3388
36.7408	63.7731	63.3381
36.7507	62.9408	63.3381
36.7607	63.6066	63.3377
36.7708	63.1905	63.3379
36.7807	63.9395	63.3392
36.7908	63.1905	63.3405
36.8008	63.2737	63.3398
36.8107	62.7743	63.3378
36.8207	63.1072	63.3354
36.8308	62.8576	63.3332
36.8407	63.6066	63.3325
36.8509	63.6066	63.3341
36.8609	63.2737	63.3346
36.8708	63.2737	63.3342
36.8808	63.3569	63.3340
36.8909	63.2737	63.3338
36.9009	63.2737	63.3334
36.9110	63.4401	63.3334
36.9210	62.7743	63.3320
36.9308	63.6066	63.3311
36.9409	63.6066	63.3326
36.9509	62.9408	63.3322
36.9609	63.9395	63.3328
36.9711	63.6066	63.3353
36.9809	63.6066	63.3369
36.9909	63.2737	63.3374
37.0011	63.7731	63.3385
37.0099	63.1905	63.3393
37.0212	63.2737	63.3386
37.0310	63.2737	63.3381
37.0409	62.9408	63.3367
37.0509	63.4401	63.3357
37.0609	63.0240	63.3350
37.0709	64.0228	63.3361
37.0818	63.4401	63.3384
37.0911	63.7731	63.3399
37.1009	63.7731	63.3425
37.1109	62.9408	63.3425
37.1210	64.2725	63.3441
37.1309	63.1905	63.3463
37.1410	63.1072	63.3451
37.1509	63.2737	63.3441
37.1612	63.7731	63.3452
37.1710	63.3569	63.3464
37.1808	63.1072	63.3457
37.1909	63.4401	63.3452
37.2010	63.2737	63.3453
37.2108	63.3569	63.3451
37.2209	63.7731	63.3463
37.2309	63.1072	63.3469
37.2408	63.2737	63.3459
37.2509	62.7743	63.3439
37.2609	63.7731	63.3435
37.2710	62.2750	63.3415
37.2810	63.3569	63.3383
37.2909	63.1072	63.3376
37.3010	62.6079	63.3347
37.3109	63.7731	63.3337
37.3209	62.9408	63.3338
37.3309	63.2737	63.3324
37.3410	63.0240	63.3312
37.3510	63.1905	63.3298
37.3610	63.6066	63.3302
37.3710	62.8576	63.3295
37.3809	63.7731	63.3294
37.3909	62.6079	63.3285
37.4010	63.1072	63.3256
37.4109	63.3569	63.3249
37.4209	64.6887	63.3290
37.4310	63.1905	63.3327
37.4409	63.6066	63.3330
37.4500	63.7731	63.3351
37.4611	63.6898	63.3374
37.4710	63.2737	63.3382
37.4809	62.9408	63.3368
37.4910	62.6079	63.3334
37.5010	63.2737	63.3310
37.5100	62.5247	63.3283
37.5211	63.7731	63.3272
37.5313	63.2737	63.3283
37.5410	62.7743	63.3264
37.5511	62.9408	63.3235
37.5610	63.7731	63.3236
37.5701	63.3569	63.3250
37.5811	63.6066	63.3259
37.5911	63.7731	63.3280
37.6012	63.1072	63.3286
37.6111	62.9408	63.3267
37.6210	63.4401	63.3259
37.6301	63.5234	63.3267
37.6410	63.9395	63.3291
37.6510	63.4401	63.3312
37.6612	63.2737	63.3313
37.6711	63.2737	63.3309
37.6811	63.2737	63.3305
37.6902	62.9408	63.3291
37.7006	63.5234	63.3285
37.7110	64.1892	63.3316
37.7211	63.2737	63.3339
37.7311	63.3569	63.3338
37.7410	63.1905	63.3334
37.7502	63.4401	63.3332
37.7601	63.0240	63.3326
37.7711	62.9408	63.3304
37.7813	63.4401	63.3295
37.7911	63.5234	63.3304
37.8011	63.4401	63.3312
37.8102	63.4401	63.3318
37.8201	63.1905	63.3317
37.8311	63.6898	63.3323
37.8413	63.6066	63.3341
37.8518	62.9408	63.3337
37.8612	63.7731	63.3338
37.8701	64.0228	63.3372
37.8801	63.4401	63.3395
37.8902	63.3569	63.3398
37.9011	63.3569	63.3399
37.9111	63.6898	63.3410
37.9212	63.4401	63.3423
37.9302	63.2737	63.3424
37.9402	63.7731	63.3434
37.9504	63.0240	63.3437
37.9613	63.4401	63.3430
37.9711	63.6066	63.3441
37.9812	63.1905	63.3444
37.9913	63.8563	63.3455
38.0002	63.0240	63.3460
38.0102	63.1905	63.3446
38.0213	63.9395	63.3459
38.0311	63.2737	63.3474
38.0412	63.8563	63.3487
38.0513	63.1072	63.3495
38.0601	63.6898	63.3498
38.0704	63.1072	63.3501
38.0811	63.3569	63.3494
38.0911	63.1905	63.3489
38.1011	63.2737	63.3482
38.1111	63.1905	63.3475
38.1202	63.8563	63.3485
38.1301	63.6898	63.3511
38.1401	62.9408	63.3509
38.1514	63.7731	63.3509
38.1612	63.6898	63.3532
38.1716	62.9408	63.3529
38.1802	63.9395	63.3535
38.1902	63.6066	63.3560
38.2002	63.5234	63.3572
38.2113	63.1072	63.3570
38.2212	63.9395	63.3580
38.2312	63.6066	63.3605
38.2402	62.9408	63.3600
38.2502	62.9408	63.3575
38.2602	63.6898	63.3573
38.2712	63.4401	63.3585
38.2813	63.3569	63.3588
38.2912	63.4401	63.3591
38.3004	63.0240	63.3583
38.3103	63.3569	63.3573
38.3202	63.6898	63.3583
38.3302	63.2737	63.3591
38.3413	63.0240	63.3579
38.3512	63.8563	63.3584
38.3603	63.4401	63.3601
38.3703	63.2737	63.3601
38.3803	63.3569	63.3599
38.3903	63.6066	63.3606
38.4012	63.1072	63.3606
38.4113	62.4414	63.3571
38.4204	63.2737	63.3542
38.4305	63.1072	63.3532
38.4403	63.0240	63.3515
38.4504	63.9395	63.3523
38.4616	62.8576	63.3525
38.4714	63.2737	63.3508
38.4803	63.1072	63.3499
38.4903	63.2737	63.3489
38.5003	63.0240	63.3477
38.5104	62.6911	63.3448
38.5213	63.6898	63.3438
38.5313	63.4401	63.3451
38.5403	62.7743	63.3437
38.5503	63.1072	63.3413
38.5604	63.6898	63.3416
38.5703	62.9408	63.3414
38.5803	63.1905	63.3398
38.5913	63.5234	63.3399
38.6003	63.4401	63.3407
38.6103	62.8576	63.3395
38.6204	63.2737	63.3379
38.6303	63.4401	63.3380
38.6405	63.2737	63.3381
38.6514	62.8576	63.3364
38.6604	63.3569	63.3350
38.6704	63.6066	63.3359
38.6804	63.6898	63.3377
38.6904	63.0240	63.3378
38.7006	63.6898	63.3379
38.7115	63.3569	63.3390
38.7214	63.4401	63.3394
38.7305	63.2737	63.3395
38.7405	62.9408	63.3381
38.7504	63.4401	63.3372
38.7605	63.4401	63.3378
38.7705	63.1072	63.3374
38.7814	63.1072	63.3360
38.7905	62.7743	63.3336
38.8005	63.7731	63.3332
38.8112	63.1072	63.3338
38.8205	63.1072	63.3324
38.8305	63.6898	63.3328
38.8414	63.5234	63.3344
38.8505	63.4401	63.3353
38.8604	63.9395	63.3374
38.8704	63.1072	63.3385
38.8806	63.7731	63.3391
38.8905	63.4401	63.3407
38.9015	62.7743	63.3393
38.9106	63.9395	63.3394
38.9206	62.9408	63.3400
38.9305	63.3569	63.3388
38.9406	62.9408	63.3377
38.9505	62.8576	63.3351
38.9614	63.6066	63.3344
38.9714	63.6066	63.3360
38.9805	63.4401	63.3371
38.9905	63.1072	63.3368
39.0006	63.7731	63.3374
39.0105	63.7731	63.3400
39.0205	63.3569	63.3413
39.0305	62.5247	63.3389
39.0405	63.1072	63.3358
39.0506	63.1072	63.3344
39.0606	63.1072	63.3330
39.0705	63.6066	63.3331
39.0806	63.2737	63.3337
39.0906	63.3569	63.3336
39.1005	62.7743	63.3320
39.1106	63.3569	63.3303
39.1205	63.6066	63.3312
39.1305	63.4401	63.3324
39.1406	63.1072	63.3320
39.1505	62.6079	63.3291
39.1605	63.4401	63.3272
39.1707	62.7743	63.3259
39.1807	63.7731	63.3255
39.1907	63.1905	63.3264
39.2008	63.2737	63.3258
39.2105	63.4401	63.3260
39.2208	63.2737	63.3261
39.2306	63.3569	63.3260
39.2406	63.0240	63.3252
39.2507	63.1072	63.3236
39.2606	63.4401	63.3232
39.2705	62.8576	63.3222
39.2806	63.4401	63.3211
39.2908	63.4401	63.3217
39.3006	63.1072	63.3214
39.3106	63.1905	63.3203
39.3206	64.3557	63.3230
39.3306	62.9408	63.3249
39.3406	63.4401	63.3241
39.3508	63.1905	63.3240
39.3607	63.5234	63.3241
39.3707	62.7743	63.3230
39.3807	63.9395	63.3232
39.3906	63.1072	63.3244
39.4006	63.4401	63.3240
39.4107	63.1905	63.3239
39.4208	62.8576	63.3221
39.4306	64.1892	63.3233
39.4407	64.2725	63.3287
39.4507	63.4401	63.3318
39.4607	63.2737	63.3319
39.4706	63.2737	63.3316
39.4808	63.4401	63.3317
39.4907	63.4401	63.3323
39.5006	63.2737	63.3324
39.5108	63.1072	63.3316
39.5208	63.2737	63.3307
39.5306	63.3569	63.3306
39.5407	63.2737	63.3305
39.5508	64.0228	63.3323
39.5607	63.5234	63.3350
39.5707	63.0240	63.3346
39.5808	63.7731	63.3349
39.5907	63.2737	63.3361
39.6007	62.6079	63.3337
39.6108	63.2737	63.3313
39.6207	62.9408	63.3299
39.6307	63.1072	63.3281
39.6408	62.6079	63.3252
39.6507	63.5234	63.3236
39.6608	62.6079	63.3220
39.6710	63.3569	63.3199
39.6808	63.2737	63.3199
39.6909	63.5234	63.3203
39.7008	63.0240	63.3200
39.7108	62.2750	63.3159
39.7209	63.6066	63.3136
39.7308	63.1072	63.3138
39.7408	63.1072	63.3125
39.7509	63.2737	63.3117
39.7608	63.4401	63.3119
39.7709	63.1072	63.3116
39.7809	62.8576	63.3096
39.7908	63.5234	63.3088
39.8009	63.1905	63.3090
39.8109	63.1072	63.3080
39.8208	63.3569	63.3074
39.8310	63.7731	63.3089
39.8409	63.9395	63.3121
39.8509	63.4401	63.3143
39.8609	62.8576	63.3133
39.8709	62.6911	63.3100
39.8808	63.2737	63.3080
39.8909	63.1072	63.3072
39.9008	62.6079	63.3044
39.9108	62.7743	63.3007
39.9209	63.6066	63.2999
39.9308	63.1072	63.3002
39.9408	63.2737	63.2994
39.9510	63.1072	63.2987
39.9608	62.4414	63.2955
39.9710	63.4401	63.2933
39.9809	63.4401	63.2941
39.9909	63.2737	63.2943
40.0008	63.1905	63.2939
40.0109	63.1072	63.2929
40.0209	64.0228	63.2945
40.0308	62.8576	63.2952
40.0410	63.6066	63.2948
40.0514	63.0240	63.2948
40.0608	62.7743	63.2924
40.0709	63.6066	63.2916
40.0808	64.0228	63.2947
40.0908	63.0240	63.2960
40.1008	63.2737	63.2950
40.1117	63.7731	63.2963
40.1209	63.5234	63.2983
40.1308	63.4401	63.2994
40.1408	62.9408	63.2987
40.1498	63.1905	63.2972
40.1609	63.7731	63.2982
40.1710	63.3569	63.2997
40.1809	62.6079	63.2978
40.1909	63.1072	63.2950
40.2009	63.0240	63.2936
40.2109	63.3569	63.2929
40.2209	63.4401	63.2934
40.2309	63.9395	63.2957
40.2411	63.1072	63.2970
40.2509	63.1905	63.2960
40.2609	63.6066	63.2966
40.2709	63.1072	63.2969
40.2809	63.1905	63.2959
40.2911	62.9408	63.2945
40.3011	62.7743	63.2918
40.3109	63.9395	63.2921
40.3209	63.1905	63.2936
40.3299	63.1072	63.2927
40.3399	63.1905	63.2917
40.3510	63.8563	63.2930
40.3609	63.6066	63.2956
40.3709	63.3569	63.2966
40.3810	63.4401	63.2972
40.3909	63.1905	63.2972
40.4000	63.4401	63.2973
40.4111	63.3569	63.2978
40.4210	64.1060	63.3004
40.4310	63.1072	63.3022
40.4411	62.7743	63.2999
40.4511	63.2737	63.2982
40.4600	63.2737	63.2980
40.4710	62.7743	63.2963
40.4811	63.6898	63.2959
40.4913	63.5234	63.2977
40.5010	64.0228	63.3005
40.5111	63.0240	63.3017
40.5201	63.5234	63.3015
40.5314	63.4401	63.3026
40.5410	63.9395	63.3048
40.5510	63.2737	63.3066
40.5611	63.1905	63.3061
40.5710	62.9408	63.3046
40.5801	62.7743	63.3019
40.5901	63.4401	63.3007
40.6010	63.4401	63.3015
40.6111	62.8576	63.3005
40.6211	63.4401	63.2996
40.6310	63.2737	63.2998
40.6401	63.7731	63.3011
40.6501	63.1072	63.3019
40.6612	63.1072	63.3007
40.6712	63.1905	63.2997
40.6812	63.3569	63.2995
40.6912	63.6898	63.3008
40.7001	62.7743	63.3004
40.7101	62.5247	63.2964
40.7210	62.3582	63.2912
40.7311	63.1905	63.2880
40.7411	63.4401	63.2881
40.7510	63.5234	63.2892
40.7601	63.2737	63.2898
40.7701	63.8563	63.2914
40.7801	63.8563	63.2947
40.7911	63.2737	63.2963
40.8011	63.8563	63.2978
40.8111	62.7743	63.2979
40.8201	63.2737	63.2962
40.8301	63.0240	63.2952
40.8400	62.9408	63.2933
40.8511	63.6066	63.2931
40.8611	63.0240	63.2932
40.8711	62.8576	63.2910
40.8801	63.4401	63.2901
40.8901	63.1072	63.2899
40.9001	63.0240	63.2885
40.9112	62.8576	63.2864
40.9212	62.9408	63.2840
40.9313	62.7743	63.2813
40.9412	63.6066	63.2807
40.9501	63.6898	63.2828
40.9602	63.3569	63.2842
40.9712	63.6066	63.2853
40.9811	63.1905	63.2859
40.9914	64.0228	63.2877
41.0012	63.1072	63.2893
41.0101	63.1905	63.2884
41.0201	63.2737	63.2880
41.0301	64.0228	63.2901
41.0411	64.0228	63.2945
41.0511	62.4414	63.2940
41.0602	62.6079	63.2894
41.0702	63.1905	63.2869
41.0802	62.7743	63.2850
41.0902	62.5247	63.2811
41.1012	62.9408	63.2778
41.1114	62.6911	63.2749
41.1212	63.6066	63.2740
41.1301	63.5234	63.2757
41.1402	63.6066	63.2773
41.1502	62.6911	63.2765
41.1612	63.3569	63.2749
41.1712	63.3569	63.2753
41.1812	62.8576	63.2742
41.1903	63.2737	63.2728
41.2003	63.0240	63.2720
41.2102	63.2737	63.2712
41.2202	63.7731	63.2726
41.2313	63.3569	63.2742
41.2412	63.2737	63.2744
41.2502	62.6911	63.2725
41.2602	63.1072	63.2702
41.2703	62.7743	63.2681
41.2803	63.6066	63.2676
41.2913	63.4401	63.2690
41.3012	63.8563	63.2712
41.3103	63.3569	63.2731
41.3202	63.2737	63.2732
41.3302	64.3557	63.2764
41.3403	63.2737	63.2795
41.3512	63.2737	63.2794
41.3613	64.0228	63.2816
41.3703	63.1072	63.2832
41.3803	63.2737	63.2826
41.3903	63.2737	63.2824
41.4007	63.1072	63.2818
41.4112	63.3569	63.2814
41.4215	63.4401	63.2821
41.4305	63.2737	63.2824
41.4403	63.1905	63.2821
41.4509	63.4401	63.2822
41.4603	63.2737	63.2826
41.4703	63.4401	63.2829
41.4813	63.3569	63.2836
41.4903	64.3557	63.2869
41.5003	63.6898	63.2913
41.5105	62.8576	63.2911
41.5204	63.6898	63.2910
41.5303	62.6079	63.2901
41.5414	63.0240	63.2872
41.5514	63.6066	63.2873
41.5603	63.0240	63.2874
41.5705	63.1072	63.2860
41.5803	63.0240	63.2846
41.5904	63.6066	63.2847
41.6016	63.2737	63.2856
41.6116	63.5234	63.2862
41.6204	62.9408	63.2858
41.6305	63.1072	63.2842
41.6403	63.9395	63.2855
41.6504	63.4401	63.2879
41.6604	63.4401	63.2888
41.6704	62.6911	63.2874
41.6804	62.7743	63.2840
41.6905	62.8576	63.2811
41.7003	63.9395	63.2817
41.7104	63.1072	63.2831
41.7205	63.8563	63.2843
41.7315	63.1072	63.2854
41.7405	63.0240	63.2840
41.7504	63.4401	63.2837
41.7605	62.8576	63.2828
41.7706	63.2737	63.2814
41.7805	63.0240	63.2806
41.7915	63.5234	63.2805
41.8005	62.7743	63.2796
41.8105	63.6898	63.2792
41.8206	63.6898	63.2816
41.8306	62.9408	63.2818
41.8406	63.1905	63.2804
41.8517	63.6898	63.2813
41.8606	63.8563	63.2842
41.8705	63.4401	63.2863
41.8805	62.6911	63.2850
41.8906	63.1072	63.2826
41.9005	63.1072	63.2815
41.9105	64.0228	63.2831
41.9206	63.4401	63.2858
41.9305	63.6066	63.2871
41.9407	62.7743	63.2865
41.9506	63.5234	63.2856
41.9605	62.7743	63.2848
41.9705	63.3569	63.2834
41.9806	63.1905	63.2833
41.9905	62.8576	63.2817
42.0005	63.1072	63.2798
42.0106	63.6898	63.2805
42.0205	62.9408	63.2806
42.0306	63.8563	63.2813
42.0405	62.4414	63.2804
42.0505	63.5234	63.2786
42.0605	63.2737	63.2792
42.0706	63.3569	63.2794
42.0805	63.8563	63.2813
42.0908	62.7743	63.2815
42.1005	62.8576	63.2786
42.1105	62.9408	63.2763
42.1206	63.1072	63.2747
42.1306	64.5222	63.2779
42.1407	63.2737	63.2816
42.1506	63.6898	63.2827
42.1606	62.9408	63.2829
42.1706	62.8576	63.2805
42.1806	63.5234	63.2799
42.1906	63.1072	63.2801
42.2006	63.2737	63.2795
42.2107	63.6066	63.2804
42.2206	63.0240	63.2805
42.2305	63.0240	63.2790
42.2406	63.5234	63.2789
42.2506	63.7731	63.2810
42.2606	63.1905	63.2822
42.2706	63.4401	63.2823
42.2806	63.6898	63.2840
42.2905	63.6898	63.2864
42.3006	63.2737	63.2875
42.3106	62.6911	63.2857
42.3206	63.1905	63.2835
42.3306	63.8563	63.2849
42.3407	62.6911	63.2848
42.3506	63.5234	63.2837
42.3606	63.2737	63.2844
42.3706	63.6898	63.2855
42.3808	63.2737	63.2867
42.3906	63.6066	63.2876
42.4006	63.5234	63.2892
42.4107	62.8576	63.2886
42.4207	63.2737	63.2872
42.4307	63.8563	63.2888
42.4408	62.9408	63.2895
42.4507	63.5234	63.2891
42.4606	62.6911	63.2880
42.4709	64.0228	63.2884
42.4808	64.0228	63.2928
42.4908	63.5234	63.2956
42.5010	63.9395	63.2982
42.5108	63.1072	63.2996
42.5207	63.5234	63.2997
42.5308	63.1072	63.2998
42.5407	64.1892	63.3019
42.5508	64.1892	63.3072
42.5609	62.7743	63.3083
42.5708	63.3569	63.3068
42.5808	63.1072	63.3064
42.5909	63.5234	63.3065
42.6008	63.2737	63.3070
42.6108	64.0228	63.3091
42.6209	63.3569	63.3114
42.6308	63.8563	63.3132
42.6409	63.0240	63.3140
42.6509	63.6898	63.3143
42.6609	63.1072	63.3148
42.6709	63.2737	63.3141
42.6809	63.6066	63.3149
42.6909	63.2737	63.3157
42.7009	63.2737	63.3155
42.7109	63.5234	63.3160
42.7210	63.5234	63.3173
42.7308	63.9395	63.3198
42.7408	63.5234	63.3223
42.7508	63.2737	63.3228
42.7610	63.5234	63.3233
42.7709	63.8563	63.3255
42.7807	63.1072	63.3265
42.7908	63.6898	63.3270
42.8008	63.5234	63.3287
42.8108	62.4414	63.3267
42.8209	64.2725	63.3270
42.8308	63.9395	63.3317
42.8410	63.8563	63.3352
42.8509	64.6887	63.3409
42.8609	62.9408	63.3438
42.8709	63.2737	63.3425
42.8809	63.5234	63.3429
42.8910	63.8563	63.3451
42.9009	62.7743	63.3450
42.9109	62.7743	63.3417
42.9210	63.5234	63.3406
42.9309	63.8563	63.3428
42.9409	63.1072	63.3437
42.9508	62.9408	63.3419
42.9611	63.7731	63.3420
42.9709	63.4401	63.3437
42.9808	63.9395	63.3459
42.9914	63.2737	63.3476
43.0009	63.5234	63.3480
43.0108	63.6898	63.3496
43.0209	63.2737	63.3505
43.0309	63.6898	63.3514
43.0398	63.2737	63.3523
43.0510	63.6898	63.3532
43.0609	63.1072	63.3536
43.0709	63.1072	63.3522
43.0810	63.5234	63.3521
43.0909	63.2737	63.3525
43.1000	63.5234	63.3529
43.1110	63.8563	63.3550
43.1211	63.1072	63.3559
43.1310	63.3569	63.3552
43.1409	63.5234	63.3559
43.1510	63.1905	63.3560
43.1610	63.2737	63.3554
43.1709	63.9395	63.3570
43.1809	63.8563	63.3603
43.1909	64.1892	63.3645
43.2010	63.1072	63.3663
43.2109	63.4401	63.3659
43.2209	62.9408	63.3650
43.2299	63.1072	63.3631
43.2409	63.2737	63.3622
43.2510	63.3569	63.3620
43.2609	63.6066	63.3629
43.2709	63.5234	63.3642
43.2810	63.5234	63.3653
43.2899	62.7743	63.3641
43.3009	63.1905	63.3620
43.3110	63.6066	63.3623
43.3211	63.0240	63.3622
43.3310	63.2737	63.3610
43.3410	63.5234	63.3614
43.3500	63.8563	63.3635
43.3610	62.6079	63.3630
43.3709	63.6898	63.3619
43.3810	63.4401	63.3633
43.3912	63.1072	63.3630
43.4010	63.5234	63.3630
43.4100	63.6898	63.3647
43.4200	63.0240	63.3649
43.4311	63.0240	63.3631
43.4410	62.9408	63.3610
43.4510	64.0228	63.3620
43.4610	63.6898	63.3652
43.4700	63.6898	63.3674
43.4800	62.9408	63.3673
43.4911	62.9408	63.3650
43.5010	63.0240	63.3629
43.5110	63.4401	63.3624
43.5211	63.3569	63.3628
43.5300	62.6079	63.3608
43.5402	63.6898	63.3598
43.5511	63.6898	63.3620
43.5610	62.9408	63.3620
43.5711	63.8563	63.3624
43.5810	64.1892	63.3666
43.5901	63.2737	63.3691
43.6002	62.6079	63.3667
43.6111	62.9408	63.3634
43.6210	63.5234	63.3628
43.6311	63.2737	63.3632
43.6410	63.1905	63.3627
43.6501	63.0240	63.3613
43.6601	63.1072	63.3597
43.6700	62.9408	63.3579
43.6811	63.6898	63.3578
43.6912	63.6066	63.3597
43.7010	62.9408	63.3594
43.7102	62.8576	63.3568
43.7201	63.6898	63.3565
43.7300	63.0240	63.3566
43.7411	62.9408	63.3546
43.7513	62.8576	63.3520
43.7611	63.1072	63.3499
43.7703	63.2737	63.3491
43.7802	63.1905	63.3486
43.7901	63.6066	63.3490
43.8011	62.7743	63.3482
43.8111	63.3569	63.3467
43.8211	63.7731	63.3481
43.8302	63.5234	63.3501
43.8401	63.5234	63.3513
43.8502	62.7743	63.3502
43.8602	63.1905	63.3481
43.8712	62.8576	63.3463
43.8811	63.1072	63.3443
43.8902	63.6898	63.3447
43.9005	63.6898	63.3470
43.9103	63.1072	63.3474
43.9201	62.4414	63.3441
43.9312	63.3569	63.3416
43.9413	63.8563	63.3433
43.9512	62.2750	63.3418
43.9602	63.1072	63.3381
43.9702	63.4401	63.3378
43.9802	63.5234	63.3388
43.9913	63.4401	63.3398
44.0012	63.9395	63.3421
44.0113	63.6898	63.3451
44.0202	63.3569	63.3464
44.0303	63.3569	63.3466
44.0402	63.2737	63.3466
44.0512	63.1905	63.3462
44.0613	62.7743	63.3442
44.0712	63.2737	63.3425
44.0804	63.5234	63.3431
44.0902	63.1905	63.3435
44.1002	63.1905	63.3428
44.1107	63.3569	63.3427
44.1212	63.3569	63.3431
44.1312	63.7731	63.3448
44.1402	63.9395	63.3482
44.1502	63.1905	63.3499
44.1602	62.9408	63.3485
44.1702	62.8576	63.3463
44.1812	63.8563	63.3468
44.1912	62.6911	63.3468
44.2003	63.3569	63.3453
44.2103	64.0228	63.3479
44.2202	62.9408	63.3492
44.2303	63.6898	63.3496
44.2413	62.8576	63.3497
44.2512	63.1072	63.3481
44.2603	63.4401	63.3483
44.2702	62.7743	63.3475
44.2802	63.1905	63.3460
44.2903	63.6898	63.3472
44.3003	64.1892	63.3515
44.3120	62.4414	63.3521
44.3203	63.3569	63.3501
44.3303	62.8576	63.3495
44.3404	62.9408	63.3476
44.3503	63.6898	63.3483
44.3604	63.5234	63.3507
44.3713	63.1905	63.3517
44.3804	62.8576	63.3507
44.3903	63.6898	63.3512
44.4004	63.2737	63.3530
44.4104	63.9395	63.3556
44.4203	63.6898	63.3594
44.4316	64.1892	63.3640
44.4404	63.2737	63.3674
44.4503	63.5234	63.3689
44.4603	63.1072	63.3698
44.4704	62.8576	63.3688
44.4804	63.8563	63.3700
44.4914	63.2737	63.3726
44.5014	63.1905	63.3731
44.5104	63.3569	63.3740
44.5204	63.6898	63.3764
44.5304	63.2737	63.3786
44.5408	62.9408	63.3785
44.5505	63.1072	63.3780
44.5614	63.1072	63.3781
44.5704	63.6898	63.3799
44.5804	63.6898	63.3835
44.5904	63.2737	63.3859
44.6005	63.3569	63.3874
44.6105	63.1905	63.3886
44.6204	63.4401	63.3901
44.6305	64.0228	63.3941
44.6405	63.5234	63.3985
44.6504	63.1905	63.4003
44.6605	63.0240	63.4007
44.6706	63.1905	63.4012
44.6815	62.9408	63.4014
44.6906	63.3569	63.4022
44.7005	62.8576	63.4028
44.7104	63.7731	63.4046
44.7205	62.9408	63.4068
44.7305	63.6066	63.4085
44.7405	63.4401	63.4118
44.7505	63.4401	63.4146
44.7604	63.6898	63.4182
44.7704	63.7731	63.4228
44.7805	62.7743	63.4247
44.7905	64.0228	63.4275
44.8005	63.5234	63.4325
44.8105	63.9395	63.4373
44.8205	62.9408	63.4403
44.8307	63.9395	63.4435
44.8406	63.2737	63.4476
44.8505	63.6898	63.4511
44.8606	63.6066	63.4556
44.8705	62.7743	63.4574
44.8805	62.9408	63.4572
44.8905	64.1060	63.4611
44.9006	63.7731	63.4675
44.9106	63.7731	63.4730
44.9205	63.7731	63.4785
44.9305	64.3557	63.4858
44.9406	64.1060	63.4942
44.9506	63.3569	63.4995
44.9606	63.1072	63.5019
44.9705	63.3569	63.5043
44.9806	62.8576	63.5061
44.9905	62.9408	63.5066
45.0005	63.4401	63.5089
45.0106	63.7731	63.5138
45.0205	63.8563	63.5200
45.0305	63.6898	63.5259
45.0406	63.6898	63.5314
45.0506	62.6911	63.5339
45.0608	62.7743	63.5337
45.0706	63.6066	63.5363
45.0806	63.3569	63.5407
45.0907	63.2737	63.5442
45.1006	63.1072	63.5469
45.1106	63.3569	63.5499
45.1207	63.4401	63.5540
45.1307	63.4401	63.5583
45.1406	63.5234	63.5630
45.1507	63.6898	63.5684
45.1606	63.1072	63.5726
45.1705	64.0228	63.5778
45.1806	63.3569	63.5838
45.1906	63.5234	63.5884
45.2006	63.1905	63.5924
45.2107	63.7731	63.5973
45.2207	63.4401	63.6029
45.2306	63.5234	63.6079
45.2406	63.4401	63.6128
45.2506	63.8563	63.6188
45.2606	64.0228	63.6265
45.2709	63.1905	63.6323
45.2807	63.5234	63.6366
45.2907	63.1905	63.6410
45.3007	63.6898	63.6458
45.3107	63.4401	63.6515
45.3210	63.8563	63.6576
45.3307	63.1072	63.6628
45.3407	63.6898	63.6675
45.3507	63.6066	63.6738
45.3607	63.6066	63.6798
45.3709	63.3569	63.6851
45.3808	63.1072	63.6890
45.3907	63.2737	63.6926
45.4007	63.8563	63.6985
45.4109	63.4401	63.7049
45.4207	64.0228	63.7118
45.4307	63.1905	63.7181
45.4409	63.9395	63.7241
45.4508	63.3569	63.7306
45.4607	63.4401	63.7356
45.4707	63.1905	63.7402
45.4808	63.8563	63.7460
45.4908	63.9395	63.7542
45.5008	62.9408	63.7596
45.5108	63.3569	63.7632
45.5207	63.6066	63.7689
45.5310	63.7731	63.7759
45.5408	63.9395	63.7839
45.5508	63.0240	63.7896
45.5608	63.7731	63.7949
45.5709	63.1905	63.8007
45.5808	63.6898	63.8062
45.5908	63.6898	63.8133
45.6007	63.9395	63.8212
45.6108	63.6898	63.8290
45.6208	64.4389	63.8384
45.6307	64.0228	63.8487
45.6408	63.8563	63.8574
45.6508	63.4401	63.8642
45.6607	63.9395	63.8713
45.6708	64.6054	63.8820
45.6809	63.7731	63.8921
45.6908	63.8563	63.9000
45.7009	64.5222	63.9101
45.7108	63.6066	63.9194
45.7207	63.6898	63.9263
45.7308	63.6898	63.9334
45.7409	63.5234	63.9400
45.7508	63.7731	63.9469
45.7609	64.0228	63.9552
45.7709	63.3569	63.9623
45.7809	63.7731	63.9687
45.7909	64.6054	63.9788
45.8009	63.6898	63.9886
45.8109	63.6898	63.9957
45.8209	64.6054	64.0055
45.8309	63.9395	64.0160
45.8409	63.5234	64.0233
45.8509	63.5234	64.0293
45.8608	64.1060	64.0371
45.8700	63.2737	64.0440
45.8808	64.3557	64.0518
45.8908	63.6066	64.0605
45.9009	63.6066	64.0670
45.9109	64.2725	64.0754
45.9209	63.5234	64.0836
45.9298	63.8563	64.0905
45.9409	64.1060	64.0991
45.9509	63.8563	64.1077
45.9609	64.0228	64.1161
45.9708	64.1892	64.1254
45.9808	64.5222	64.1362
45.9899	63.8563	64.1460
46.0009	63.8563	64.1537
46.0109	63.8563	64.1614
46.0209	64.5222	64.1711
46.0309	64.5222	64.1827
46.0408	64.1892	64.1934
46.0500	64.1892	64.2029
46.0609	63.7731	64.2112
46.0709	63.7731	64.2182
46.0810	64.5222	64.2274
46.0909	64.1892	64.2379
46.1009	64.5222	64.2483
46.1100	64.1060	64.2584
46.1199	63.8563	64.2665
46.1309	64.6054	64.2760
46.1409	63.6898	64.2851
46.1509	64.5222	64.2938
46.1610	64.8551	64.3060
46.1709	64.0228	64.3166
46.1801	64.5222	64.3262
46.1911	64.8551	64.3383
46.2010	64.0228	64.3488
46.2109	64.0228	64.3567
46.2209	64.1892	64.3651
46.2310	64.6887	64.3755
46.2401	64.3557	64.3863
46.2510	64.5222	64.3966
46.2610	64.5222	64.4073
46.2710	64.0228	64.4165
46.2810	64.1060	64.4244
46.2910	63.6898	64.4312
46.3001	64.3557	64.4387
46.3101	64.5222	64.4487
46.3210	64.1892	64.4581
46.3310	63.8563	64.4655
46.3410	64.5222	64.4739
46.3510	65.0216	64.4857
46.3600	64.2725	64.4967
46.3701	64.8551	64.5072
46.3811	64.3557	64.5178
46.3910	64.2725	64.5266
46.4011	64.3557	64.5354
46.4111	64.4389	64.5446
46.4201	64.6887	64.5548
46.4301	64.1892	64.5642
46.4411	64.4389	64.5727
46.4512	64.3557	64.5817
46.4612	64.2725	64.5902
46.4710	65.2713	64.6013
46.4801	64.5222	64.6131
46.4901	64.6887	64.6231
46.5010	64.3557	64.6325
46.5111	63.8563	64.6394
46.5211	64.1892	64.6457
46.5311	64.3557	64.6535
46.5402	64.1892	64.6612
46.5501	64.6887	64.6698
46.5600	64.6054	64.6797
46.5711	64.5222	64.6889
46.5811	64.1060	64.6967
46.5910	64.3557	64.7038
46.6002	64.5222	64.7122
46.6101	65.0216	64.7225
46.6201	65.0216	64.7342
46.6311	65.1881	64.7464
46.6411	64.5222	64.7569
46.6511	64.5222	64.7655
46.6602	65.3546	64.7764
46.6701	64.8551	64.7883
46.6801	65.0216	64.7992
46.6911	65.2713	64.8112
46.7011	64.7719	64.8224
46.7111	65.0216	64.8328
46.7202	64.6887	64.8428
46.7302	64.5222	64.8513
46.7402	65.0216	64.8607
46.7501	64.5222	64.8701
46.7615	64.7719	64.8787
46.7711	65.1049	64.8890
46.7802	64.6054	64.8987
46.7902	65.1049	64.9083
46.8002	64.7719	64.9184
46.8101	64.5222	64.9267
46.8212	65.1881	64.9361
46.8312	65.1049	64.9473
46.8402	65.3546	64.9589
46.8502	64.3557	64.9682
46.8602	64.7719	64.9756
46.8702	64.6887	64.9841
46.8812	64.6887	64.9922
46.8912	65.1049	65.0015
46.9002	64.8551	65.0112
46.9102	64.8551	65.0202
46.9202	65.1049	65.0298
46.9303	64.9384	65.0397
46.9413	64.5222	65.0477
46.9512	65.3546	65.0569
46.9603	65.5211	65.0690
46.9703	64.5222	65.0786
46.9802	65.4378	65.0879
46.9902	64.3557	65.0966
47.0003	65.0216	65.1040
47.0112	65.3546	65.1143
47.0203	65.5211	65.1261
47.0302	65.1049	65.1370
47.0403	64.6887	65.1454
47.0503	65.6043	65.1553
47.0604	64.9384	65.1658
47.0713	64.9384	65.1742
47.0814	65.3546	65.1839
47.0904	65.5211	65.1952
47.1003	65.6876	65.2075
47.1104	64.7719	65.2175
47.1203	65.6043	65.2271
47.1312	64.9384	65.2372
47.1414	65.9373	65.2483
47.1503	65.1049	65.2597
47.1602	65.1881	65.2688
47.1703	65.1049	65.2779
47.1803	64.9384	65.2862
47.1903	65.1881	65.2946
47.2012	64.8551	65.3028
47.2103	65.3546	65.3114
47.2203	65.3546	65.3214
47.2303	65.2713	65.3311
47.2403	65.4378	65.3410
47.2503	65.3546	65.3512
47.2615	65.6876	65.3620
47.2703	65.6876	65.3737
47.2807	65.6876	65.3854
47.2903	65.5211	65.3965
47.3003	65.7708	65.4078
47.3106	65.5211	65.4190
47.3214	65.0216	65.4279
47.3303	65.2713	65.4360
47.3410	65.1049	65.4443
47.3504	65.9373	65.4546
47.3604	65.3546	65.4655
47.3704	65.1881	65.4741
47.3815	66.0206	65.4847
47.3904	65.1881	65.4952
47.4005	65.0216	65.5027
47.4104	65.8541	65.5121
47.4204	65.1881	65.5219
47.4305	65.7708	65.5315
47.4404	65.5211	65.5420
47.4504	65.6043	65.5519
47.4606	65.8541	65.5628
47.4704	65.8541	65.5743
47.4804	65.8541	65.5858
47.4905	65.5211	65.5963
47.5005	65.4378	65.6054
47.5104	65.5211	65.6145
47.5205	65.8541	65.6247
47.5305	65.6876	65.6354
47.5405	65.6043	65.6453
47.5506	65.5211	65.6546
47.5604	65.5211	65.6636
47.5705	65.1881	65.6715
47.5805	65.1881	65.6784
47.5904	65.3546	65.6858
47.6005	65.8541	65.6950
47.6105	64.9384	65.7030
47.6206	65.7708	65.7106
47.6306	66.0206	65.7214
47.6406	66.0206	65.7330
47.6504	66.0206	65.7444
47.6606	65.4378	65.7540
47.6705	65.6876	65.7625
47.6805	65.8541	65.7722
47.6906	65.6876	65.7819
47.7005	66.1038	65.7922
47.7104	66.0206	65.8034
47.7205	65.8541	65.8138
47.7306	65.8541	65.8236
47.7404	65.6876	65.8329
47.7506	65.8541	65.8421
47.7606	66.0206	65.8522
47.7708	66.0206	65.8627
47.7806	66.2703	65.8739
47.7906	66.0206	65.8850
47.8007	65.6043	65.8940
47.8105	65.7708	65.9021
47.8205	65.1049	65.9088
47.8305	65.6043	65.9148
47.8406	65.6043	65.9222
47.8506	66.0206	65.9309
47.8606	66.0206	65.9407
47.8705	65.5211	65.9489
47.8805	65.9373	65.9568
47.8906	66.1871	65.9666
47.9005	65.6876	65.9756
47.9106	65.1881	65.9815
47.9207	66.5201	65.9898
47.9306	65.6876	65.9995
47.9405	65.8541	66.0072
47.9507	65.7708	66.0150
47.9609	65.9373	66.0230
47.9707	65.9373	66.0314
47.9808	66.0206	66.0400
47.9908	66.2703	66.0495
48.0006	66.0206	66.0589
48.0108	66.2703	66.0682
48.0208	66.0206	66.0774
48.0307	65.5211	66.0843
48.0407	66.1871	66.0915
48.0507	65.3546	66.0982
48.0607	66.2703	66.1051
48.0706	65.2713	66.1116
48.0806	66.1038	66.1176
48.0907	66.1871	66.1262
48.1007	65.8541	66.1340
48.1107	65.9373	66.1409
48.1208	66.4368	66.1495
48.1307	66.2703	66.1591
48.1406	66.7698	66.1695
48.1508	66.6033	66.1808
48.1607	65.9373	66.1895
48.1707	66.0206	66.1964
48.1808	65.8541	66.2029
48.1906	66.8531	66.2118
48.2007	66.3536	66.2222
48.2107	65.8541	66.2294
48.2207	66.5201	66.2371
48.2307	65.8541	66.2446
48.2408	66.1038	66.2508
48.2507	66.3536	66.2584
48.2606	65.8541	66.2652
48.2708	66.1871	66.2714
48.2806	66.1871	66.2784
48.2908	66.1038	66.2852
48.3007	66.1038	66.2916
48.3107	66.2703	66.2984
48.3208	66.1871	66.3053
48.3307	65.6876	66.3104
48.3407	66.2703	66.3156
48.3509	66.5201	66.3233
48.3607	66.5201	66.3316
48.3708	66.2703	66.3391
48.3809	66.4368	66.3462
48.3907	66.1871	66.3529
48.4007	66.3536	66.3593
48.4108	66.1871	66.3656
48.4207	66.4368	66.3720
48.4307	66.1871	66.3783
48.4408	66.1038	66.3836
48.4507	66.0206	66.3882
48.4607	66.6866	66.3945
48.4709	66.0206	66.4006
48.4807	66.5201	66.4062
48.4907	65.8541	66.4112
48.5008	66.6033	66.4164
48.5107	66.7698	66.4242
48.5205	66.6866	66.4321
48.5309	66.3536	66.4387
48.5407	66.3536	66.4442
48.5508	66.9364	66.4514
48.5608	66.6866	66.4594
48.5708	66.8531	66.4671
48.5808	66.2703	66.4735
48.5908	67.0196	66.4803
48.6008	66.7698	66.4884
48.6108	66.4368	66.4947
48.6210	66.1871	66.4992
48.6307	66.3536	66.5033
48.6409	66.3536	66.5079
48.6509	66.3536	66.5123
48.6608	66.1871	66.5162
48.6708	66.5201	66.5205
48.6809	66.5201	66.5257
48.6908	66.1038	66.5295
48.7009	66.8531	66.5343
48.7108	66.2703	66.5396
48.7208	66.5201	66.5437
48.7308	66.6033	66.5487
48.7408	66.0206	66.5522
48.7508	66.0206	66.5539
48.7598	66.3536	66.5564
48.7708	66.3536	66.5599
48.7808	66.5201	66.5638
48.7909	67.0196	66.5697
48.8009	66.6033	66.5756
48.8109	66.8531	66.5810
48.8199	66.7698	66.5869
48.8309	66.6033	66.5918
48.8409	66.6033	66.5962
48.8509	66.6866	66.6008
48.8610	66.6866	66.6055
48.8709	66.9364	66.6109
48.8799	66.5201	66.6157
48.8908	67.0196	66.6207
48.9010	66.7698	66.6264
48.9109	66.8531	66.6315
48.9208	66.7698	66.6364
48.9309	66.8531	66.6414
48.9399	66.5201	66.6454
48.9499	66.4368	66.6482
48.9609	66.8531	66.6519
48.9709	66.3536	66.6552
48.9810	66.2703	66.6567
48.9909	66.9364	66.6600
48.9999	66.8531	66.6648
49.0100	66.6866	66.6689
49.0209	67.1029	66.6736
49.0309	66.8531	66.6788
49.0410	66.6033	66.6824
49.0509	66.8531	66.6859
49.0601	66.8531	66.6901
49.0699	66.9364	66.6945
49.0810	66.6866	66.6983
49.0909	66.5201	66.7007
49.1010	66.3536	66.7021
49.1109	66.7698	66.7042
49.1199	66.6866	66.7072
49.1300	66.2703	66.7087
49.1410	66.4368	66.7093
49.1509	66.8531	66.7116
49.1610	66.5201	66.7141
49.1709	66.6033	66.7158
49.1802	67.0196	66.7189
49.1901	66.2703	66.7210
49.1999	66.8531	66.7225
49.2110	66.6866	66.7251
49.2210	66.6866	66.7272
49.2310	67.1861	66.7307
49.2410	66.7698	66.7344
49.2501	66.7698	66.7368
49.2600	67.0196	66.7399
49.2711	66.5201	66.7421
49.2811	66.3536	66.7423
49.2911	66.6866	66.7429
49.3010	66.8531	66.7449
49.3100	66.6866	66.7469
49.3201	67.1861	66.7498
49.3311	67.0196	66.7537
49.3411	66.8531	66.7564
49.3510	66.6866	66.7582
49.3610	67.1861	66.7608
49.3700	67.0196	66.7644
49.3801	67.3526	66.7684
49.3911	67.6857	66.7744
49.4011	66.7698	66.7785
49.4111	66.8531	66.7801
49.4210	67.1861	66.7829
49.4301	67.4359	66.7874
49.4401	66.3536	66.7893
49.4501	66.8531	66.7895
49.4611	67.0196	66.7916
49.4710	66.3536	66.7921
49.4812	67.1029	66.7929
49.4901	66.9364	66.7954
49.5001	67.1861	66.7980
49.5103	66.6866	66.7999
49.5211	66.8531	66.8008
49.5311	67.1861	66.8031
49.5411	67.0196	66.8058
49.5502	67.5192	66.8095
49.5602	66.8531	66.8127
49.5701	66.8531	66.8138
49.5811	67.1861	66.8159
49.5912	67.1861	66.8190
49.6011	67.0196	66.8215
49.6102	66.5201	66.8219
49.6203	66.3536	66.8204
49.6301	66.8531	66.8198
49.6402	66.8531	66.8207
49.6512	66.9364	66.8218
49.6611	67.5192	66.8249
49.6702	66.9364	66.8279
49.6802	67.1861	66.8299
49.6901	66.8531	66.8316
49.7002	67.2694	66.8336
49.7113	66.8531	66.8355
49.7213	67.5192	66.8381
49.7303	66.6033	66.8399
49.7402	67.2694	66.8410
49.7503	66.6033	66.8420
49.7602	66.7698	66.8415
49.7711	66.1871	66.8397
49.7811	67.8522	66.8412
49.7902	66.6866	66.8441
49.8002	66.8531	66.8440
49.8100	67.1861	66.8454
49.8202	66.8531	66.8467
49.8313	67.1861	66.8480
49.8412	66.7698	66.8491
49.8502	66.8531	66.8491
49.8602	67.3526	66.8509
49.8702	67.1861	66.8536
49.8803	66.8531	66.8549
49.8903	66.7698	66.8548
49.9012	66.7698	66.8545
49.9103	66.5201	66.8534
49.9202	67.1861	66.8536
49.9303	67.1029	66.8555
49.9403	67.0196	66.8569
49.9502	67.0196	66.8580
49.9613	66.5201	66.8576
49.9703	67.3526	66.8582
49.9805	66.5201	66.8588
49.9903	67.1029	66.8586
50.0004	67.0196	66.8599
50.0102	66.7698	66.8602
50.0218	67.1861	66.8610
50.0314	67.1861	66.8630
50.0403	67.1861	66.8650
50.0503	66.6033	66.8652
50.0603	66.5201	66.8635
50.0703	66.6866	66.8620
50.0803	67.4359	66.8632
50.0913	66.8531	66.8649
50.1003	66.7698	66.8647
50.1103	67.1861	66.8654
50.1203	67.1029	66.8671
50.1305	67.0196	66.8683
50.1404	67.1029	66.8696
50.1513	67.1861	66.8713
50.1604	66.2703	66.8705
50.1704	66.7698	66.8684
50.1803	67.1861	66.8691
50.1903	66.6866	66.8696
50.2004	66.7698	66.8688
50.2114	66.5201	66.8675
50.2205	66.6866	66.8660
50.2305	66.9364	66.8657
50.2403	67.5192	66.8679
50.2504	67.1861	66.8709
50.2604	67.1861	66.8728
50.2713	67.1861	66.8748
50.2805	67.1029	66.8765
50.2905	66.6866	66.8766
50.3003	66.6033	66.8753
50.3104	66.7698	66.8742
50.3204	67.1861	66.8749
50.3303	67.1861	66.8769
50.3406	66.8531	66.8778
50.3505	67.1861	66.8787
50.3604	67.0196	66.8802
50.3706	67.0196	66.8811
50.3804	66.5201	66.8805
50.3904	67.0196	66.8799
50.4006	67.3526	66.8818
50.4105	67.5192	66.8852
50.4204	67.1029	66.8878
50.4306	66.6866	66.8880
50.4405	66.8531	66.8873
50.4504	66.7698	66.8869
50.4606	66.6866	66.8860
50.4704	66.2703	66.8837
50.4805	66.8531	66.8818
50.4907	66.9364	66.8819
50.5005	66.8531	66.8820
50.5105	67.2694	66.8831
50.5205	67.1029	66.8850
50.5304	67.5192	66.8876
50.5405	66.7698	66.8892
50.5507	67.1029	66.8895
50.5604	67.1861	66.8911
50.5707	66.7698	66.8917
50.5805	67.5192	66.8933
50.5904	66.6866	66.8946
50.6006	67.0196	66.8944
50.6106	67.5192	66.8967
50.6205	67.0196	66.8990
50.6305	66.7698	66.8990
50.6407	66.8531	66.8986
50.6505	66.8531	66.8983
50.6606	67.5192	66.9001
50.6705	66.7698	66.9016
50.6805	67.1029	66.9019
50.6906	66.6866	66.9019
50.7006	67.1861	66.9022
50.7105	66.6866	66.9025
50.7206	67.0196	66.9022
50.7305	67.0196	66.9030
50.7405	66.6033	66.9025
50.7505	67.6024	66.9038
50.7606	67.0196	66.9063
50.7710	66.6866	66.9060
50.7807	66.9364	66.9055
50.7906	67.2694	66.9067
50.8007	66.7698	66.9075
50.8107	67.1861	66.9079
50.8207	66.7698	66.9084
50.8306	66.8531	66.9079
50.8407	66.6866	66.9071
50.8508	66.8531	66.9064
50.8606	66.8531	66.9061
50.8707	66.6033	66.9051
50.8807	66.5201	66.9030
50.8907	67.0196	66.9023
50.9006	66.6033	66.9018
50.9106	66.6866	66.9003
50.9207	66.6866	66.8990
50.9306	66.8531	66.8983
50.9406	66.6866	66.8975
50.9506	66.6866	66.8963
50.9606	67.1861	66.8966
50.9707	67.0196	66.8978
50.9806	67.0196	66.8986
50.9906	67.4359	66.9006
51.0006	66.7698	66.9019
51.0106	66.5201	66.9004
51.0206	67.0196	66.8996
51.0306	67.2694	66.9011
51.0407	67.6024	66.9044
51.0507	67.2694	66.9076
51.0606	66.6033	66.9078
51.0707	67.6857	66.9093
51.0807	66.6033	66.9108
51.0906	66.8531	66.9097
51.1007	66.7698	66.9092
51.1108	66.5201	66.9077
51.1207	67.3526	66.9079
51.1307	66.6866	66.9086
51.1406	66.6866	66.9073
51.1508	66.7698	66.9063
51.1607	66.6866	66.9053
51.1708	66.6033	66.9037
51.1806	66.6033	66.9020
51.1907	67.5192	66.9030
51.2007	66.7698	66.9045
51.2107	67.6024	66.9062
51.2207	66.1871	66.9062
51.2307	67.0196	66.9044
51.2407	66.6866	66.9042
51.2507	66.7698	66.9031
51.2607	67.3526	66.9041
51.2707	66.9364	66.9056
51.2808	67.0196	66.9061
51.2907	66.7698	66.9061
51.3008	67.0196	66.9060
51.3108	66.6866	66.9058
51.3207	67.3526	66.9065
51.3307	67.1029	66.9085
51.3407	66.9364	66.9092
51.3507	67.1029	66.9099
51.3609	66.6033	66.9096
51.3707	66.8531	66.9086
51.3807	66.8531	66.9083
51.3907	66.7698	66.9078
51.3997	66.6866	66.9067
51.4108	66.6033	66.9052
51.4207	66.5201	66.9032
51.4307	67.0196	66.9024
51.4410	66.6033	66.9019
51.4508	67.2694	66.9022
51.4607	66.5201	66.9022
51.4710	66.9364	66.9011
51.4808	67.1861	66.9021
51.4908	67.1861	66.9039
51.5009	67.4359	66.9064
51.5108	66.6866	66.9074
51.5208	66.6866	66.9061
51.5309	67.6024	66.9076
51.5408	66.9364	66.9098
51.5508	66.8531	66.9098
51.5610	67.0196	66.9100
51.5708	66.5201	66.9092
51.5808	67.2694	66.9092
51.5910	67.1861	66.9111
51.6008	66.6866	66.9114
51.6108	67.3526	66.9121
51.6208	67.0196	66.9138
51.6308	67.2694	66.9152
51.6408	66.5201	66.9152
51.6499	66.8531	66.9139
51.6608	67.1861	66.9146
51.6709	66.9364	66.9155
51.6808	67.2694	66.9167
51.6909	67.0196	66.9182
51.7008	67.2694	66.9196
51.7100	66.9364	66.9208
51.7209	67.4359	66.9225
51.7309	66.8531	66.9239
51.7409	66.6866	66.9230
51.7509	66.7698	66.9219
51.7608	66.6866	66.9209
51.7699	66.8531	66.9200
51.7809	66.8531	66.9197
51.7911	66.8531	66.9194
51.8009	66.6866	66.9186
51.8109	67.1029	66.9185
51.8209	66.6033	66.9182
51.8299	66.5201	66.9161
51.8399	67.0196	66.9153
51.8512	66.9364	66.9157
51.8610	67.1029	66.9164
51.8709	66.9364	66.9171
51.8809	67.1861	66.9181
51.8900	67.5192	66.9208
51.8999	67.1861	66.9234
51.9109	66.8531	66.9241
51.9210	67.1861	66.9248
51.9309	66.7698	66.9252
51.9409	67.0196	66.9251
51.9500	66.9364	66.9255
51.9599	66.8531	66.9254
51.9709	67.1861	66.9260
51.9810	67.2694	66.9279
51.9910	66.6866	66.9283
52.0010	67.1029	66.9282
52.0100	66.7698	66.9283
52.0200	66.6866	66.9272
52.0310	67.0196	66.9269
52.0409	66.7698	66.9268
52.0513	66.7698	66.9259
52.0610	67.0196	66.9258
52.0700	66.9364	66.9262
52.0800	67.1861	66.9271
52.0900	66.5201	66.9268
52.1010	66.6866	66.9249
52.1110	66.8531	66.9241
52.1211	66.6866	66.9232
52.1300	67.0196	66.9229
52.1400	67.1861	66.9241
52.1500	67.3526	66.9262
52.1610	66.6866	66.9269
52.1710	67.1029	66.9268
52.1810	67.5192	66.9292
52.1900	66.6866	66.9303
52.2001	66.8531	66.9295
52.2100	67.0196	66.9296
52.2210	67.0196	66.9302
52.2311	67.2694	66.9316
52.2410	67.0196	66.9330
52.2501	67.3526	66.9346
52.2600	66.9364	66.9360
52.2701	67.4359	66.9376
52.2801	67.1029	66.9397
52.2911	66.6033	66.9393
52.3010	66.7698	66.9379
52.3101	67.1029	66.9380
52.3201	67.1029	66.9391
52.3301	66.9364	66.9397
52.3401	67.4359	66.9413
52.3511	67.0196	66.9432
52.3611	66.7698	66.9430
52.3711	66.8531	66.9424
52.3801	67.2694	66.9432
52.3901	67.1861	66.9450
52.4002	67.0196	66.9461
52.4111	66.6866	66.9457
52.4211	66.8531	66.9447
52.4313	66.7698	66.9441
52.4402	67.1861	66.9444
52.4501	67.6024	66.9472
52.4602	66.6033	66.9483
52.4713	66.6866	66.9466
52.4811	67.0196	66.9462
52.4912	67.0196	66.9468
52.5002	67.0196	66.9473
52.5101	66.6033	66.9466
52.5203	67.4359	66.9472
52.5301	67.3526	66.9500
52.5411	66.4368	66.9499
52.5513	67.1861	66.9492
52.5602	66.6033	66.9490
52.5702	67.6024	66.9500
52.5802	67.3526	66.9533
52.5902	66.8531	66.9544
52.6012	66.3536	66.9524
52.6112	67.6024	66.9527
52.6201	67.0196	66.9550
52.6303	66.5201	66.9541
52.6402	67.0196	66.9531
52.6502	67.1861	66.9542
52.6614	67.1029	66.9555
52.6713	66.5201	66.9548
52.6802	66.8531	66.9533
52.6904	67.1861	66.9538
52.7003	66.9364	66.9546
52.7102	66.8531	66.9544
52.7205	67.0196	66.9545
52.7312	67.1861	66.9555
52.7406	67.3526	66.9575
52.7503	66.9364	66.9588
52.7602	67.2694	66.9598
52.7703	66.5201	66.9596
52.7803	66.8531	66.9581
52.7912	66.6866	66.9571
52.8003	66.3536	66.9547
52.8103	66.8531	66.9527
52.8202	66.7698	66.9520
52.8303	67.0196	66.9518
52.8403	66.6866	66.9513
52.8512	67.1029	66.9511
52.8604	67.2694	66.9527
52.8703	67.1029	66.9542
52.8802	66.7698	66.9543
52.8903	66.8531	66.9536
52.9003	67.2694	66.9544
52.9112	66.7698	66.9549
52.9203	67.3526	66.9557
52.9302	67.1029	66.9575
52.9403	66.8531	66.9577
52.9504	67.5192	66.9592
52.9603	66.5201	66.9597
52.9702	67.3526	66.9598
52.9813	67.3526	66.9623
52.9903	66.9364	66.9635
53.0003	66.5201	66.9622
53.0104	66.3536	66.9592
53.0203	67.0196	66.9577
53.0304	67.1861	66.9588
53.0413	67.0196	66.9598
53.0503	66.9364	66.9600
53.0604	66.8531	66.9598
53.0704	66.8531	66.9593
53.0803	67.1861	66.9598
53.0904	67.1861	66.9613
53.1014	67.1861	66.9628
53.1103	67.0196	66.9638
53.1204	66.8531	66.9638
53.1304	66.6033	66.9625
53.1403	66.6866	66.9608
53.1504	66.7698	66.9595
53.1614	67.1861	66.9598
53.1703	67.4359	66.9620
53.1804	67.0196	66.9638
53.1904	67.1861	66.9648
53.2004	67.0196	66.9657
53.2104	67.2694	66.9670
53.2205	66.6866	66.9672
53.2304	67.3526	66.9677
53.2404	67.1029	66.9694
53.2504	67.0196	66.9701
53.2604	66.8531	66.9700
53.2704	66.1038	66.9673
53.2804	67.1861	66.9655
53.2904	67.8522	66.9689
53.3004	66.3536	66.9699
53.3104	67.1861	66.9689
53.3205	66.6866	66.9688
53.3304	67.0196	66.9683
53.3404	66.4368	66.9670
53.3505	66.6866	66.9647
53.3604	67.4359	66.9654
53.3704	67.2694	66.9679
53.3804	67.0196	66.9691
53.3904	66.8531	66.9691
53.4004	66.8531	66.9685
53.4105	67.1861	66.9690
53.4204	67.1861	66.9704
53.4304	66.8531	66.9709
53.4405	67.0196	66.9708
53.4505	67.1861	66.9718
53.4605	67.0196	66.9727
53.4705	67.1029	66.9734
53.4805	66.7698	66.9733
53.4906	66.5201	66.9715
53.5006	66.6866	66.9695
53.5106	67.1861	66.9694
53.5207	66.6866	66.9693
53.5305	67.1861	66.9693
53.5406	66.9364	66.9700
53.5506	67.8522	66.9727
53.5606	67.2694	66.9764
53.5706	67.2694	66.9783
53.5806	66.9364	66.9792
53.5906	67.1029	66.9796
53.6005	66.9364	66.9800
53.6106	67.3526	66.9812
53.6206	66.6866	66.9816
53.6306	67.0196	66.9810
53.6407	66.9364	66.9812
53.6506	66.4368	66.9796
53.6605	67.3526	66.9792
53.6706	67.1861	66.9811
53.6806	66.9364	66.9818
53.6906	66.7698	66.9812
53.7006	66.9364	66.9806
53.7106	66.5201	66.9792
53.7205	66.6866	66.9771
53.7306	66.6866	66.9756
53.7407	66.7698	66.9742
53.7506	67.1029	66.9742
53.7606	67.4359	66.9761
53.7707	67.0196	66.9778
53.7807	67.3526	66.9792
53.7906	67.1029	66.9808
53.8006	66.8531	66.9810
53.8108	67.0196	66.9809
53.8211	67.2694	66.9820
53.8306	67.1861	66.9836
53.8406	66.7698	66.9838
53.8516	67.4359	66.9846
53.8606	67.0196	66.9863
53.8707	67.3526	66.9876
53.8806	66.4368	66.9873
53.8906	67.1861	66.9864
53.9007	66.8531	66.9867
53.9110	66.6866	66.9856
53.9206	66.5201	66.9835
53.9307	67.0196	66.9824
53.9407	66.7698	66.9820
53.9506	66.6866	66.9806
53.9608	66.8531	66.9795
53.9709	67.0196	66.9794
53.9806	67.1861	66.9803
53.9907	66.6866	66.9802
54.0008	66.7698	66.9789
54.0107	66.8531	66.9780
54.0207	66.6033	66.9767
54.0308	67.4359	66.9771
54.0407	66.6033	66.9775
54.0510	67.2694	66.9774
54.0607	66.8531	66.9780
54.0707	67.0196	66.9779
54.0807	66.8531	66.9778
54.0907	66.9364	66.9775
54.1007	67.1029	66.9779
54.1107	67.0196	66.9785
54.1207	66.6866	66.9779
54.1307	66.7698	66.9766
54.1407	66.0206	66.9732
54.1507	67.0196	66.9706
54.1607	67.2694	66.9718
54.1708	68.0187	66.9760
54.1807	67.2694	66.9801
54.1907	66.8531	66.9808
54.2008	67.2694	66.9814
54.2107	67.1861	66.9830
54.2207	66.9364	66.9836
54.2308	66.8531	66.9833
54.2407	67.0196	66.9831
54.2508	66.8531	66.9830
54.2608	66.9364	66.9826
54.2717	66.5201	66.9812
54.2808	67.1861	66.9806
54.2899	66.6866	66.9805
54.3010	66.8531	66.9794
54.3108	67.0196	66.9792
54.3207	67.1861	66.9801
54.3308	66.6033	66.9797
54.3408	66.5201	66.9774
54.3498	66.0206	66.9733
54.3608	66.6033	66.9694
54.3708	66.8531	66.9681
54.3818	67.3526	66.9690
54.3908	67.0196	66.9704
54.4008	67.5192	66.9723
54.4098	67.2694	66.9750
54.4208	67.0196	66.9761
54.4308	66.9364	66.9763
54.4408	67.0196	66.9764
54.4508	67.0196	66.9768
54.4609	66.6033	66.9759
54.4698	66.5201	66.9736
54.4809	67.0196	66.9725
54.4908	66.5201	66.9714
54.5008	66.6033	66.9691
54.5109	66.9364	66.9680
54.5208	66.6866	66.9671
54.5298	67.0196	66.9666
54.5399	66.6033	66.9657
54.5509	66.4368	66.9632
54.5608	66.5201	66.9604
54.5709	67.0196	66.9593
54.5809	67.0196	66.9598
54.5908	67.0196	66.9602
54.5999	66.7698	66.9599
54.6109	67.2694	66.9604
54.6209	66.6866	66.9606
54.6310	66.6866	66.9591
54.6409	66.9364	66.9583
54.6509	67.1861	66.9590
54.6599	66.4368	66.9582
54.6709	66.6866	66.9559
54.6809	66.7698	66.9546
54.6910	67.0196	66.9544
54.7008	66.6033	66.9536
54.7109	66.7698	66.9521
54.7199	67.6024	66.9536
54.7299	67.1029	66.9561
54.7409	67.1861	66.9573
54.7510	66.6866	66.9572
54.7609	66.7698	66.9560
54.7709	67.0196	66.9557
54.7799	66.6866	66.9552
54.7902	66.8531	66.9541
54.8009	67.4359	66.9554
54.8110	67.4359	66.9583
54.8209	66.9364	66.9598
54.8310	67.4359	66.9612
54.8399	66.6866	66.9619
54.8500	67.6024	66.9631
54.8610	67.1029	66.9656
54.8710	67.0196	66.9663
54.8809	67.1861	66.9672
54.8910	66.6866	66.9671
54.9000	67.5192	66.9680
54.9101	67.0196	66.9700
54.9211	66.8531	66.9699
54.9310	66.8531	66.9693
54.9411	66.5201	66.9677
54.9511	66.9364	66.9664
54.9609	67.0196	66.9666
54.9702	67.4359	66.9682
54.9800	67.0196	66.9699
54.9917	67.1861	66.9708
55.0009	66.6866	66.9707
55.0110	66.9364	66.9699
55.0200	66.6866	66.9691
55.0300	66.5201	66.9670
55.0400	66.8531	66.9654
55.0510	66.9364	66.9651
55.0610	67.4359	66.9665
55.0711	67.6024	66.9700
55.0801	66.9364	66.9719
55.0900	66.6866	66.9710
55.1000	67.0196	66.9705
55.1110	66.7698	66.9701
55.1210	67.0196	66.9698
55.1310	67.0196	66.9702
55.1400	66.9364	66.9703
55.1500	67.0196	66.9705
55.1600	67.4359	66.9722
55.1700	67.2694	66.9746
55.1810	67.6024	66.9775
55.1910	67.0196	66.9796
55.2001	66.8531	66.9795
55.2100	67.2694	66.9801
55.2201	67.1861	66.9817
55.2300	67.4359	66.9838
55.2411	66.6866	66.9844
55.2510	67.1861	66.9843
55.2601	66.7698	66.9844
55.2701	66.7698	66.9832
55.2801	66.5201	66.9813
55.2901	67.1861	66.9807
55.3011	66.7698	66.9808
55.3111	66.8531	66.9799
55.3212	67.0196	66.9798
55.3301	67.4359	66.9814
55.3403	66.8531	66.9825
55.3501	66.7698	66.9816
55.3611	66.6866	66.9802
55.3711	67.1861	66.9801
55.3810	66.6866	66.9800
55.3901	67.2694	66.9801
55.4001	67.3526	66.9822
55.4101	67.6024	66.9853
55.4201	67.1861	66.9879
55.4311	67.0196	66.9887
55.4411	66.8531	66.9885
55.4501	67.0196	66.9883
55.4602	66.9364	66.9884
55.4702	66.5201	66.9870
55.4802	67.5192	66.9873
55.4913	66.6033	66.9879
55.5012	66.5201	66.9855
55.5102	67.1029	66.9846
55.5201	66.9364	66.9849
55.5301	67.3526	66.9860
55.5402	66.5201	66.9858
55.5511	67.0196	66.9847
55.5612	67.0196	66.9850
55.5703	67.6857	66.9873
55.5802	66.8531	66.9892
55.5901	67.6857	66.9910
55.6003	66.9364	66.9931
55.6103	67.0196	66.9931
55.6212	67.0196	66.9934
55.6304	66.6033	66.9925
55.6403	66.9364	66.9913
55.6502	66.1871	66.9889
55.6604	66.8531	66.9862
55.6703	67.1861	66.9865
55.6812	67.0196	66.9873
55.6903	67.0196	66.9877
55.7006	67.1029	66.9882
55.7102	67.6024	66.9906
55.7202	67.0196	66.9926
55.7303	67.1861	66.9934
55.7413	66.9364	66.9940
55.7502	67.0196	66.9940
55.7603	67.4359	66.9956
55.7702	67.1029	66.9974
55.7804	67.1861	66.9984
55.7902	66.6866	66.9982
55.8012	67.1029	66.9977
55.8103	67.6024	67.0000
55.8203	67.0196	67.0020
55.8302	66.8531	67.0018
55.8403	67.0196	67.0016
55.8503	66.7698	67.0011
55.8604	67.1861	67.0011
55.8703	66.6866	67.0009
55.8813	66.6033	66.9989
55.8903	67.4359	66.9992
55.9004	66.6866	66.9997
55.9103	66.2703	66.9967
55.9203	67.1861	66.9952
55.9312	66.6866	66.9950
55.9403	67.4359	66.9956
55.9503	66.7698	66.9964
55.9603	67.1861	66.9964
55.9704	67.2694	66.9979
55.9804	67.0196	66.9990
55.9913	66.8531	66.9987
56.0004	66.9364	66.9983
56.0104	66.5201	66.9968
56.0203	67.4359	66.9968
56.0304	67.1861	66.9988
56.0404	67.3526	67.0006
56.0514	66.8531	67.0014
56.0606	66.8531	67.0006
56.0703	67.4359	67.0017
56.0804	67.0196	67.0032
56.0904	67.4359	67.0047
56.1004	67.1029	67.0064
56.1104	66.8531	67.0064
56.1204	66.6866	67.0052
56.1303	67.1861	67.0049
56.1404	67.5192	67.0072
56.1505	67.1029	67.0092
56.1604	67.1029	67.0099
56.1704	67.5192	67.0119
56.1805	66.8531	67.0131
56.1904	66.4368	67.0111
56.2003	67.2694	67.0103
56.2104	66.6866	67.0103
56.2204	66.8531	67.0090
56.2304	67.1861	67.0092
56.2404	66.8531	67.0094
56.2504	66.8531	67.0087
56.2605	67.3526	67.0094
56.2705	66.8531	67.0101
56.2805	67.6024	67.0116
56.2906	67.2694	67.0143
56.3004	67.0196	67.0153
56.3105	66.8531	67.0150
56.3206	66.9364	67.0144
56.3305	67.0196	67.0144
56.3405	66.5201	67.0131
56.3506	66.3536	67.0098
56.3605	67.9355	67.0108
56.3706	67.0196	67.0138
56.3805	66.6866	67.0130
56.3905	66.9364	67.0119
56.4005	66.8531	67.0114
56.4105	67.5192	67.0126
56.4205	67.4359	67.0156
56.4317	66.6866	67.0160
56.4405	66.4368	67.0135
56.4505	67.0196	67.0119
56.4605	67.2694	67.0129
56.4706	66.8531	67.0133
56.4806	67.1029	67.0133
56.4911	66.9364	67.0135
56.5006	66.7698	67.0127
56.5106	67.0196	67.0122
56.5207	66.8531	67.0119
56.5305	67.0196	67.0116
56.5406	67.0196	67.0118
56.5506	67.0196	67.0120
56.5605	67.0196	67.0122
56.5706	67.0196	67.0124
56.5806	66.6866	67.0116
56.5905	67.2694	67.0116
56.6005	66.8531	67.0120
56.6106	66.6033	67.0105
56.6205	67.1029	67.0097
56.6306	67.3526	67.0112
56.6408	66.8531	67.0119
56.6506	67.1029	67.0118
56.6606	67.3526	67.0133
56.6707	66.7698	67.0138
56.6805	67.6024	67.0149
56.6905	67.4359	67.0181
56.7006	66.7698	67.0188
56.7105	67.0196	67.0183
56.7207	66.9364	67.0182
56.7306	66.6866	67.0171
56.7405	66.6866	67.0153
56.7505	66.5201	67.0130
56.7606	66.8531	67.0112
56.7706	66.5201	67.0094
56.7806	67.2694	67.0089
56.7906	66.8531	67.0093
56.8006	66.8531	67.0085
56.8106	67.6024	67.0100
56.8206	66.8531	67.0115
56.8306	66.6866	67.0102
56.8406	67.6024	67.0111
56.8506	66.7698	67.0123
56.8606	66.8531	67.0113
56.8707	66.5201	67.0095
56.8816	66.8531	67.0077
56.8907	66.9364	67.0072
56.9006	66.8531	67.0066
56.9107	66.8531	67.0058
56.9207	66.8531	67.0051
56.9307	67.1861	67.0053
56.9407	66.9364	67.0058
56.9506	66.7698	67.0050
56.9607	66.6866	67.0035
56.9707	67.1029	67.0030
56.9806	67.1861	67.0039
56.9907	67.0196	67.0047
57.0007	66.8531	67.0044
57.0107	66.7698	67.0034
57.0206	66.6866	67.0019
57.0306	67.0196	67.0011
57.0407	67.2694	67.0021
57.0506	67.0196	67.0031
57.0607	67.4359	67.0046
57.0707	66.6033	67.0048
57.0807	66.8531	67.0033
57.0907	66.6866	67.0020
57.1007	66.3536	66.9992
57.1106	67.1029	66.9977
57.1206	67.0196	66.9982
57.1307	66.6866	66.9975
57.1407	67.2694	66.9975
57.1507	67.0196	66.9985
57.1607	66.8531	66.9982
57.1707	66.9364	66.9977
57.1808	67.2694	66.9985
57.1907	67.5192	67.0010
57.2008	67.2694	67.0035
57.2107	67.2694	67.0052
57.2208	66.8531	67.0057
57.2307	67.4359	67.0067
57.2407	67.4359	67.0094
57.2509	67.0196	67.0108
57.2608	66.6866	67.0100
57.2708	66.6866	67.0082
57.2809	66.8531	67.0070
57.2907	67.6024	67.0084
57.2999	67.3526	67.0114
57.3109	67.3526	67.0136
57.3208	67.6024	67.0165
57.3308	67.4359	67.0197
57.3408	66.8531	67.0206
57.3507	67.0196	67.0203
57.3608	67.0196	67.0204
57.3708	67.0196	67.0206
57.3808	66.6866	67.0197
57.3909	67.0196	67.0189
57.4008	67.5192	67.0205
57.4108	67.4359	67.0235
57.4208	67.0196	67.0248
57.4298	67.1861	67.0255
57.4408	67.4359	67.0274
57.4508	67.4359	67.0300
57.4608	67.3526	67.0324
57.4708	67.3526	67.0345
57.4808	66.0206	67.0326
57.4898	67.0196	67.0297
57.5010	66.6033	67.0285
57.5108	67.4359	67.0287
57.5208	66.8531	67.0295
57.5309	67.0196	67.0292
57.5409	66.8531	67.0288
57.5499	66.9364	67.0282
57.5609	67.1029	67.0283
57.5709	67.2694	67.0294
57.5808	67.1861	67.0308
57.5911	67.3526	67.0324
57.6009	67.2694	67.0342
57.6099	66.8531	67.0346
57.6199	67.0196	67.0342
57.6309	66.6866	67.0333
57.6409	67.5192	67.0339
57.6509	67.1861	67.0360
57.6608	67.2694	67.0373
57.6699	66.5201	67.0367
57.6799	66.6033	67.0340
57.6909	67.4359	67.0341
57.7009	66.8531	67.0349
57.7109	67.7690	67.0368
57.7208	66.6866	67.0381
57.7299	67.9355	67.0400
57.7400	66.7698	67.0420
57.7509	67.0196	67.0413
57.7609	67.2694	67.0422
57.7709	67.2694	67.0437
57.7809	67.3526	67.0455
57.7899	66.5201	67.0451
57.8000	67.0196	67.0436
57.8109	66.8531	67.0432
57.8209	66.8531	67.0422
57.8310	67.2694	67.0426
57.8409	67.1029	67.0436
57.8500	67.2694	67.0447
57.8600	67.0196	67.0455
57.8699	67.0196	67.0455
57.8809	67.8522	67.0481
57.8910	67.0196	67.0506
57.9010	66.7698	67.0499
57.9099	67.6857	67.0511
57.9199	67.3526	67.0542
57.9300	67.1861	67.0557
57.9411	67.4359	67.0574
57.9510	67.3526	67.0597
57.9610	67.6024	67.0624
57.9700	67.3526	67.0651
57.9801	67.2694	67.0669
57.9900	67.2694	67.0683
58.0011	66.7698	67.0683
58.0111	66.8531	67.0670
58.0210	67.2694	67.0672
58.0303	67.0196	67.0679
58.0399	67.1029	67.0680
58.0501	67.0196	67.0682
58.0600	67.4359	67.0694
58.0710	66.7698	67.0699
58.0809	67.0196	67.0691
58.0909	66.3536	67.0670
58.1000	67.0196	67.0649
58.1100	66.6866	67.0639
58.1200	66.8531	67.0624
58.1310	66.9364	67.0616
58.1411	67.1029	67.0615
58.1510	67.0196	67.0617
58.1601	67.2694	67.0625
58.1701	66.8531	67.0627
58.1800	67.1029	67.0624
58.1910	67.3526	67.0636
58.2010	67.6024	67.0663
58.2110	67.3526	67.0690
58.2201	67.1861	67.0704
58.2300	66.9364	67.0706
58.2400	66.6866	67.0693
58.2511	66.7698	67.0675
58.2611	67.2694	67.0674
58.2710	67.2694	67.0688
58.2801	66.6866	67.0685
58.2900	66.7698	67.0666
58.3000	67.4359	67.0671
58.3101	67.3526	67.0692
58.3211	66.6866	67.0692
58.3311	67.4359	67.0694
58.3402	67.2694	67.0713
58.3501	67.3526	67.0730
58.3601	67.2694	67.0746
58.3702	67.4359	67.0765
58.3811	66.9364	67.0774
58.3911	67.2694	67.0778
58.4002	66.6033	67.0772
58.4101	67.0196	67.0758
58.4202	66.8531	67.0752
58.4302	67.0196	67.0746
58.4411	66.6866	67.0735
58.4511	66.8531	67.0719
58.4602	67.2694	67.0720
58.4701	67.1029	67.0729
58.4801	67.4359	67.0743
58.4902	66.6866	67.0745
58.5001	67.6024	67.0751
58.5111	67.2694	67.0775
58.5201	67.2694	67.0789
58.5301	67.2694	67.0803
58.5401	66.7698	67.0802
58.5502	66.9364	67.0791
58.5602	67.2694	67.0795
58.5712	67.4359	67.0814
58.5802	66.5201	67.0810
58.5905	66.9364	67.0791
58.6003	67.4359	67.0800
58.6103	67.0196	67.0811
58.6204	67.2694	67.0817
58.6313	67.2694	67.0831
58.6403	67.1029	67.0840
58.6502	66.8531	67.0836
58.6603	67.1029	67.0832
58.6702	66.8531	67.0828
58.6803	66.3536	67.0802
58.6914	67.0196	67.0780
58.7013	67.1029	67.0782
58.7103	67.4359	67.0795
58.7205	67.1029	67.0809
58.7303	67.1029	67.0813
58.7403	66.7698	67.0806
58.7504	67.1861	67.0803
58.7612	66.9364	67.0804
58.7703	67.4359	67.0813
58.7804	67.5192	67.0839
58.7902	67.2694	67.0860
58.8003	66.5201	67.0851
58.8102	67.2694	67.0842
58.8212	67.1029	67.0851
58.8302	66.7698	67.0844
58.8402	67.2694	67.0843
58.8503	66.7698	67.0841
58.8604	67.1861	67.0837
58.8704	67.1029	67.0843
58.8813	67.2694	67.0852
58.8904	67.5192	67.0873
58.9004	66.8531	67.0881
58.9103	66.6866	67.0864
58.9204	67.2694	67.0860
58.9304	67.1029	67.0869
58.9415	67.2694	67.0877
58.9503	67.0196	67.0883
58.9603	67.2694	67.0889
58.9703	67.1029	67.0897
58.9804	66.7698	67.0890
58.9903	67.1029	67.0883
59.0003	67.3526	67.0894
59.0104	66.9364	67.0900
59.0203	67.0196	67.0896
59.0303	67.3526	67.0904
59.0404	66.7698	67.0905
59.0503	67.5192	67.0910
59.0606	67.1029	67.0926
59.0704	67.1029	67.0929
59.0803	67.1861	67.0935
59.0904	67.4359	67.0950
59.1004	67.0196	67.0961
59.1104	66.5201	67.0944
59.1204	67.5192	67.0942
59.1306	67.6857	67.0974
59.1405	67.1029	67.0995
59.1505	67.4359	67.1008
59.1606	67.2694	67.1025
59.1705	66.4368	67.1013
59.1805	67.1029	67.0996
59.1905	67.2694	67.1004
59.2005	67.3526	67.1019
59.2105	66.9364	67.1024
59.2205	67.1861	67.1024
59.2305	66.8531	67.1022
59.2405	66.7698	67.1007
59.2504	67.2694	67.1005
59.2605	66.7698	67.1002
59.2705	67.1861	67.0998
59.2805	67.3526	67.1010
59.2905	67.2694	67.1025
59.3005	67.0196	67.1030
59.3105	67.2694	67.1035
59.3206	67.1029	67.1043
59.3306	67.4359	67.1056
59.3405	67.1029	67.1068
59.3506	66.8531	67.1063
59.3605	66.7698	67.1048
59.3705	67.1029	67.1040
59.3805	67.2694	67.1048
59.3904	67.0196	67.1053
59.4005	67.1029	67.1052
59.4105	67.4359	67.1065
59.4205	67.2694	67.1082
59.4305	67.4359	67.1100
59.4405	67.1861	67.1114
59.4505	67.1861	67.1122
59.4605	67.2694	67.1131
59.4705	67.2694	67.1143
59.4805	67.1029	67.1150
59.4905	67.3526	67.1160
59.5005	67.5192	67.1182
59.5105	67.2694	67.1201
59.5210	67.0196	67.1205
59.5305	66.7698	67.1195
59.5405	67.4359	67.1196
59.5505	67.1029	67.1208
59.5605	66.8531	67.1202
59.5706	67.1861	67.1199
59.5806	67.6024	67.1218
59.5906	67.5192	67.1247
59.6005	67.6857	67.1279
59.6106	67.3526	67.1305
59.6206	67.6857	67.1332
59.6305	66.7698	67.1340
59.6406	66.8531	67.1324
59.6505	67.0196	67.1315
59.6606	67.1029	67.1314
59.6707	67.0196	67.1313
59.6805	67.2694	67.1317
59.6906	67.1861	67.1325
59.7007	67.0196	67.1326
59.7106	67.4359	67.1335
59.7206	67.1861	67.1349
59.7308	67.0196	67.1350
59.7406	67.1029	67.1348
59.7506	67.4359	67.1359
59.7606	67.0196	67.1368
59.7706	67.0196	67.1364
59.7807	66.9364	67.1357
59.7908	66.5201	67.1336
59.8007	66.2703	67.1294
59.8107	67.4359	67.1280
59.8208	66.7698	67.1281
59.8306	67.6024	67.1287
59.8408	67.2694	67.1309
59.8510	66.9364	67.1310
59.8606	67.4359	67.1316
59.8706	66.9364	67.1322
59.8807	67.1861	67.1320
59.8906	67.6024	67.1339
59.9007	66.9364	67.1350
59.9107	66.9364	67.1341
59.9206	67.1029	67.1337
59.9307	67.1029	67.1338
59.9407	67.7690	67.1358
59.9507	67.7690	67.1399
59.9607	66.8531	67.1413
59.9706	67.1861	67.1408
59.9806	67.6024	67.1426
59.9907	67.4359	67.1452
60.0007	67.0196	67.1460
60.0107	67.0196	67.1455
60.0207	67.1029	67.1453
60.0307	67.2694	67.1459
60.0407	66.5201	67.1446
60.0507	67.1029	67.1429
60.0607	67.1861	67.1432
60.0698	67.6024	67.1450
60.0809	67.7690	67.1486
60.0907	67.1029	67.1506
60.1007	67.4359	67.1517
60.1107	67.0196	67.1524
60.1207	67.3526	67.1529
60.1298	67.0196	67.1535
60.1407	67.1861	67.1535
60.1508	66.7698	67.1527
60.1608	66.8531	67.1510
60.1707	66.8531	67.1495
60.1808	67.3526	67.1495
60.1898	67.1861	67.1505
60.2009	67.4359	67.1518
60.2107	67.0196	67.1526
60.2208	67.1861	67.1526
60.2309	67.2694	67.1533
60.2407	67.2694	67.1543
60.2498	67.0196	67.1546
60.2608	67.2694	67.1548
60.2708	67.2694	67.1558
60.2809	67.1029	67.1563
60.2908	67.2694	67.1568
60.3009	67.1861	67.1575
60.3108	66.9364	67.1572
60.3198	67.4359	67.1577
60.3308	66.6033	67.1572
60.3409	67.5192	67.1569
60.3509	67.1861	67.1584
60.3608	67.3526	67.1594
60.3708	66.7698	67.1591
60.3799	67.5192	67.1593
60.3910	67.1861	67.1608
60.4010	67.2694	67.1615
60.4109	66.7698	67.1609
60.4209	66.7698	67.1589
60.4299	67.2694	67.1584
60.4399	67.2694	67.1593
60.4509	67.4359	67.1608
60.4610	67.1861	67.1620
60.4709	67.8522	67.1644
60.4810	67.2694	67.1671
60.4909	67.1029	67.1676
60.4999	67.1029	67.1675
60.5099	66.0206	67.1641
60.5210	67.1861	67.1611
60.5308	67.1029	67.1613
60.5411	67.0196	67.1610
60.5509	67.2694	67.1611
60.5599	67.4359	67.1626
60.5700	67.4359	67.1645
60.5809	67.1029	67.1655
60.5909	66.9364	67.1649
60.6009	67.1029	67.1643
60.6109	66.7698	67.1633
60.6199	67.5192	67.1635
60.6300	66.8531	67.1639
60.6410	67.2694	67.1636
60.6509	67.1861	67.1642
60.6610	67.6024	67.1659
60.6710	66.7698	67.1664
60.6800	66.9364	67.1648
60.6900	66.7698	67.1632
60.7010	66.9364	67.1616
60.7110	67.1029	67.1610
60.7209	66.8531	67.1602
60.7309	66.9364	67.1589
60.7401	67.6857	67.1601
60.7500	66.9364	67.1613
60.7600	66.6033	67.1592
60.7710	67.1029	67.1577
60.7810	67.2694	67.1581
60.7910	67.2694	67.1591
60.8001	67.2694	67.1600
60.8100	67.2694	67.1609
60.8200	67.6024	67.1629
60.8312	67.2694	67.1648
60.8410	67.1029	67.1652
60.8509	67.1861	67.1654
60.8600	66.9364	67.1651
60.8700	67.1029	67.1645
60.8800	67.6024	67.1659
60.8911	67.6024	67.1688
60.9011	67.3526	67.1710
60.9110	66.7698	67.1706
60.9202	66.7698	67.1685
60.9300	67.0196	67.1671
60.9401	67.2694	67.1673
60.9501	66.9364	67.1672
60.9610	67.2694	67.1671
60.9710	66.9364	67.1670
60.9800	67.3526	67.1672
60.9901	67.3526	67.1686
61.0000	67.1029	67.1692
61.0100	66.7698	67.1681
61.0211	67.1029	67.1670
61.0311	67.1029	67.1669
61.0400	67.2694	67.1673
61.0510	67.2694	67.1682
61.0601	66.3536	67.1663
61.0701	67.0196	67.1637
61.0810	67.5192	67.1646
61.0911	67.2694	67.1663
61.1000	67.3526	67.1674
61.1102	67.1029	67.1681
61.1202	67.3526	67.1687
61.1301	66.9364	67.1688
61.1411	66.7698	67.1672
61.1512	66.9364	67.1656
61.1601	67.6024	67.1665
61.1701	67.6857	67.1696
61.1802	66.9364	67.1708
61.1901	67.1029	67.1702
61.2002	67.2694	67.1705
61.2111	67.2694	67.1714
61.2213	66.8531	67.1710
61.2302	67.4359	67.1711
61.2402	66.6033	67.1705
61.2502	66.9364	67.1684
61.2602	67.4359	67.1687
61.2711	67.4359	67.1706
61.2811	67.2694	67.1720
61.2903	66.9364	67.1719
61.3001	66.1038	67.1682
61.3101	67.2694	67.1656
61.3202	67.7690	67.1680
61.3312	67.1029	67.1699
61.3401	67.1029	67.1697
61.3503	66.9364	67.1691
61.3602	66.9364	67.1680
61.3701	67.6024	67.1689
61.3802	67.0196	67.1700
61.3904	67.0196	67.1694
61.4012	67.4359	67.1700
61.4103	66.9364	67.1703
61.4204	67.1029	67.1697
61.4303	67.2694	67.1701
61.4403	66.5201	67.1687
61.4502	67.3526	67.1676
61.4613	67.1029	67.1682
61.4702	66.9364	67.1676
61.4802	67.4359	67.1679
61.4903	67.2694	67.1693
61.5003	67.1029	67.1697
61.5102	67.2694	67.1701
61.5214	67.2694	67.1709
61.5302	67.0196	67.1710
61.5402	67.2694	67.1711
61.5503	67.4359	67.1725
61.5603	67.2694	67.1738
61.5702	67.2694	67.1747
61.5813	67.1029	67.1750
61.5902	66.9364	67.1744
61.6003	66.9364	67.1732
61.6104	67.1861	67.1728
61.6203	67.7690	67.1749
61.6304	67.1029	67.1768
61.6403	66.6033	67.1751
61.6503	66.9364	67.1729
61.6605	66.9364	67.1718
61.6703	67.2694	67.1716
61.6803	66.7698	67.1710
61.6904	67.1029	67.1699
61.7003	67.2694	67.1702
61.7103	67.5192	67.1718
61.7203	67.6024	67.1744
61.7303	66.7698	67.1748
61.7403	67.1861	67.1739
61.7504	67.2694	67.1745
61.7603	67.1861	67.1751
61.7703	67.1861	67.1754
61.7804	67.2694	67.1760
61.7904	67.1029	67.1763
61.8004	66.6033	67.1746
61.8106	66.9364	67.1725
61.8206	67.9355	67.1743
61.8305	67.1861	67.1769
61.8405	67.0196	67.1767
61.8505	67.0196	67.1761
61.8605	67.0196	67.1754
61.8706	66.9364	67.1745
61.8804	67.6024	67.1753
61.8904	67.4359	67.1776
61.9004	67.1029	67.1785
61.9106	67.1861	67.1785
61.9203	67.2694	67.1791
61.9305	66.6866	67.1782
61.9403	67.2694	67.1772
61.9499	66.4368	67.1755
61.9604	67.2694	67.1739
61.9704	67.1029	67.1742
61.9804	66.6033	67.1725
61.9904	67.1029	67.1708
62.0004	67.2694	67.1712
62.0104	67.3526	67.1723
62.0204	66.9364	67.1724
62.0304	66.6866	67.1704
62.0405	67.5192	67.1703
62.0505	66.6866	67.1701
62.0604	67.0196	67.1685
62.0704	66.6866	67.1668
62.0804	66.9364	67.1649
62.0904	66.6866	67.1630
62.1005	67.1861	67.1619
62.1104	67.0196	67.1618
62.1204	67.2694	67.1619
62.1304	66.8531	67.1615
62.1404	67.1029	67.1606
62.1504	67.2694	67.1610
62.1605	67.1029	67.1614
62.1705	66.6866	67.1600
62.1804	67.1029	67.1586
62.1905	66.4368	67.1565
62.2005	66.9364	67.1539
62.2104	66.8531	67.1525
62.2205	67.4359	67.1527
62.2305	67.1029	67.1536
62.2404	66.9364	67.1530
62.2505	66.9364	67.1519
62.2605	66.8531	67.1505
62.2705	67.4359	67.1507
62.2806	66.9364	67.1511
62.2905	67.5192	67.1518
62.3005	67.1861	67.1532
62.3108	67.9355	67.1558
62.3205	67.5192	67.1595
62.3305	67.1029	67.1606
62.3405	67.1861	67.1607
62.3506	67.4359	67.1618
62.3605	67.2694	67.1632
62.3705	67.6857	67.1653
62.3805	66.9364	67.1664
62.3906	66.9364	67.1652
62.4005	66.6033	67.1631
62.4105	67.2694	67.1619
62.4205	66.9364	67.1618
62.4305	67.4359	67.1621
62.4405	67.4359	67.1640
62.4506	67.4359	67.1658
62.4606	67.2694	67.1672
62.4709	67.1029	67.1675
62.4806	67.1029	67.1673
62.4908	66.7698	67.1661
62.5007	67.4359	67.1660
62.5106	67.3526	67.1676
62.5207	66.9364	67.1676
62.5307	67.2694	67.1675
62.5406	67.4359	67.1688
62.5507	66.4368	67.1676
62.5607	66.9364	67.1649
62.5706	67.4359	67.1653
62.5806	67.2694	67.1666
62.5907	67.0196	67.1667
62.6007	66.9364	67.1658
62.6106	67.2694	67.1656
62.6206	67.2694	67.1664
62.6307	67.1029	67.1668
62.6406	66.3536	67.1643
62.6506	67.2694	67.1624
62.6607	67.2694	67.1632
62.6706	66.7698	67.1626
62.6806	66.9364	67.1609
62.6907	67.1029	67.1603
62.7007	67.1029	67.1601
62.7107	66.7698	67.1590
62.7207	67.2694	67.1583
62.7308	66.9364	67.1582
62.7407	66.7698	67.1565
62.7507	66.9364	67.1549
62.7606	67.1861	67.1545
62.7707	67.2694	67.1552
62.7808	67.1029	67.1555
62.7907	67.7690	67.1574
62.8007	66.6033	67.1578
62.8106	67.1861	67.1564
62.8207	67.1029	67.1565
62.8308	66.9364	67.1558
62.8407	66.7698	67.1542
62.8507	66.6033	67.1516
62.8608	66.6866	67.1487
62.8707	67.0196	67.1471
62.8807	67.4359	67.1477
62.8908	67.2694	67.1491
62.9007	67.1861	67.1498
62.9109	66.4368	67.1479
62.9214	67.1029	67.1458
62.9307	67.2694	67.1462
62.9407	67.1029	67.1466
62.9507	67.3526	67.1472
62.9597	67.4359	67.1489
62.9708	67.2694	67.1503
62.9808	67.3526	67.1514
62.9907	67.1029	67.1521
63.0009	67.1861	67.1522
63.0107	67.4359	67.1533
63.0197	66.4368	67.1522
63.0308	67.4359	67.1511
63.0408	67.7690	67.1539
63.0507	66.6866	67.1546
63.0609	67.3526	67.1539
63.0708	67.1861	67.1548
63.0797	67.2694	67.1554
63.0907	67.2694	67.1563
63.1008	66.7698	67.1556
63.1107	66.7698	67.1535
63.1208	66.5201	67.1506
63.1308	67.5192	67.1500
63.1398	66.9364	67.1506
63.1510	67.2694	67.1505
63.1608	67.1029	67.1509
63.1708	66.7698	67.1497
63.1808	67.2694	67.1491
63.1908	66.1038	67.1465
63.1999	66.9364	67.1429
63.2098	66.7698	67.1413
63.2208	67.0196	67.1400
63.2318	67.0196	67.1394
63.2409	67.6024	67.1406
63.2508	67.4359	67.1430
63.2598	67.4359	67.1449
63.2699	67.2694	67.1463
63.2808	66.8531	67.1460
63.2909	67.2694	67.1456
63.3010	66.6866	67.1448
63.3108	67.3526	67.1442
63.3199	67.6024	67.1463
63.3299	67.4359	67.1487
63.3409	67.4359	67.1506
63.3509	66.9364	67.1510
63.3610	67.1029	67.1504
63.3708	67.4359	67.1513
63.3801	66.9364	67.1516
63.3900	67.1861	67.1513
63.3998	67.6024	67.1529
63.4111	67.2694	67.1548
63.4209	66.9364	67.1546
63.4309	66.7698	67.1530
63.4409	67.4359	67.1529
63.4500	67.1029	67.1537
63.4599	67.1029	67.1536
63.4710	67.2694	67.1540
63.4809	66.9364	67.1538
63.4909	67.1029	67.1532
63.4999	67.2694	67.1535
63.5098	67.6857	67.1557
63.5198	66.9364	67.1568
63.5309	67.0196	67.1559
63.5410	67.1029	67.1555
63.5509	66.7698	67.1543
63.5599	67.1029	67.1532
63.5699	66.5201	67.1513
63.5799	66.6866	67.1482
63.5910	66.7698	67.1458
63.6009	67.9355	67.1472
63.6110	67.1029	67.1496
63.6211	67.1029	67.1495
63.6299	66.9364	67.1489
63.6401	66.8531	67.1475
63.6500	66.9364	67.1461
63.6610	66.9364	67.1450
63.6710	66.7698	67.1434
63.6811	66.9364	67.1418
63.6899	66.7698	67.1402
63.7000	66.7698	67.1381
63.7100	67.6024	67.1385
63.7210	67.2694	67.1404
63.7310	67.1029	67.1409
63.7400	66.4368	67.1388
63.7500	67.6024	67.1382
63.7601	67.4359	67.1406
63.7700	67.6024	67.1430
63.7810	66.1038	67.1414
63.7910	67.1861	67.1385
63.8010	67.1029	67.1387
63.8101	66.7698	67.1376
63.8201	66.7698	67.1355
63.8300	67.1029	67.1344
63.8401	67.4359	67.1354
63.8511	66.9364	67.1358
63.8610	66.9364	67.1347
63.8701	66.8531	67.1334
63.8800	67.4359	67.1336
63.8900	66.9364	67.1340
63.9000	66.8531	67.1327
63.9111	66.9364	67.1314
63.9210	66.6033	67.1293
63.9301	67.1029	67.1277
63.9401	67.1029	67.1277
63.9500	67.2694	67.1281
63.9601	67.1029	67.1286
63.9712	67.4359	67.1295
63.9810	66.6033	67.1290
63.9901	66.9364	67.1269
64.0002	67.2694	67.1269
64.0101	67.1861	67.1276
64.0201	67.0196	67.1276
64.0311	67.2694	67.1278
64.0410	66.9364	67.1277
64.0501	67.1029	67.1272
64.0602	67.2694	67.1276
64.0701	67.6024	67.1296
64.0801	67.1029	67.1310
64.0901	66.7698	67.1299
64.1012	67.5192	67.1301
64.1101	67.0196	67.1311
64.1201	67.2694	67.1313
64.1301	67.2694	67.1322
64.1401	66.9364	67.1321
64.1501	67.4359	67.1325
64.1611	67.2694	67.1340
64.1711	67.4359	67.1354
64.1801	67.2694	67.1368
64.1901	67.1029	67.1372
64.2001	67.2694	67.1376
64.2101	67.4359	67.1390
64.2211	66.9364	67.1394
64.2311	67.2694	67.1393
64.2402	67.1029	67.1397
64.2503	67.2694	67.1401
64.2602	66.3536	67.1383
64.2703	66.9364	67.1354
64.2811	67.1861	67.1351
64.2902	67.2694	67.1357
64.3002	67.1861	67.1364
64.3102	67.3526	67.1373
64.3201	67.2694	67.1384
64.3303	66.4368	67.1368
64.3402	68.2685	67.1382
64.3512	67.4359	67.1426
64.3604	67.2694	67.1440
64.3702	67.1861	67.1447
64.3802	67.2694	67.1453
64.3902	66.9364	67.1452
64.4003	67.2694	67.1450
64.4112	67.1861	67.1456
64.4203	66.8531	67.1450
64.4303	67.1029	67.1441
64.4402	67.0196	67.1437
64.4503	66.6866	67.1421
64.4602	67.1029	67.1407
64.4712	66.6866	67.1394
64.4802	66.7698	67.1370
64.4902	66.7698	67.1349
64.5002	66.9364	67.1333
64.5102	66.8531	67.1320
64.5202	67.1029	67.1311
64.5301	67.1029	67.1310
64.5402	67.2694	67.1315
64.5503	67.2694	67.1324
64.5604	66.7698	67.1318
64.5703	67.3526	67.1315
64.5804	66.4368	67.1301
64.5904	66.7698	67.1271
64.6005	67.4359	67.1270
64.6104	66.6033	67.1264
64.6204	67.1029	67.1249
64.6306	66.6033	67.1233
64.6403	67.1029	67.1218
64.6504	67.2694	67.1222
64.6604	66.7698	67.1217
64.6704	67.5192	67.1219
64.6804	66.9364	67.1226
64.6904	67.2694	67.1226
64.7003	67.2694	67.1235
64.7105	67.1861	67.1243
64.7204	66.9364	67.1240
64.7304	67.6024	67.1249
64.7404	66.7698	67.1254
64.7504	66.6033	67.1228
64.7606	67.1029	67.1213
64.7704	67.3526	67.1220
64.7803	67.1029	67.1227
64.7904	66.9364	67.1221
64.8004	66.6033	67.1201
64.8104	67.1029	67.1186
64.8204	67.1029	67.1185
64.8304	66.9364	67.1180
64.8404	66.9364	67.1170
64.8505	67.4359	67.1175
64.8604	67.4359	67.1194
64.8704	67.3526	67.1212
64.8805	66.6866	67.1206
64.8905	66.4368	67.1174
64.9004	67.2694	67.1158
64.9104	67.2694	67.1168
64.9204	67.6024	67.1188
64.9305	67.0196	67.1200
64.9405	67.1861	67.1200
64.9505	67.2694	67.1207
64.9608	66.6866	67.1199
64.9704	67.1029	67.1186
64.9805	67.1029	67.1186
64.9904	66.7698	67.1176
65.0005	66.9364	67.1160
65.0105	66.6033	67.1140
65.0204	67.0196	67.1123
65.0305	67.6857	67.1138
65.0404	66.6033	67.1140
65.0505	67.2694	67.1130
65.0605	66.9364	67.1130
65.0705	66.7698	67.1115
65.0805	67.4359	67.1115
65.0905	67.2694	67.1130
65.1005	67.1029	67.1135
65.1105	67.3526	67.1142
65.1206	67.1861	67.1152
65.1305	67.3526	67.1162
65.1405	67.1029	67.1169
65.1506	67.2694	67.1174
65.1606	67.5192	67.1191
65.1706	67.6857	67.1221
65.1805	67.0196	67.1235
65.1905	67.8522	67.1255
65.2006	66.1038	67.1247
65.2105	67.1029	67.1216
65.2205	67.1861	67.1218
65.2306	66.9364	67.1215
65.2405	67.4359	67.1220
65.2505	66.9364	67.1224
65.2606	66.9364	67.1214
65.2705	67.1029	67.1208
65.2805	66.9364	67.1203
65.2906	66.6033	67.1183
65.3006	66.7698	67.1157
65.3106	67.1029	67.1147
65.3206	67.4359	67.1157
65.3306	67.2694	67.1171
65.3406	67.2694	67.1181
65.3506	67.2694	67.1191
65.3606	66.7698	67.1186
65.3706	67.2694	67.1180
65.3806	66.6033	67.1170
65.3905	66.7698	67.1145
65.4006	67.3526	67.1142
65.4105	67.2694	67.1154
65.4207	67.1029	67.1159
65.4307	67.4359	67.1169
65.4406	67.1029	67.1179
65.4506	67.1861	67.1181
65.4607	66.8531	67.1176
65.4706	67.2694	67.1173
65.4806	67.2694	67.1183
65.4907	67.2694	67.1192
65.5007	67.1029	67.1197
65.5106	67.1029	67.1197
65.5208	66.8531	67.1189
65.5307	67.2694	67.1186
65.5406	66.9364	67.1186
65.5507	66.6033	67.1165
65.5606	66.9364	67.1145
65.5706	66.6866	67.1127
65.5810	66.6866	67.1102
65.5906	66.1871	67.1062
65.6006	66.5201	67.1018
65.6107	66.9364	67.0995
65.6207	66.7698	67.0981
65.6308	67.3526	67.0979
65.6408	67.6024	67.1002
65.6506	66.4368	67.0997
65.6598	66.3536	67.0955
65.6707	66.7698	67.0923
65.6807	66.9364	67.0909
65.6907	66.9364	67.0899
65.7007	66.9364	67.0890
65.7107	67.6024	67.0901
65.7197	66.9364	67.0912
65.7307	66.9364	67.0903
65.7407	67.1029	67.0898
65.7515	67.0196	67.0897
65.7610	67.0196	67.0893
65.7707	67.1861	67.0894
65.7798	66.7698	67.0887
65.7908	66.9364	67.0873
65.8008	66.9364	67.0864
65.8108	67.1861	67.0862
65.8209	67.6857	67.0883
65.8307	67.0196	67.0899
65.8400	66.9364	67.0892
65.8498	67.3526	67.0896
65.8609	66.9364	67.0899
65.8708	66.6866	67.0882
65.8808	66.6033	67.0856
65.8909	66.9364	67.0837
65.9000	66.7698	67.0823
65.9098	67.1861	67.0817
65.9209	66.9364	67.0815
65.9309	67.6857	67.0829
65.9408	67.0196	67.0845
65.9509	67.5192	67.0856
65.9608	66.7698	67.0860
65.9698	66.4368	67.0831
65.9809	66.2703	67.0787
65.9909	67.3526	67.0771
66.0008	67.1029	67.0780
66.0108	67.0196	67.0779
66.0209	67.2694	67.0783
66.0300	66.9364	67.0784
66.0409	66.8531	67.0773
66.0508	66.9364	67.0762
66.0610	66.7698	67.0749
66.0709	66.8531	67.0733
66.0808	66.5201	67.0709
66.0899	66.8531	67.0686
66.0998	67.3526	67.0688
66.1108	67.4359	67.0707
66.1209	66.7698	67.0709
66.1309	67.1029	67.0700
66.1398	66.9364	67.0697
66.1499	67.3526	67.0701
66.1598	66.6033	67.0695
66.1708	67.3526	67.0690
66.1809	67.0196	67.0696
66.1908	67.2694	67.0701
66.2008	67.1861	67.0710
66.2099	66.7698	67.0704
66.2199	66.9364	67.0691
66.2309	66.7698	67.0677
66.2409	67.0196	67.0667
66.2509	66.9364	67.0661
66.2609	66.3536	67.0635
66.2699	66.9364	67.0610
66.2799	67.6024	67.0622
66.2909	67.2694	67.0644
66.3010	66.6866	67.0638
66.3109	67.4359	67.0638
66.3209	67.1029	67.0650
66.3299	67.0196	67.0649
66.3399	67.0196	67.0646
66.3499	66.7698	67.0635
66.3609	67.2694	67.0632
66.3709	67.2694	67.0644
66.3810	67.1861	67.0653
66.3899	67.0196	67.0655
66.3999	67.1029	67.0655
66.4100	67.1861	67.0659
66.4209	67.2694	67.0668
66.4310	67.1029	67.0675
66.4410	66.7698	67.0667
66.4500	66.8531	67.0651
66.4599	66.9364	67.0641
66.4699	67.3526	67.0645
66.4809	67.6024	67.0670
66.4909	66.8531	67.0679
66.5011	66.8531	67.0666
66.5100	67.2694	67.0665
66.5200	67.1029	67.0672
66.5300	66.9364	67.0669
66.5401	66.6033	67.0651
66.5510	66.7698	67.0628
66.5610	67.4359	67.0630
66.5699	67.2694	67.0647
66.5800	67.0196	67.0651
66.5899	67.1029	67.0651
66.6001	67.1861	67.0655
66.6109	67.6857	67.0677
66.6210	67.6024	67.0711
66.6300	66.8531	67.0721
66.6401	67.1029	67.0715
66.6500	66.9364	67.0712
66.6600	67.1861	67.0711
66.6710	67.1861	67.0717
66.6810	66.4368	67.0702
66.6900	67.2694	67.0688
66.7001	66.7698	67.0685
66.7102	66.7698	67.0667
66.7200	67.2694	67.0664
66.7311	67.0196	67.0668
66.7411	67.0196	67.0665
66.7511	67.3526	67.0672
66.7601	67.0196	67.0679
66.7701	67.3526	67.0686
66.7800	67.0196	67.0693
66.7901	67.1029	67.0692
66.8011	67.3526	67.0701
66.8110	66.6866	67.0698
66.8201	67.4359	67.0697
66.8300	66.9364	67.0704
66.8401	67.3526	67.0708
66.8501	67.4359	67.0728
66.8610	66.9364	67.0734
66.8702	66.9364	67.0726
66.8801	66.8531	67.0715
66.8901	66.5201	67.0692
66.9001	67.3526	67.0684
66.9102	66.7698	67.0683
66.9213	67.2694	67.0680
66.9312	66.7698	67.0677
66.9402	66.9364	67.0663
66.9501	67.1029	67.0660
66.9601	66.6033	67.0647
66.9702	67.4359	67.0644
66.9801	67.7690	67.0676
66.9911	67.2694	67.0703
67.0001	67.6024	67.0725
67.0101	67.3526	67.0749
67.0201	67.8522	67.0781
67.0301	66.7698	67.0795
67.0402	66.7698	67.0776
67.0512	67.1861	67.0770
67.0602	67.3526	67.0782
67.0701	67.2694	67.0796
67.0802	67.4359	67.0812
67.0902	66.5201	67.0806
67.1002	67.1029	67.0790
67.1112	67.1029	67.0791
67.1202	66.8531	67.0785
67.1301	67.1861	67.0782
67.1402	66.9364	67.0781
67.1502	67.4359	67.0787
67.1602	67.1861	67.0801
67.1712	67.1861	67.0808
67.1802	66.9364	67.0807
67.1902	66.9364	67.0798
67.2002	67.5192	67.0807
67.2102	67.4359	67.0831
67.2210	66.6033	67.0828
67.2302	67.1029	67.0814
67.2402	66.1871	67.0788
67.2502	66.4368	67.0742
67.2603	66.6866	67.0711
67.2703	67.2694	67.0705
67.2804	67.6024	67.0727
67.2903	67.4359	67.0754
67.3005	67.2694	67.0770
67.3104	67.4359	67.0787
67.3203	66.4368	67.0779
67.3303	66.7698	67.0750
67.3404	67.4359	67.0752
67.3503	66.7698	67.0753
67.3603	66.6866	67.0733
67.3705	67.1029	67.0722
67.3804	66.9364	67.0719
67.3903	66.8531	67.0708
67.4004	67.9355	67.0727
67.4103	66.8531	67.0746
67.4203	67.1029	67.0741
67.4304	67.2694	67.0747
67.4404	66.7698	67.0744
67.4503	66.7698	67.0726
67.4604	66.7698	67.0708
67.4704	66.7698	67.0689
67.4803	67.1861	67.0684
67.4904	67.4359	67.0698
67.5003	67.1029	67.0710
67.5103	67.1861	67.0715
67.5205	66.9364	67.0714
67.5304	66.6033	67.0696
67.5403	67.4359	67.0693
67.5505	66.8531	67.0697
67.5604	66.7698	67.0682
67.5704	67.6024	67.0688
67.5804	66.9364	67.0700
67.5904	67.3526	67.0705
67.6004	67.5192	67.0727
67.6104	67.1029	67.0741
67.6204	66.6033	67.0728
67.6304	66.9364	67.0710
67.6404	67.2694	67.0711
67.6504	67.4359	67.0728
67.6605	67.1029	67.0740
67.6704	67.1861	67.0745
67.6803	67.2694	67.0754
67.6905	66.9364	67.0756
67.7004	67.1861	67.0755
67.7104	67.4359	67.0769
67.7204	66.9364	67.0776
67.7304	67.3526	67.0780
67.7404	67.1029	67.0789
67.7506	67.1861	67.0793
67.7604	67.0196	67.0795
67.7704	66.9364	67.0789
67.7805	67.1029	67.0786
67.7904	67.1029	67.0787
67.8004	67.1029	67.0789
67.8105	66.9364	67.0786
67.8205	67.4359	67.0793
67.8304	66.7698	67.0794
67.8407	66.9364	67.0781
67.8505	66.6033	67.0763
67.8604	67.6024	67.0764
67.8704	67.1029	67.0781
67.8805	67.0196	67.0780
67.8905	67.7690	67.0799
67.9005	67.5192	67.0834
67.9105	67.5192	67.0860
67.9205	66.7698	67.0864
67.9304	67.1029	67.0855
67.9405	67.2694	67.0862
67.9505	67.1029	67.0868
67.9605	66.6033	67.0855
67.9704	66.6033	67.0826
67.9805	66.9364	67.0807
67.9905	67.1029	67.0804
68.0006	67.2694	67.0811
68.0106	67.1029	67.0817
68.0205	66.9364	67.0814
68.0305	67.6857	67.0828
68.0406	66.7698	67.0837
68.0507	66.9364	67.0823
68.0606	66.9364	67.0815
68.0705	66.9364	67.0806
68.0806	67.3526	67.0810
68.0905	67.3526	67.0827
68.1006	66.9364	67.0831
68.1105	66.9364	67.0823
68.1205	67.1029	67.0819
68.1306	67.4359	67.0831
68.1405	67.1029	67.0842
68.1505	67.0196	67.0841
68.1606	67.1029	67.0840
68.1705	66.9364	67.0837
68.1806	66.7698	67.0823
68.1906	67.5192	67.0827
68.2007	67.1029	67.0841
68.2106	66.7698	67.0833
68.2205	67.1029	67.0824
68.2306	67.0196	67.0823
68.2406	67.1029	67.0822
68.2506	66.9364	67.0819
68.2606	67.2694	67.0821
68.2706	66.9364	67.0822
68.2807	67.1029	67.0819
68.2906	67.1029	67.0820
68.3007	66.8531	67.0815
68.3115	67.1029	67.0809
68.3206	66.4368	67.0790
68.3306	67.7690	67.0792
68.3406	66.9364	67.0809
68.3506	67.3526	67.0813
68.3606	67.1861	67.0825
68.3706	67.2694	67.0834
68.3806	67.1029	67.0840
68.3908	66.9364	67.0837
68.4006	66.9364	67.0829
68.4106	66.7698	67.0815
68.4206	66.6033	67.0792
68.4307	67.4359	67.0789
68.4406	67.2694	67.0806
68.4507	67.1029	67.0812
68.4607	67.5192	67.0827
68.4707	67.1029	67.0841
68.4807	67.6024	67.0857
68.4908	67.1029	67.0874
68.5008	66.6866	67.0863
68.5107	66.6866	67.0840
68.5206	67.0196	67.0826
68.5306	67.2694	67.0830
68.5407	66.7698	67.0827
68.5497	67.2694	67.0824
68.5607	66.6033	67.0815
68.5707	67.4359	67.0812
68.5807	67.3526	67.0831
68.5907	67.1029	67.0840
68.6007	67.2694	67.0847
68.6097	67.3526	67.0861
68.6208	67.0196	67.0867
68.6308	66.6033	67.0851
68.6407	66.9364	67.0833
68.6508	66.9364	67.0825
68.6607	67.3526	67.0829
68.6698	66.9364	67.0833
68.6808	66.5201	67.0812
68.6907	66.7698	67.0786
68.7008	67.1029	67.0778
68.7108	66.9364	67.0775
68.7209	67.3526	67.0779
68.7297	67.1861	67.0791
68.7408	66.7698	67.0786
68.7507	67.2694	67.0783
68.7608	67.2694	67.0795
68.7707	67.1029	67.0802
68.7810	67.6024	67.0819
68.7897	66.6033	67.0820
68.7998	67.0196	67.0805
68.8107	66.2703	67.0779
68.8208	67.3526	67.0764
68.8309	67.2694	67.0778
68.8407	66.7698	67.0775
68.8498	66.8531	67.0760
68.8598	67.1029	67.0754
68.8708	66.3536	67.0734
68.8810	67.1029	67.0714
68.8908	67.4359	67.0726
68.9008	67.1029	67.0738
68.9099	66.7698	67.0731
68.9197	67.1029	67.0723
68.9308	66.8531	67.0718
68.9416	67.2694	67.0717
68.9508	67.1029	67.0725
68.9609	66.9364	67.0722
68.9707	66.6033	67.0704
68.9798	66.2703	67.0667
68.9898	67.1029	67.0644
69.0008	67.1861	67.0649
69.0109	66.9364	67.0649
69.0209	67.0196	67.0644
69.0299	67.8522	67.0667
69.0398	67.1029	67.0692
69.0498	67.3526	67.0702
69.0609	67.4359	67.0721
69.0708	67.2694	67.0739
69.0808	66.9364	67.0741
69.0898	66.3536	67.0716
69.0998	67.2694	67.0700
69.1099	67.4359	67.0718
69.1209	66.9364	67.0725
69.1308	66.6866	67.0710
69.1408	67.1029	67.0699
69.1509	66.9364	67.0697
69.1599	66.6033	67.0679
69.1700	67.5192	67.0679
69.1810	67.2694	67.0699
69.1909	66.8531	67.0699
69.2008	67.1029	67.0694
69.2109	66.9364	67.0691
69.2199	67.0196	67.0686
69.2299	67.2694	67.0691
69.2399	67.4359	67.0708
69.2509	67.1029	67.0721
69.2609	67.1029	67.0723
69.2699	66.7698	67.0715
69.2800	67.1861	67.0710
69.2899	66.4368	67.0695
69.2999	66.6033	67.0662
69.3110	66.8531	67.0642
69.3209	67.2694	67.0642
69.3310	67.2694	67.0655
69.3400	67.3526	67.0670
69.3500	66.7698	67.0670
69.3599	67.2694	67.0667
69.3710	66.9364	67.0670
69.3811	66.9364	67.0662
69.3910	65.9373	67.0625
69.4000	67.5192	67.0605
69.4101	66.1038	67.0590
69.4200	66.9364	67.0558
69.4300	66.8531	67.0548
69.4410	66.6866	67.0531
69.4509	66.8531	67.0514
69.4600	66.7698	67.0500
69.4700	67.1029	67.0493
69.4800	67.2694	67.0501
69.4900	67.1029	67.0509
69.5010	67.2694	67.0517
69.5110	66.4368	67.0505
69.5200	66.6033	67.0474
69.5301	66.6866	67.0449
69.5401	67.0196	67.0438
69.5502	67.5192	67.0451
69.5611	67.2694	67.0472
69.5711	67.5192	67.0493
69.5800	66.1038	67.0478
69.5900	66.3536	67.0429
69.6001	67.5192	67.0422
69.6101	66.8531	67.0431
69.6212	67.0196	67.0424
69.6311	67.8522	67.0448
69.6401	67.4359	67.0484
69.6503	66.7698	67.0487
69.6601	67.4359	67.0490
69.6701	66.6033	67.0488
69.6801	67.6857	67.0494
69.6911	67.8522	67.0537
69.7000	67.4359	67.0573
69.7101	67.1029	67.0586
69.7201	67.7690	67.0608
69.7300	66.7698	67.0621
69.7402	67.7690	67.0634
69.7510	67.0196	67.0654
69.7601	67.2694	67.0659
69.7702	67.2694	67.0671
69.7801	66.4368	67.0659
69.7901	66.7698	67.0631
69.8001	67.6024	67.0639
69.8111	67.1861	67.0659
69.8201	67.1861	67.0666
69.8301	67.3526	67.0679
69.8401	67.4359	67.0699
69.8501	67.1029	67.0711
69.8603	66.6866	67.0701
69.8702	66.6866	67.0678
69.8811	66.6866	67.0656
69.8903	66.9364	67.0641
69.9001	67.1029	67.0638
69.9102	67.1029	67.0641
69.9202	67.1861	67.0646
69.9302	67.1861	67.0653
69.9414	66.5201	67.0641
69.9503	67.0196	67.0624
69.9601	66.5201	67.0606
69.9702	67.1861	67.0594
69.9802	66.9364	67.0594
69.9902	66.8531	67.0584
70.0012	67.1861	67.0582
70.0103	67.4359	67.0597
70.0201	67.1861	67.0613
70.0303	66.6866	67.0605
70.0404	67.1861	67.0598
70.0503	67.5192	67.0616
70.0603	67.1861	67.0634
70.0704	66.7698	67.0629
70.0803	67.4359	67.0631
70.0905	66.9364	67.0639
70.1004	66.9364	67.0631
70.1103	66.2703	67.0604
70.1204	66.2703	67.0556
70.1303	66.8531	67.0527
70.1402	66.6866	67.0509
70.1504	67.1029	67.0500
70.1603	67.1029	67.0503
70.1704	67.6024	67.0521
70.1805	66.4368	67.0519
70.1903	67.4359	67.0512
70.2004	67.4359	67.0535
70.2105	67.4359	67.0557
70.2203	67.2694	67.0575
70.2304	66.4368	67.0563
70.2404	66.6866	67.0533
70.2503	67.2694	67.0528
70.2604	67.8522	67.0558
70.2704	66.8531	67.0576
70.2804	67.9355	67.0596
70.2903	67.6024	67.0639
70.3003	67.1029	67.0656
70.3103	67.7690	67.0679
70.3204	67.3526	67.0708
70.3305	67.4359	67.0728
70.3403	67.2694	67.0745
70.3504	67.2694	67.0757
70.3604	67.2694	67.0769
70.3703	66.5201	67.0758
70.3803	67.1861	67.0745
70.3903	67.1861	67.0752
70.4003	67.1861	67.0759
70.4104	67.2694	67.0769
70.4203	66.9364	67.0771
70.4303	67.1861	67.0770
70.4404	67.0196	67.0772
70.4503	67.3526	67.0779
70.4603	67.5192	67.0801
70.4704	66.9364	67.0810
70.4804	66.6033	67.0792
70.4904	67.4359	67.0789
70.5004	66.4368	67.0781
70.5104	67.7690	67.0783
70.5205	67.1029	67.0805
70.5303	67.1029	67.0807
70.5404	66.8531	67.0801
70.5504	67.8522	67.0818
70.5604	67.7690	67.0862
70.5705	67.1029	67.0884
70.5803	66.4368	67.0865
70.5903	66.7698	67.0837
70.6003	67.1029	67.0829
70.6103	66.7698	67.0820
70.6204	67.1029	67.0812
70.6303	67.1029	67.0814
70.6404	67.5192	67.0829
70.6504	66.6866	67.0830
70.6603	67.0196	67.0817
70.6704	67.2694	67.0822
70.6804	67.2694	67.0833
70.6904	67.1861	67.0843
70.7005	67.6024	67.0862
70.7105	66.9364	67.0874
70.7217	67.4359	67.0880
70.7305	67.0196	67.0889
70.7404	66.9364	67.0883
70.7504	67.4359	67.0890
70.7604	66.4368	67.0882
70.7704	67.2694	67.0868
70.7804	66.3536	67.0852
70.7909	66.9364	67.0826
70.8004	66.9364	67.0818
70.8105	66.8531	67.0807
70.8204	67.2694	67.0807
70.8304	67.2694	67.0818
70.8406	67.2694	67.0830
70.8505	66.7698	67.0827
70.8604	66.5201	67.0801
70.8706	67.4359	67.0795
70.8804	67.3526	67.0815
70.8904	66.9364	67.0819
70.9005	66.8531	67.0808
70.9105	66.6866	67.0790
70.9205	67.6024	67.0794
70.9305	67.1029	67.0811
70.9405	67.5192	67.0825
70.9505	67.4359	67.0850
70.9606	66.6033	67.0846
70.9705	66.8531	67.0825
70.9805	66.7698	67.0809
70.9906	66.8531	67.0794
71.0005	67.1861	67.0790
71.0105	66.7698	67.0785
71.0205	67.3526	67.0784
71.0305	67.6024	67.0808
71.0405	67.1861	67.0828
71.0505	67.6024	67.0847
71.0605	67.1861	67.0866
71.0705	66.6033	67.0855
71.0806	67.1861	67.0844
71.0905	66.9364	67.0843
71.1006	67.1861	67.0842
71.1106	66.9364	67.0841
71.1205	67.1861	67.0840
71.1306	66.7698	67.0834
71.1406	67.0196	67.0823
71.1506	67.1861	67.0825
71.1606	67.3526	67.0837
71.1707	67.2694	67.0851
71.1806	67.6024	67.0872
71.1906	67.0196	67.0886
71.2006	67.4359	67.0895
71.2106	66.8531	67.0899
71.2209	66.6033	67.0878
71.2306	67.5192	67.0877
71.2406	66.8531	67.0883
71.2507	67.2694	67.0882
71.2607	67.1029	67.0888
71.2706	66.7698	67.0880
71.2806	66.7698	67.0861
71.2906	66.9364	67.0848
71.3006	67.1029	67.0844
71.3107	66.7698	67.0836
71.3206	67.2694	67.0832
71.3306	67.6024	67.0854
71.3406	67.6857	67.0888
71.3507	67.1861	67.0909
71.3606	67.4359	67.0923
71.3711	67.4359	67.0944
71.3807	67.6024	67.0970
71.3906	67.4359	67.0996
71.4007	66.2703	67.0982
71.4107	67.1861	67.0961
71.4207	67.2694	67.0969
71.4308	66.8531	67.0968
71.4396	67.3526	67.0969
71.4509	66.9364	67.0972
71.4608	66.9364	67.0963
71.4706	66.9364	67.0955
71.4807	66.7698	67.0941
71.4907	67.2694	67.0937
71.4996	67.3526	67.0950
71.5107	67.2694	67.0964
71.5207	66.5201	67.0953
71.5307	67.4359	67.0946
71.5407	66.9364	67.0952
71.5509	66.9364	67.0943
71.5597	66.8531	67.0932
71.5707	67.4359	67.0935
71.5807	67.6024	67.0962
71.5907	66.9364	67.0973
71.6007	67.4359	67.0979
71.6107	67.0196	67.0987
71.6198	66.7698	67.0976
71.6308	66.7698	67.0957
71.6407	66.7698	67.0938
71.6508	67.1029	67.0929
71.6607	67.4359	67.0940
71.6707	67.1861	67.0953
71.6798	66.9364	67.0952
71.6898	67.0196	67.0946
71.7007	66.9364	67.0939
71.7108	67.1029	67.0935
71.7208	67.2694	67.0941
71.7307	67.1029	67.0947
71.7399	67.6024	67.0963
71.7499	66.7698	67.0969
71.7608	67.2694	67.0965
71.7709	67.0196	67.0969
71.7809	66.7698	67.0957
71.7916	66.3536	67.0926
71.7999	67.2694	67.0910
71.8099	67.1029	67.0916
71.8208	67.1029	67.0917
71.8309	66.7698	67.0908
71.8407	67.8522	67.0922
71.8508	67.4359	67.0956
71.8598	67.6857	67.0984
71.8697	66.9364	67.0998
71.8798	67.2694	67.0998
71.8908	67.1861	67.1007
71.9008	66.8531	67.1003
71.9108	67.2694	67.1001
71.9208	66.9364	67.1002
71.9308	66.9364	67.0993
71.9398	66.9364	67.0983
71.9508	67.5192	67.0992
71.9608	67.2694	67.1011
71.9708	66.7698	67.1007
71.9799	67.1861	67.1001
71.9898	66.6033	67.0990
71.9999	67.4359	67.0988
72.0109	67.1029	67.1000
72.0209	66.5201	67.0984
72.0311	67.2694	67.0974
72.0398	67.1029	67.0981
72.0499	66.6033	67.0968
72.0599	67.0196	67.0953
72.0708	66.6033	67.0938
72.0809	67.0196	67.0923
72.0910	67.1029	67.0923
72.1008	67.5192	67.0938
72.1099	67.2694	67.0958
72.1199	66.6033	67.0950
72.1298	67.1861	67.0940
72.1410	66.6033	67.0930
72.1509	67.1029	67.0918
72.1608	66.8531	67.0914
72.1700	67.6024	67.0924
72.1799	67.6024	67.0956
72.1899	66.6866	67.0962
72.2010	67.4359	67.0961
72.2110	66.7698	67.0964
72.2209	67.2694	67.0961
72.2299	67.0196	67.0966
72.2399	66.3536	67.0943
72.2500	66.9364	67.0917
72.2609	66.9364	67.0909
72.2711	67.4359	67.0917
72.2809	66.7698	67.0919
72.2900	66.9364	67.0906
72.2999	67.1861	67.0905
72.3099	67.1029	67.0910
72.3201	67.1029	67.0912
72.3310	67.4359	67.0924
72.3410	66.6033	67.0921
72.3500	67.1861	67.0910
72.3601	67.1861	67.0917
72.3700	67.2694	67.0926
72.3801	66.9364	67.0928
72.3910	67.0196	67.0923
72.4011	67.1029	67.0922
72.4102	67.1029	67.0924
72.4200	67.1029	67.0926
72.4301	66.6033	67.0913
72.4401	67.1029	67.0899
72.4510	67.6024	67.0916
72.4610	66.6033	67.0918
72.4700	67.1029	67.0905
72.4801	66.9364	67.0902
72.4901	67.2694	67.0904
72.5001	66.7698	67.0900
72.5111	67.1861	67.0895
72.5211	67.1029	67.0899
72.5300	66.7698	67.0891
72.5401	66.8531	67.0876
72.5501	67.2694	67.0875
72.5600	66.6866	67.0869
72.5701	67.1029	67.0859
72.5810	67.2694	67.0866
72.5902	67.1029	67.0872
72.6000	67.2694	67.0879
72.6100	67.9355	67.0911
72.6204	67.7690	67.0957
72.6300	67.1029	67.0978
72.6412	67.5192	67.0992
72.6511	66.9364	67.1000
72.6601	67.6857	67.1013
72.6701	67.1029	67.1031
72.6801	66.9364	67.1026
72.6901	67.2694	67.1027
72.7011	66.8531	67.1024
72.7101	67.1861	67.1020
72.7201	66.8531	67.1015
72.7301	66.7698	67.0998
72.7402	66.6033	67.0973
72.7502	67.2694	67.0963
72.7611	67.4359	67.0978
72.7702	66.8531	67.0981
72.7802	67.3526	67.0981
72.7901	66.7698	67.0978
72.8003	67.4359	67.0978
72.8101	67.6024	67.1002
72.8202	67.1029	67.1016
72.8304	66.9364	67.1010
72.8403	67.4359	67.1014
72.8502	67.7690	67.1042
72.8603	67.6024	67.1076
72.8703	67.2694	67.1093
72.8802	67.6024	67.1111
72.8904	66.9364	67.1118
72.9002	67.2694	67.1115
72.9102	66.7698	67.1106
72.9204	67.1029	67.1092
72.9303	67.6024	67.1103
72.9403	66.7698	67.1104
72.9503	66.9364	67.1084
72.9602	66.6033	67.1059
72.9703	67.0196	67.1037
72.9803	66.6033	67.1014
72.9903	66.8531	67.0986
73.0004	67.2694	67.0978
73.0103	66.9364	67.0972
73.0202	67.2694	67.0965
73.0302	67.1029	67.0964
73.0403	66.7698	67.0947
73.0502	67.2694	67.0935
73.0603	67.3526	67.0940
73.0703	66.9364	67.0934
73.0803	67.4359	67.0931
73.0903	67.1861	67.0935
73.1002	67.2694	67.0933
73.1103	67.1029	67.0929
73.1202	66.7698	67.0909
73.1302	66.9364	67.0883
73.1411	66.4368	67.0847
73.1503	66.6033	67.0801
73.1603	66.6033	67.0760
73.1703	66.1871	67.0706
73.1804	66.7698	67.0657
73.1903	67.1029	67.0634
73.2003	67.1029	67.0622
73.2104	66.9364	67.0604
73.2202	67.3526	67.0593
73.2304	66.7698	67.0577
73.2404	67.1029	67.0553
73.2502	67.4359	67.0549
73.2603	67.4359	67.0554
73.2703	67.0196	67.0546
73.2803	67.0196	67.0526
73.2903	67.2694	67.0512
73.3004	67.5192	67.0513
73.3103	67.1029	67.0509
73.3203	67.1029	67.0491
73.3303	66.4368	67.0453
73.3404	66.7698	67.0405
73.3505	66.7698	67.0366
73.3603	66.7698	67.0327
73.3704	66.9364	67.0293
73.3806	66.6033	67.0253
73.3903	67.3526	67.0225
73.4004	67.1029	67.0212
73.4105	67.1029	67.0191
73.4204	67.4359	67.0179
73.4304	67.2694	67.0172
73.4404	67.4359	67.0164
73.4503	67.4359	67.0161
73.4603	66.9364	67.0142
73.4704	67.1861	67.0115
73.4804	67.3526	67.0100
73.4904	67.1861	67.0085
73.5004	66.8531	67.0054
73.5103	66.4368	67.0000
73.5204	67.0196	66.9951
73.5304	67.4359	66.9931
73.5404	66.4368	66.9893
73.5504	66.5201	66.9828
73.5604	66.7698	66.9772
73.5704	67.1029	66.9733
73.5804	66.9364	66.9699
73.5904	67.4359	66.9674
73.6006	66.6033	66.9639
73.6104	67.4359	66.9603
73.6204	66.6033	66.9567
73.6304	67.0196	66.9518
73.6404	67.1029	66.9484
73.6504	66.6033	66.9436
73.6604	67.4359	66.9399
73.6704	67.6024	66.9390
73.6804	67.1861	66.9374
73.6905	66.9364	66.9337
73.7005	66.6866	66.9285
73.7104	67.1029	66.9238
73.7205	67.1029	66.9203
73.7304	66.9364	66.9162
73.7404	66.6866	66.9109
73.7505	67.1029	66.9060
73.7604	67.4359	66.9033
73.7704	66.9364	66.9001
73.7807	67.1029	66.8958
73.7904	66.5201	66.8903
73.8006	66.7698	66.8838
73.8105	66.7698	66.8779
73.8204	67.1029	66.8731
73.8305	67.1029	66.8692
73.8405	66.6866	66.8640
73.8505	67.0196	66.8585
73.8605	67.3526	66.8550
73.8705	67.1861	66.8520
73.8805	66.8531	66.8474
73.8905	67.1029	66.8426
73.9006	66.6866	66.8372
73.9105	67.2694	66.8323
73.9206	68.1020	66.8316
73.9306	66.6033	66.8289
73.9405	67.2694	66.8236
73.9505	66.7698	66.8188
73.9606	67.1029	66.8135
73.9705	66.1038	66.8061
73.9806	66.7698	66.7977
73.9906	66.6033	66.7908
74.0006	67.0196	66.7846
74.0106	66.7698	66.7789
74.0207	66.9364	66.7729
74.0305	67.5192	66.7691
74.0406	66.4368	66.7638
74.0506	66.7698	66.7562
74.0606	67.3526	66.7514
74.0706	67.1029	66.7475
74.0807	66.6866	66.7416
74.0907	67.2694	66.7361
74.1006	67.1029	66.7319
74.1107	66.4368	66.7252
74.1207	67.0196	66.7182
74.1307	66.4368	66.7111
74.1396	66.0206	66.7011
74.1507	67.4359	66.6940
74.1606	66.2703	66.6877
74.1706	66.9364	66.6798
74.1807	66.8531	66.6737
74.1906	66.4368	66.6660
74.1996	66.7698	66.6581
74.2108	66.6866	66.6510
74.2206	67.3526	66.6455
74.2306	66.7698	66.6404
74.2407	67.1861	66.6346
74.2507	66.7698	66.6289
74.2606	67.1029	66.6229
74.2707	66.5201	66.6162
74.2807	66.6866	66.6082
74.2908	66.6033	66.6004
74.3008	66.1038	66.5909
74.3107	67.1029	66.5829
74.3198	66.4368	66.5759
74.3297	66.0206	66.5656
74.3408	67.1861	66.5576
74.3508	66.6033	66.5514
74.3607	67.2694	66.5454
74.3706	66.7698	66.5399
74.3797	66.9364	66.5334
74.3897	66.6033	66.5263
74.4007	66.6033	66.5183
74.4108	66.9364	66.5113
74.4207	66.4368	66.5038
74.4307	66.1038	66.4938
74.4407	66.6866	66.4846
74.4497	67.0196	66.4781
74.4607	66.8531	66.4722
74.4707	67.1861	66.4667
74.4807	66.8531	66.4613
74.4907	66.9364	66.4551
74.5008	66.3536	66.4474
74.5097	66.5201	66.4385
74.5208	66.8531	66.4311
74.5308	66.7698	66.4244
74.5407	66.5201	66.4168
74.5510	66.6033	66.4087
74.5598	66.7698	66.4013
74.5697	66.7698	66.3945
74.5797	66.0206	66.3854
74.5907	67.2694	66.3779
74.6007	66.7698	66.3726
74.6109	66.6866	66.3655
74.6207	66.6033	66.3580
74.6298	67.1861	66.3520
74.6398	66.7698	66.3466
74.6508	66.7698	66.3399
74.6607	67.2694	66.3347
74.6709	66.1871	66.3278
74.6807	67.1861	66.3206
74.6898	67.2694	66.3167
74.6998	66.9364	66.3121
74.7108	66.1038	66.3041
74.7208	66.4368	66.2945
74.7310	66.7698	66.2870
74.7408	66.1871	66.2787
74.7499	66.3536	66.2692
74.7599	66.2703	66.2601
74.7708	65.5211	66.2484
74.7808	66.5201	66.2375
74.7908	66.7698	66.2305
74.8008	66.6033	66.2237
74.8098	66.6866	66.2167
74.8198	66.1038	66.2082
74.8298	66.5201	66.1993
74.8408	66.8531	66.1926
74.8511	66.4368	66.1857
74.8608	66.8531	66.1789
74.8699	66.2703	66.1716
74.8798	66.3536	66.1629
74.8898	66.3536	66.1544
74.9009	66.6033	66.1467
74.9108	66.5201	66.1396
74.9208	66.6033	66.1325
74.9301	66.5201	66.1254
74.9400	66.4368	66.1179
74.9499	66.9364	66.1117
74.9609	66.1038	66.1045
74.9709	65.9373	66.0944
74.9809	65.7708	66.0833
74.9899	66.3536	66.0735
75.0000	66.9364	66.0673
75.0099	65.7708	66.0593
75.0199	66.2703	66.0494
75.0310	66.4368	66.0416
75.0409	66.1871	66.0335
75.0500	66.0206	66.0243
75.0599	65.7708	66.0138
75.0699	66.1038	66.0037
75.0799	66.3536	65.9953
75.0909	66.2703	65.9875
75.1016	66.2703	65.9795
75.1099	66.6033	65.9726
75.1199	66.6033	65.9667
75.1299	65.9373	65.9589
75.1399	66.1038	65.9496
75.1510	66.2703	65.9414
75.1609	66.5201	65.9345
75.1700	66.1871	65.9274
75.1799	66.2703	65.9196
75.1900	65.6876	65.9104
75.1999	65.8541	65.8999
75.2109	66.6866	65.8925
75.2209	65.1881	65.8832
75.2299	66.4368	65.8732
75.2400	65.9373	65.8655
75.2500	66.2703	65.8574
75.2600	65.7708	65.8488
75.2701	65.6876	65.8385
75.2809	66.0206	65.8290
75.2910	66.5201	65.8221
75.3000	65.7708	65.8145
75.3100	65.8541	65.8049
75.3200	66.3536	65.7972
75.3300	66.1871	65.7905
75.3410	66.0206	65.7828
75.3510	66.0206	65.7747
75.3600	66.4368	65.7679
75.3700	66.0206	65.7612
75.3800	66.1871	65.7537
75.3901	66.0206	65.7463
75.4010	65.9373	65.7382
75.4110	65.6043	65.7289
75.4201	66.0206	65.7199
75.4300	66.2703	65.7129
75.4400	65.9373	65.7058
75.4500	65.7708	65.6972
75.4600	66.1038	65.6892
75.4710	65.8541	65.6814
75.4802	65.6876	65.6725
75.4901	65.9373	65.6638
75.5002	65.1049	65.6535
75.5101	65.7708	65.6427
75.5201	65.7708	65.6340
75.5311	66.1038	65.6263
75.5401	65.7708	65.6186
75.5500	65.8541	65.6103
75.5602	65.8541	65.6023
75.5702	65.5211	65.5933
75.5802	66.1038	65.5851
75.5903	65.5211	65.5770
75.6002	65.6043	65.5674
75.6102	65.6043	65.5581
75.6202	66.0206	65.5501
75.6302	65.6043	65.5422
75.6402	65.5211	65.5329
75.6502	65.4378	65.5231
75.6602	64.9384	65.5116
75.6702	65.1881	65.4994
75.6802	65.4378	65.4887
75.6902	65.4378	65.4789
75.7003	65.7708	65.4702
75.7101	65.1049	65.4605
75.7202	65.4378	65.4498
75.7302	65.6876	65.4410
75.7402	64.9384	65.4307
75.7502	65.2713	65.4192
75.7602	65.4378	65.4093
75.7702	65.7708	65.4010
75.7802	65.2713	65.3922
75.7904	65.1881	65.3817
75.8003	65.8541	65.3730
75.8102	65.7708	65.3662
75.8202	65.5211	65.3583
75.8302	65.4378	65.3496
75.8402	65.4378	65.3406
75.8503	65.4378	65.3317
75.8603	65.2713	65.3224
75.8702	65.2713	65.3126
75.8803	65.0216	65.3021
75.8904	65.3546	65.2919
75.9003	64.9384	65.2815
75.9103	65.2713	65.2709
75.9203	64.9384	65.2604
75.9302	65.3546	65.2503
75.9403	65.0216	65.2404
75.9504	64.9384	65.2293
75.9602	65.4378	65.2195
75.9703	65.9373	65.2128
75.9803	65.2713	65.2057
75.9903	64.8551	65.1954
76.0003	65.2713	65.1851
76.0103	65.2713	65.1761
76.0203	65.2713	65.1672
76.0304	65.6043	65.1593
76.0402	64.7719	65.1499
76.0503	64.7719	65.1382
76.0604	64.9384	65.1269
76.0703	64.8551	65.1160
76.0803	65.1049	65.1057
76.0903	64.9384	65.0957
76.1002	65.4378	65.0867
76.1103	64.7719	65.0773
76.1204	64.9384	65.0664
76.1303	64.4389	65.0546
76.1403	64.4389	65.0413
76.1503	65.2713	65.0307
76.1603	65.2713	65.0226
76.1704	64.8551	65.0133
76.1804	65.2713	65.0041
76.1903	64.9384	64.9951
76.2004	65.1049	64.9858
76.2103	64.7719	64.9759
76.2203	64.6054	64.9647
76.2304	65.1881	64.9548
76.2404	65.0216	64.9461
76.2503	65.1881	64.9376
76.2604	64.7719	64.9283
76.2704	64.9384	64.9184
76.2804	65.4378	64.9105
76.2904	64.6054	64.9017
76.3004	65.1049	64.8920
76.3104	65.3546	64.8846
76.3204	65.2713	64.8777
76.3304	65.2713	64.8707
76.3404	64.8551	64.8625
76.3504	64.8551	64.8531
76.3605	65.3546	64.8453
76.3704	65.0216	64.8380
76.3805	64.6054	64.8285
76.3903	64.5222	64.8177
76.4005	64.4389	64.8064
76.4104	64.6887	64.7957
76.4204	65.2713	64.7875
76.4305	64.9384	64.7802
76.4404	64.6887	64.7712
76.4504	64.2725	64.7603
76.4605	64.9384	64.7503
76.4704	64.6054	64.7413
76.4804	64.6054	64.7313
76.4905	64.6054	64.7215
76.5005	65.1049	64.7133
76.5104	64.7719	64.7056
76.5205	64.7719	64.6970
76.5304	64.6054	64.6880
76.5404	64.6054	64.6786
76.5505	64.6054	64.6692
76.5604	65.2713	64.6619
76.5704	64.9384	64.6558
76.5805	63.7731	64.6452
76.5904	64.8551	64.6344
76.6009	65.1049	64.6277
76.6105	64.3557	64.6196
76.6205	64.2725	64.6091
76.6305	64.6054	64.5995
76.6404	65.1049	64.5924
76.6504	64.8551	64.5861
76.6605	64.9384	64.5795
76.6704	65.1049	64.5736
76.6804	64.6054	64.5669
76.6906	64.3557	64.5579
76.7005	64.2725	64.5481
76.7104	64.3557	64.5383
76.7206	64.6054	64.5297
76.7305	64.5222	64.5216
76.7405	64.9384	64.5146
76.7506	64.0228	64.5062
76.7605	64.5222	64.4967
76.7705	64.2725	64.4879
76.7807	63.9395	64.4776
76.7906	64.0228	64.4666
76.8005	64.1060	64.4562
76.8107	64.4389	64.4471
76.8205	64.1892	64.4384
76.8305	64.4389	64.4298
76.8407	64.7719	64.4230
76.8505	64.5222	64.4166
76.8605	64.6054	64.4098
76.8707	64.6054	64.4033
76.8805	64.3557	64.3961
76.8905	64.3557	64.3883
76.9007	63.7731	64.3789
76.9106	63.9395	64.3683
76.9205	63.8563	64.3580
76.9307	64.1060	64.3484
76.9407	64.1060	64.3396
76.9505	64.6054	64.3324
76.9605	64.3557	64.3261
76.9707	64.4389	64.3193
76.9806	64.6054	64.3134
76.9907	64.1060	64.3066
77.0006	64.1892	64.2987
77.0106	64.1892	64.2911
77.0207	64.3557	64.2841
77.0296	64.4389	64.2780
77.0406	63.6898	64.2699
77.0506	63.8563	64.2603
77.0607	64.1060	64.2519
77.0707	63.9395	64.2440
77.0810	63.8563	64.2353
77.0896	64.4389	64.2283
77.1007	64.6054	64.2237
77.1106	64.2725	64.2186
77.1206	64.0228	64.2119
77.1307	64.2725	64.2053
77.1406	63.2737	64.1965
77.1496	63.9395	64.1869
77.1607	63.7731	64.1788
77.1707	64.0228	64.1712
77.1807	64.2725	64.1651
77.1907	63.5234	64.1576
77.2012	63.9395	64.1493
77.2106	63.9395	64.1422
77.2207	63.7731	64.1348
77.2308	63.7731	64.1270
77.2407	64.1892	64.1206
77.2507	64.2725	64.1157
77.2608	64.0228	64.1105
77.2699	64.2725	64.1053
77.2797	63.2737	64.0980
77.2907	63.7731	64.0892
77.3007	63.8563	64.0824
77.3107	63.9395	64.0761
77.3207	63.5234	64.0689
77.3298	63.7731	64.0613
77.3399	63.5234	64.0538
77.3508	63.7731	64.0464
77.3608	63.7731	64.0398
77.3708	63.6898	64.0331
77.3807	63.6898	64.0262
77.3907	64.0228	64.0204
77.3998	63.7731	64.0150
77.4107	63.5234	64.0081
77.4208	63.7731	64.0013
77.4309	64.3557	63.9971
77.4407	63.8563	63.9933
77.4507	64.2725	63.9893
77.4597	64.1892	63.9863
77.4697	63.3569	63.9807
77.4808	64.3557	63.9757
77.4907	63.7731	63.9720
77.5007	63.6066	63.9661
77.5098	64.1892	63.9616
77.5197	63.5234	63.9569
77.5300	63.2737	63.9496
77.5409	64.0228	63.9438
77.5508	63.2737	63.9381
77.5608	63.7731	63.9318
77.5708	63.9395	63.9275
77.5797	62.8576	63.9206
77.5898	64.0228	63.9140
77.6008	63.5234	63.9094
77.6108	63.1905	63.9025
77.6208	63.6066	63.8959
77.6308	63.7731	63.8912
77.6398	63.7731	63.8870
77.6498	64.1060	63.8839
77.6609	63.9395	63.8814
77.6708	63.5234	63.8772
77.6808	63.5234	63.8719
77.6908	64.0228	63.8681
77.6999	63.7731	63.8651
77.7098	63.6066	63.8610
77.7198	63.5234	63.8562
77.7310	63.1905	63.8502
77.7409	63.4401	63.8441
77.7508	63.3569	63.8385
77.7599	63.6066	63.8335
77.7700	63.4401	63.8288
77.7799	63.1072	63.8228
77.7909	63.6066	63.8173
77.8009	63.9395	63.8144
77.8109	63.3569	63.8108
77.8199	63.9395	63.8073
77.8299	63.5234	63.8043
77.8398	64.1060	63.8020
77.8509	63.6066	63.7999
77.8610	63.0240	63.7947
77.8709	63.6066	63.7896
77.8800	63.1905	63.7850
77.8900	63.7731	63.7811
77.8999	63.6066	63.7784
77.9100	63.9395	63.7764
77.9210	63.1905	63.7731
77.9308	63.1905	63.7677
77.9398	63.4401	63.7631
77.9498	63.2737	63.7589
77.9599	63.6898	63.7554
77.9699	63.7731	63.7536
77.9809	63.5234	63.7513
77.9909	63.4401	63.7481
78.0000	62.8576	63.7429
78.0099	63.5234	63.7380
78.0201	63.3569	63.7348
78.0301	63.4401	63.7313
78.0409	63.5234	63.7284
78.0509	64.0228	63.7273
78.0599	63.6898	63.7268
78.0699	63.9395	63.7261
78.0800	63.1905	63.7239
78.0901	63.0240	63.7190
78.1010	63.4401	63.7149
78.1110	63.1905	63.7114
78.1200	62.8576	63.7062
78.1299	63.2737	63.7013
78.1399	63.5234	63.6984
78.1501	63.1905	63.6953
78.1599	63.4401	63.6921
78.1710	63.9395	63.6911
78.1800	63.6898	63.6909
78.1899	63.1072	63.6882
78.2000	63.4401	63.6849
78.2100	63.6066	63.6830
78.2200	63.9395	63.6828
78.2309	63.4401	63.6820
78.2400	62.6911	63.6776
78.2500	62.9408	63.6716
78.2600	63.5234	63.6683
78.2699	63.2737	63.6660
78.2813	63.4401	63.6634
78.2911	63.1905	63.6607
78.3011	63.6898	63.6588
78.3100	63.0240	63.6564
78.3201	63.4401	63.6532
78.3300	63.2737	63.6509
78.3401	63.7731	63.6496
78.3502	63.4401	63.6488
78.3612	63.4401	63.6471
78.3700	63.6066	63.6459
78.3802	63.1905	63.6440
78.3902	63.4401	63.6416
78.4003	63.7731	63.6410
78.4103	63.3569	63.6401
78.4201	63.4401	63.6383
78.4303	63.4401	63.6368
78.4403	63.6066	63.6358
78.4502	62.9408	63.6333
78.4603	63.1905	63.6296
78.4703	63.6898	63.6282
78.4811	63.1072	63.6265
78.4903	62.8576	63.6224
78.5002	63.6066	63.6198
78.5102	63.3569	63.6188
78.5202	63.4401	63.6172
78.5303	63.4401	63.6160
78.5412	62.6079	63.6122
78.5502	63.1905	63.6078
78.5602	63.1905	63.6051
78.5701	63.4401	63.6032
78.5802	63.7731	63.6030
78.5901	63.1905	63.6021
78.6001	63.6898	63.6010
78.6103	63.0240	63.5994
78.6204	63.1072	63.5961
78.6300	63.6898	63.5948
78.6402	62.8576	63.5927
78.6501	63.7731	63.5910
78.6602	63.7731	63.5919
78.6701	63.4401	63.5919
78.6801	63.2737	63.5904
78.6902	63.1905	63.5882
78.7002	63.6898	63.5872
78.7102	63.5234	63.5872
78.7202	63.4401	63.5865
78.7302	63.5234	63.5858
78.7402	63.6066	63.5856
78.7502	63.3569	63.5849
78.7602	63.6898	63.5845
78.7702	63.4401	63.5843
78.7803	63.3569	63.5831
78.7902	63.6066	63.5825
78.8003	63.6066	63.5825
78.8103	63.1072	63.5811
78.8202	63.6066	63.5797
78.8302	63.4401	63.5793
78.8403	63.1072	63.5774
78.8502	63.0240	63.5743
78.8602	63.1905	63.5714
78.8703	63.0240	63.5685
78.8802	63.4401	63.5664
78.8902	63.6066	63.5660
78.9003	63.1905	63.5649
78.9103	63.6066	63.5638
78.9202	63.4401	63.5635
78.9303	63.4401	63.5626
78.9402	63.4401	63.5618
78.9502	63.0240	63.5597
78.9603	63.1905	63.5569
78.9702	63.1905	63.5545
78.9805	62.8576	63.5512
78.9903	62.8576	63.5469
79.0003	62.6911	63.5421
79.0104	63.0240	63.5379
79.0203	63.0240	63.5346
79.0303	63.0240	63.5314
79.0403	63.1072	63.5284
79.0503	63.4401	63.5267
79.0603	63.2737	63.5255
79.0706	63.5234	63.5245
79.0806	63.6066	63.5246
79.0903	63.1905	63.5237
79.1003	63.1905	63.5215
79.1104	63.5234	63.5203
79.1203	63.1905	63.5192
79.1304	63.4401	63.5178
79.1403	63.7731	63.5182
79.1503	63.2737	63.5180
79.1603	63.1905	63.5162
79.1703	62.6911	63.5126
79.1803	63.6066	63.5102
79.1903	62.6911	63.5079
79.2003	63.1905	63.5043
79.2103	63.7731	63.5040
79.2203	63.1905	63.5037
79.2304	63.1072	63.5014
79.2403	62.3582	63.4966
79.2504	63.6898	63.4936
79.2604	63.7731	63.4949
79.2704	63.4401	63.4954
79.2803	63.0240	63.4936
79.2903	63.7731	63.4929
79.3004	63.0240	63.4921
79.3104	63.1905	63.4897
79.3203	63.1905	63.4877
79.3304	63.6066	63.4870
79.3404	63.7731	63.4880
79.3503	63.2737	63.4880
79.3603	63.0240	63.4858
79.3704	63.5234	63.4844
79.3804	63.1905	63.4834
79.3906	63.1905	63.4815
79.4005	63.1905	63.4795
79.4104	63.4401	63.4784
79.4204	63.1905	63.4772
79.4305	63.1905	63.4753
79.4404	63.2737	63.4736
79.4505	63.0240	63.4715
79.4605	62.8576	63.4681
79.4705	63.4401	63.4660
79.4805	63.0240	63.4644
79.4905	63.0240	63.4615
79.5004	63.1905	63.4592
79.5106	63.0240	63.4568
79.5205	63.4401	63.4553
79.5304	63.1905	63.4542
79.5405	63.4401	63.4532
79.5505	63.6066	63.4534
79.5605	63.9395	63.4550
79.5705	63.5234	63.4565
79.5805	63.4401	63.4564
79.5905	64.1060	63.4581
79.6004	63.0240	63.4585
79.6105	63.1905	63.4562
79.6205	63.6066	63.4557
79.6307	63.6066	63.4564
79.6404	63.6066	63.4570
79.6506	63.6066	63.4577
79.6605	63.5234	63.4582
79.6705	63.6066	63.4586
79.6806	63.4401	63.4588
79.6906	63.1905	63.4577
79.7005	63.5234	63.4569
79.7105	63.7731	63.4579
79.7207	63.1905	63.4578
79.7295	63.6898	63.4575
79.7405	63.1072	63.4570
79.7506	63.1905	63.4549
79.7605	63.1072	63.4529
79.7705	62.8576	63.4498
79.7805	63.8563	63.4491
79.7905	63.8563	63.4513
79.8006	63.3569	63.4520
79.8106	63.4401	63.4515
79.8205	63.6066	63.4517
79.8306	63.2737	63.4514
79.8405	62.6911	63.4484
79.8508	63.4401	63.4459
79.8606	62.8576	63.4439
79.8708	62.8576	63.4401
79.8806	63.1905	63.4374
79.8906	63.6066	63.4369
79.9007	63.4401	63.4372
79.9096	63.1905	63.4362
79.9196	63.7731	63.4363
79.9307	62.6911	63.4348
79.9406	63.4401	63.4324
79.9506	63.6066	63.4327
79.9607	63.2737	63.4325
79.9707	63.1072	63.4308
79.9797	63.2737	63.4291
79.9906	62.8576	63.4267
80.0006	63.1905	63.4240
80.0107	62.6079	63.4206
80.0206	63.5234	63.4182
80.0307	63.6066	63.4188
80.0397	63.4401	63.4191
80.0506	63.6898	63.4198
80.0607	63.1072	63.4194
80.0706	63.4401	63.4182
80.0806	63.6066	63.4186
80.0907	62.8576	63.4172
80.0999	63.5234	63.4156
80.1106	63.0240	63.4145
80.1207	63.4401	63.4131
80.1307	63.6898	63.4138
80.1407	63.5234	63.4146
80.1507	63.6066	63.4153
80.1597	64.0228	63.4174
80.1697	63.1072	63.4181
80.1806	63.6066	63.4174
80.1908	63.4401	63.4178
80.2006	64.1892	63.4200
80.2106	63.5234	63.4223
80.2197	63.9395	63.4239
80.2297	63.5234	63.4256
80.2407	62.9408	63.4242
80.2507	62.8576	63.4208
80.2607	63.6066	63.4194
80.2707	63.2737	63.4193
80.2797	63.5234	63.4189
80.2898	63.6066	63.4195
80.3007	63.2737	63.4194
80.3107	63.1072	63.4178
80.3209	63.6066	63.4172
80.3307	63.5234	63.4178
80.3397	63.1072	63.4170
80.3498	63.4401	63.4159
80.3607	63.5234	63.4160
80.3707	63.2737	63.4157
80.3808	63.6898	63.4158
80.3907	63.1072	63.4155
80.3998	63.8563	63.4156
80.4097	63.4401	63.4168
80.4198	62.7743	63.4147
80.4308	63.9395	63.4141
80.4407	62.6911	63.4132
80.4511	63.1072	63.4099
80.4598	63.4401	63.4088
80.4697	63.6066	63.4093
80.4797	63.2737	63.4092
80.4908	63.6898	63.4094
80.5009	63.6066	63.4106
80.5107	63.5234	63.4112
80.5208	63.1072	63.4104
80.5298	63.6066	63.4099
80.5398	63.1072	63.4093
80.5510	63.4401	63.4082
80.5608	63.2737	63.4077
80.5707	63.6898	63.4079
80.5808	63.1072	63.4076
80.5899	63.4401	63.4065
80.5998	63.4401	63.4065
80.6098	63.1072	63.4054
80.6208	63.7731	63.4054
80.6308	62.7743	63.4043
80.6399	63.6898	63.4031
80.6498	63.6066	63.4043
80.6600	63.0240	63.4035
80.6700	63.7731	63.4032
80.6808	63.2737	63.4037
80.6909	63.2737	63.4027
80.7008	63.5234	63.4024
80.7098	63.4401	63.4026
80.7198	63.1072	63.4016
80.7298	63.2737	63.4001
80.7408	63.1072	63.3986
80.7509	63.3569	63.3973
80.7609	63.4401	63.3971
80.7698	63.1905	63.3963
80.7799	63.4401	63.3956
80.7898	63.4401	63.3956
80.8009	63.4401	63.3956
80.8110	62.8576	63.3939
80.8209	62.8576	63.3904
80.8298	63.4401	63.3887
80.8400	63.1072	63.3877
80.8499	63.4401	63.3867
80.8599	63.6066	63.3873
80.8710	63.0240	63.3866
80.8810	63.2737	63.3849
80.8899	63.5234	63.3847
80.9000	63.5234	63.3852
80.9099	63.0240	63.3843
80.9199	63.7731	63.3841
80.9309	62.8576	63.3834
80.9409	63.2737	63.3812
80.9499	63.2737	63.3803
80.9600	63.8563	63.3811
80.9700	63.3569	63.3822
80.9799	63.1072	63.3810
80.9909	63.5234	63.3804
81.0009	63.1072	63.3797
81.0100	62.9408	63.3773
81.0200	63.8563	63.3771
81.0299	63.0240	63.3772
81.0400	63.6066	63.3766
81.0502	63.1072	63.3762
81.0612	63.5234	63.3755
81.0700	63.6066	63.3764
81.0799	63.5234	63.3772
81.0899	63.4401	63.3776
81.1000	63.2737	63.3772
81.1100	63.1072	63.3758
81.1209	63.5234	63.3752
81.1300	63.1072	63.3745
81.1400	63.4401	63.3736
81.1500	63.4401	63.3738
81.1600	63.5234	63.3741
81.1702	63.7731	63.3755
81.1811	63.5234	63.3768
81.1901	63.6066	63.3777
81.2004	63.5234	63.3786
81.2102	63.6066	63.3794
81.2201	63.6898	63.3808
81.2302	63.7731	63.3826
81.2411	63.2737	63.3832
81.2501	63.2737	63.3823
81.2601	63.6066	63.3824
81.2701	63.4401	63.3830
81.2804	63.5234	63.3833
81.2901	63.2737	63.3831
81.3001	62.6911	63.3805
81.3101	62.6911	63.3761
81.3201	62.8576	63.3722
81.3301	63.7731	63.3716
81.3401	63.6066	63.3732
81.3501	63.2737	63.3733
81.3602	63.4401	63.3730
81.3701	63.1072	63.3721
81.3801	62.5247	63.3685
81.3901	63.3569	63.3656
81.4001	63.4401	63.3655
81.4101	63.4401	63.3657
81.4201	63.5234	63.3661
81.4311	63.1905	63.3658
81.4401	63.3569	63.3649
81.4501	63.1905	63.3641
81.4601	63.6898	63.3643
81.4704	63.2737	63.3647
81.4802	63.4401	63.3644
81.4901	63.2737	63.3640
81.5003	63.2737	63.3632
81.5101	63.3569	63.3626
81.5201	63.5234	63.3628
81.5302	63.6898	63.3640
81.5402	62.8576	63.3632
81.5502	63.6066	63.3621
81.5602	63.6066	63.3633
81.5701	63.5234	63.3642
81.5801	63.5234	63.3649
81.5901	63.3569	63.3651
81.6002	63.4401	63.3650
81.6102	63.5234	63.3654
81.6202	63.4401	63.3659
81.6301	63.6898	63.3668
81.6401	63.6066	63.3682
81.6502	63.6898	63.3696
81.6603	63.3569	63.3703
81.6702	63.1072	63.3692
81.6803	63.6066	63.3689
81.6903	63.5234	63.3698
81.7001	62.8576	63.3685
81.7103	63.8563	63.3681
81.7205	63.6066	63.3700
81.7302	63.7731	63.3717
81.7402	63.6066	63.3733
81.7502	63.1072	63.3730
81.7602	63.1905	63.3714
81.7703	63.6066	63.3713
81.7802	63.5234	63.3722
81.7906	63.4401	63.3726
81.8005	63.4401	63.3727
81.8102	63.1072	63.3719
81.8203	63.6066	63.3715
81.8303	63.1905	63.3714
81.8402	63.6066	63.3713
81.8504	62.8576	63.3702
81.8604	63.3569	63.3684
81.8702	62.8576	63.3665
81.8803	63.3569	63.3647
81.8903	64.0228	63.3664
81.9002	63.0240	63.3671
81.9103	62.9408	63.3645
81.9203	63.5234	63.3634
81.9303	63.3569	63.3636
81.9404	63.7731	63.3645
81.9502	62.6079	63.3632
81.9603	63.6898	63.3617
81.9703	63.6066	63.3631
81.9802	63.1072	63.3628
81.9901	63.6066	63.3625
82.0004	63.4401	63.3632
82.0103	63.6066	63.3639
82.0203	63.2737	63.3641
82.0303	63.9395	63.3653
82.0403	63.3569	63.3667
82.0502	63.3569	63.3664
82.0603	63.5234	63.3666
82.0703	63.6898	63.3678
82.0803	62.5247	63.3659
82.0904	63.6898	63.3641
82.1003	63.7731	63.3661
82.1104	62.7743	63.3653
82.1203	63.6066	63.3640
82.1303	62.6911	63.3624
82.1403	63.7731	63.3614
82.1503	63.1905	63.3618
82.1604	63.4401	63.3613
82.1704	63.5234	63.3618
82.1804	63.3569	63.3620
82.1903	63.6898	63.3627
82.2004	63.5234	63.3639
82.2104	63.5234	63.3646
82.2203	63.7731	63.3661
82.2304	63.1072	63.3663
82.2404	63.4401	63.3655
82.2503	63.2737	63.3652
82.2604	63.0240	63.3636
82.2703	63.3569	63.3624
82.2804	63.5234	63.3626
82.2904	63.4401	63.3630
82.3004	62.8576	63.3615
82.3104	63.3569	63.3597
82.3205	63.1905	63.3590
82.3304	63.4401	63.3585
82.3404	63.4401	63.3587
82.3504	63.4401	63.3589
82.3605	62.4414	63.3562
82.3707	63.4401	63.3534
82.3805	63.4401	63.3537
82.3905	62.6079	63.3515
82.4005	63.5234	63.3495
82.4104	63.5234	63.3503
82.4204	62.8576	63.3491
82.4305	62.8576	63.3459
82.4405	63.9395	63.3459
82.4504	63.2737	63.3472
82.4605	63.3569	63.3468
82.4704	63.6066	63.3473
82.4804	63.2737	63.3476
82.4904	63.5234	63.3477
82.5004	63.6066	63.3487
82.5104	63.4401	63.3495
82.5205	63.7731	63.3508
82.5305	63.1072	63.3511
82.5405	63.1072	63.3494
82.5505	62.7743	63.3467
82.5606	63.2737	63.3445
82.5705	62.3582	63.3411
82.5805	63.2737	63.3377
82.5905	63.3569	63.3372
82.6005	63.4401	63.3373
82.6106	63.2737	63.3372
82.6205	63.4401	63.3370
82.6306	62.8576	63.3356
82.6405	63.3569	63.3340
82.6505	63.4401	63.3341
82.6606	63.1905	63.3337
82.6706	63.8563	63.3345
82.6795	63.4401	63.3361
82.6906	63.3569	63.3362
82.7006	63.5234	63.3366
82.7124	63.1905	63.3364
82.7206	62.7743	63.3340
82.7306	63.7731	63.3333
82.7405	63.2737	63.3342
82.7506	63.8563	63.3353
82.7606	63.6898	63.3377
82.7705	63.6898	63.3395
82.7807	63.6066	63.3411
82.7906	62.4414	63.3389
82.8006	63.5234	63.3365
82.8108	62.9408	63.3356
82.8206	63.6898	63.3352
82.8307	63.9395	63.3378
82.8407	63.6066	63.3402
82.8505	63.1905	63.3403
82.8596	63.6066	63.3404
82.8696	63.1072	63.3402
82.8806	63.5234	63.3398
82.8907	63.6066	63.3409
82.9006	63.0240	63.3405
82.9106	63.2737	63.3391
82.9210	63.7731	63.3399
82.9296	63.6066	63.3418
82.9406	63.6066	63.3431
82.9508	63.1905	63.3432
82.9606	63.6066	63.3433
82.9706	62.9408	63.3426
82.9807	63.6066	63.3420
82.9897	63.5234	63.3431
83.0006	63.1072	63.3426
83.0107	63.7731	63.3430
83.0206	63.4401	63.3443
83.0306	63.4401	63.3447
83.0407	62.7743	63.3430
83.0497	63.6898	63.3421
83.0596	63.7731	63.3442
83.0707	63.2737	63.3450
83.0807	63.7731	63.3459
83.0906	63.4401	63.3472
83.1006	63.0240	63.3463
83.1096	63.4401	63.3454
83.1197	63.4401	63.3457
83.1307	63.7731	63.3470
83.1406	63.2737	63.3479
83.1507	63.4401	63.3477
83.1607	63.1072	63.3470
83.1697	63.6066	63.3468
83.1797	63.3569	63.3474
83.1907	63.9395	63.3490
83.2007	63.7731	63.3518
83.2108	63.6898	63.3539
83.2207	64.1060	63.3569
83.2297	63.4401	63.3592
83.2398	63.1072	63.3585
83.2507	63.3569	63.3575
83.2607	63.5234	63.3578
83.2708	63.2737	63.3579
83.2807	63.1905	63.3569
83.2897	63.7731	63.3574
83.2998	63.7731	63.3597
83.3097	63.6066	63.3615
83.3207	63.3569	63.3620
83.3308	63.7731	63.3630
83.3407	63.9395	63.3658
83.3497	63.3569	63.3673
83.3598	62.9408	63.3658
83.3697	63.2737	63.3640
83.3807	63.1905	63.3630
83.3908	63.7731	63.3635
83.4007	63.3569	63.3646
83.4098	63.6066	63.3651
83.4199	63.4401	63.3658
83.4297	63.2737	63.3656
83.4412	63.1072	63.3643
83.4508	62.8576	63.3618
83.4608	63.7731	63.3614
83.4708	63.4401	63.3626
83.4799	63.6066	63.3634
83.4899	63.6066	63.3647
83.4998	63.5234	63.3657
83.5109	63.1072	63.3652
83.5208	63.4401	63.3645
83.5299	63.6066	63.3652
83.5399	63.5234	63.3662
83.5498	63.6066	63.3673
83.5598	63.9395	63.3695
83.5708	62.9408	63.3698
83.5808	63.1072	63.3675
83.5898	63.6066	63.3673
83.5999	62.9408	63.3665
83.6098	63.2737	63.3648
83.6198	63.1905	63.3638
83.6309	63.2737	63.3628
83.6408	63.1072	63.3616
83.6509	63.2737	63.3604
83.6599	63.2737	63.3597
83.6698	63.4401	63.3595
83.6799	63.5234	63.3600
83.6909	62.9408	63.3591
83.7009	63.8563	63.3591
83.7109	63.4401	63.3607
83.7200	64.0228	63.3627
83.7301	63.4401	63.3648
83.7399	63.5234	63.3653
83.7500	63.4401	63.3658
83.7609	63.3569	63.3659
83.7717	63.1905	63.3651
83.7799	63.6066	63.3652
83.7899	63.2737	63.3654
83.7999	63.0240	63.3640
83.8099	63.4401	63.3630
83.8209	62.9408	63.3618
83.8309	63.1072	63.3596
83.8399	63.3569	63.3586
83.8500	63.2737	63.3582
83.8600	63.9395	63.3595
83.8699	63.2737	63.3608
83.8810	63.2737	63.3601
83.8910	63.2737	63.3594
83.8999	63.4401	63.3593
83.9099	63.1905	63.3588
83.9199	63.1905	63.3576
83.9299	63.3569	63.3569
83.9409	63.1072	63.3560
83.9500	63.4401	63.3553
83.9600	63.4401	63.3557
83.9700	63.1072	63.3550
83.9800	63.2737	63.3538
83.9901	62.7743	63.3517
84.0000	63.1072	63.3490
84.0110	63.2737	63.3479
84.0200	63.4401	63.3477
84.0300	63.4401	63.3481
84.0400	63.8563	63.3497
84.0500	63.3569	63.3511
84.0600	63.9395	63.3527
84.0710	63.3569	63.3543
84.0800	63.3569	63.3541
84.0900	63.4401	63.3542
84.1001	63.2737	63.3540
84.1101	62.8576	63.3521
84.1201	63.0240	63.3495
84.1311	63.2737	63.3481
84.1401	63.6066	63.3484
84.1500	63.9395	63.3508
84.1601	63.1072	63.3517
84.1701	63.1905	63.3503
84.1800	63.2737	63.3494
84.1901	63.4401	63.3492
84.2011	63.7731	63.3506
84.2101	63.9395	63.3535
84.2200	63.0240	63.3541
84.2300	63.6898	63.3539
84.2400	63.7731	63.3560
84.2501	63.1905	63.3566
84.2610	63.2737	63.3557
84.2701	63.1905	63.3548
84.2802	63.4401	63.3544
84.2901	63.2737	63.3542
84.3001	63.0240	63.3528
84.3102	63.9395	63.3534
84.3211	63.4401	63.3553
84.3301	63.1905	63.3549
84.3401	63.6066	63.3549
84.3502	63.1905	63.3550
84.3601	63.6066	63.3551
84.3701	63.2737	63.3555
84.3810	63.3569	63.3551
84.3902	63.7731	63.3562
84.4003	63.6066	63.3580
84.4102	62.9408	63.3574
84.4202	62.9408	63.3547
84.4302	63.1905	63.3528
84.4403	63.7731	63.3534
84.4501	63.8563	63.3561
84.4601	63.1072	63.3567
84.4701	63.2737	63.3555
84.4801	63.9395	63.3569
84.4901	63.0240	63.3575
84.5001	62.7743	63.3546
84.5110	63.6898	63.3537
84.5201	63.0240	63.3535
84.5301	62.7743	63.3506
84.5402	63.7731	63.3500
84.5501	64.1060	63.3534
84.5601	63.7731	63.3567
84.5702	63.2737	63.3576
84.5801	63.4401	63.3575
84.5904	63.1072	63.3568
84.6002	63.6898	63.3569
84.6102	63.6898	63.3588
84.6203	63.7731	63.3609
84.6302	63.3569	63.3619
84.6402	64.0228	63.3638
84.6504	63.4401	63.3659
84.6603	63.3569	63.3659
84.6702	63.6066	63.3665
84.6806	63.7731	63.3683
84.6903	63.6066	63.3702
84.7001	63.0240	63.3697
84.7102	63.1072	63.3678
84.7202	63.1072	63.3661
84.7302	62.9408	63.3639
84.7403	63.1905	63.3620
84.7503	63.6066	63.3621
84.7600	63.3569	63.3627
84.7703	63.5234	63.3630
84.7802	63.3569	63.3633
84.7904	63.1072	63.3624
84.8005	63.6898	63.3625
84.8103	63.4401	63.3636
84.8203	63.6066	63.3644
84.8305	63.2737	63.3648
84.8403	63.2737	63.3641
84.8503	63.6898	63.3647
84.8603	63.7731	63.3668
84.8702	63.4401	63.3681
84.8803	63.4401	63.3684
84.8904	64.0228	63.3705
84.9003	63.4401	63.3726
84.9103	63.6898	63.3736
84.9203	63.4401	63.3747
84.9303	64.0228	63.3767
84.9403	63.1905	63.3780
84.9503	63.6066	63.3781
84.9603	63.4401	63.3789
84.9703	63.1905	63.3784
84.9804	63.0240	63.3767
84.9904	63.6066	63.3762
85.0003	63.4401	63.3770
85.0103	63.1905	63.3766
85.0203	63.1072	63.3751
85.0303	63.8563	63.3757
85.0403	63.4401	63.3772
85.0503	63.6898	63.3783
85.0603	63.1905	63.3785
85.0703	63.5234	63.3783
85.0803	62.9408	63.3774
85.0903	63.7731	63.3772
85.1004	63.7731	63.3795
85.1105	63.1072	63.3798
85.1204	62.9408	63.3775
85.1303	63.1905	63.3756
85.1403	63.6066	63.3756
85.1503	64.0228	63.3782
85.1605	63.6066	63.3807
85.1704	62.9408	63.3800
85.1804	63.7731	63.3798
85.1904	63.1905	63.3804
85.2004	63.1072	63.3789
85.2104	63.4401	63.3782
85.2204	63.8563	63.3797
85.2304	63.3569	63.3810
85.2404	63.7731	63.3821
85.2504	63.4401	63.3833
85.2604	63.4401	63.3836
85.2705	63.7731	63.3849
85.2804	63.6066	63.3867
85.2905	63.5234	63.3877
85.3004	63.4401	63.3882
85.3104	63.6066	63.3890
85.3204	63.7731	63.3907
85.3305	63.0240	63.3907
85.3405	63.7731	63.3907
85.3505	63.1072	63.3909
85.3607	63.6898	63.3909
85.3705	63.6898	63.3927
85.3805	63.4401	63.3937
85.3905	63.1072	63.3929
85.4005	63.6066	63.3927
85.4105	63.2737	63.3929
85.4205	63.2737	63.3921
85.4305	63.4401	63.3919
85.4404	63.2737	63.3916
85.4505	63.0240	63.3901
85.4606	63.2737	63.3886
85.4705	63.3569	63.3881
85.4805	63.2737	63.3876
85.4905	63.1905	63.3866
85.5005	63.6066	63.3867
85.5105	63.3569	63.3872
85.5206	63.7731	63.3882
85.5305	63.7731	63.3904
85.5405	63.2737	63.3912
85.5506	63.4401	63.3909
85.5605	63.3569	63.3909
85.5696	63.6066	63.3914
85.5806	63.6898	63.3929
85.5905	63.4401	63.3939
85.6006	63.5234	63.3944
85.6106	63.6066	63.3954
85.6205	63.3569	63.3959
85.6296	63.4401	63.3959
85.6406	63.7731	63.3971
85.6505	63.4401	63.3983
85.6605	63.3569	63.3983
85.6706	63.7731	63.3993
85.6806	63.7731	63.4015
85.6906	63.2737	63.4022
85.7006	63.3569	63.4017
85.7105	63.1072	63.4006
85.7207	63.3569	63.3996
85.7306	63.5234	63.3998
85.7406	63.7731	63.4012
85.7506	63.6066	63.4029
85.7597	63.6066	63.4041
85.7706	62.9408	63.4033
85.7807	63.6066	63.4025
85.7906	63.2737	63.4027
85.8006	63.1072	63.4014
85.8106	63.8563	63.4019
85.8196	63.6066	63.4038
85.8307	63.6898	63.4053
85.8407	63.9395	63.4077
85.8506	63.6066	63.4099
85.8607	63.6066	63.4111
85.8707	63.1072	63.4107
85.8796	63.2737	63.4094
85.8907	63.3569	63.4088
85.9007	63.6066	63.4093
85.9106	63.1905	63.4092
85.9207	63.2737	63.4081
85.9307	63.1072	63.4068
85.9397	63.9395	63.4075
85.9507	63.7731	63.4102
85.9607	63.3569	63.4111
85.9706	62.8576	63.4093
85.9807	63.0240	63.4064
85.9907	63.0240	63.4041
85.9997	63.4401	63.4031
86.0097	63.3569	63.4030
86.0207	63.2737	63.4025
86.0307	62.7743	63.4002
86.0406	63.1905	63.3977
86.0506	63.6066	63.3976
86.0597	63.4401	63.3984
86.0696	63.4401	63.3986
86.0807	63.3569	63.3985
86.0907	63.1072	63.3975
86.1007	63.7731	63.3977
86.1106	63.6066	63.3995
86.1197	63.0240	63.3989
86.1297	63.7731	63.3989
86.1406	63.5234	63.4004
86.1507	63.5234	63.4011
86.1607	63.8563	63.4028
86.1707	63.4401	63.4043
86.1798	63.6066	63.4050
86.1899	63.6066	63.4062
86.1997	63.1905	63.4061
86.2108	63.3569	63.4053
86.2207	62.9408	63.4038
86.2307	63.7731	63.4035
86.2398	64.1060	63.4067
86.2497	63.4401	63.4089
86.2597	63.7731	63.4101
86.2708	63.8563	63.4125
86.2807	63.6066	63.4144
86.2907	63.6898	63.4159
86.2998	63.2737	63.4163
86.3098	63.3569	63.4157
86.3197	63.0240	63.4143
86.3308	63.8563	63.4145
86.3408	63.6066	63.4164
86.3507	63.6066	63.4176
86.3599	62.8576	63.4165
86.3698	63.6066	63.4154
86.3798	63.1072	63.4150
86.3908	62.9408	63.4127
86.4008	63.0240	63.4101
86.4108	63.3569	63.4088
86.4198	63.1905	63.4080
86.4298	63.4401	63.4074
86.4398	63.1072	63.4066
86.4501	63.5234	63.4060
86.4609	63.1072	63.4055
86.4708	63.6898	63.4054
86.4799	63.2737	63.4059
86.4898	63.1072	63.4046
86.4998	63.7731	63.4048
86.5098	63.5234	63.4063
86.5208	63.7731	63.4077
86.5308	64.1060	63.4109
86.5398	63.2737	63.4126
86.5498	63.1072	63.4113
86.5599	63.4401	63.4104
86.5700	63.5234	63.4109
86.5808	63.6066	63.4118
86.5908	63.1072	63.4115
86.5999	63.4401	63.4107
86.6099	63.5234	63.4111
86.6200	64.0228	63.4133
86.6300	63.1072	63.4142
86.6400	63.3569	63.4131
86.6508	63.2737	63.4125
86.6599	63.8563	63.4135
86.6699	63.5234	63.4151
86.6802	63.7731	63.4166
86.6900	63.4401	63.4177
86.7000	63.6898	63.4186
86.7110	63.7731	63.4205
86.7200	63.1905	63.4209
86.7300	63.4401	63.4203
86.7400	63.6898	63.4212
86.7500	63.6066	63.4226
86.7600	63.5234	63.4235
86.7710	63.3569	63.4236
86.7801	63.1072	63.4225
86.7903	63.6898	63.4224
86.8001	63.5234	63.4235
86.8100	63.4401	63.4239
86.8201	63.6898	63.4248
86.8310	63.7731	63.4266
86.8401	63.1072	63.4268
86.8500	64.1892	63.4281
86.8601	63.6066	63.4310
86.8700	63.6898	63.4323
86.8800	62.9408	63.4317
86.8900	63.5234	63.4305
86.9010	63.8563	63.4321
86.9100	63.6066	63.4340
86.9201	63.3569	63.4343
86.9299	63.1905	63.4334
86.9403	63.6066	63.4333
86.9500	62.9408	63.4324
86.9610	63.4401	63.4310
86.9699	63.1072	63.4301
86.9800	63.3569	63.4289
86.9900	63.7731	63.4298
87.0001	63.4401	63.4309
87.0101	63.3569	63.4308
87.0210	63.3569	63.4304
87.0301	63.6066	63.4307
87.0401	63.6066	63.4318
87.0500	63.9395	63.4339
87.0602	63.1905	63.4348
87.0700	63.9395	63.4356
87.0810	63.3569	63.4369
87.0902	63.9395	63.4383
87.1000	63.1905	63.4391
87.1100	63.0240	63.4372
87.1201	63.5234	63.4363
87.1300	63.7731	63.4376
87.1400	62.8576	63.4369
87.1501	63.5234	63.4355
87.1600	63.5234	63.4361
87.1701	63.7731	63.4374
87.1801	63.9395	63.4400
87.1901	63.7731	63.4426
87.2000	63.6066	63.4441
87.2102	63.6066	63.4452
87.2201	63.4401	63.4458
87.2301	63.8563	63.4470
87.2403	63.6066	63.4488
87.2502	63.1072	63.4484
87.2601	63.6066	63.4479
87.2702	63.1072	63.4474
87.2802	63.9395	63.4480
87.2903	63.1905	63.4488
87.3002	63.4401	63.4481
87.3102	63.1905	63.4474
87.3201	63.4401	63.4466
87.3303	63.3569	63.4464
87.3402	63.2737	63.4457
87.3501	63.4401	63.4453
87.3602	63.6898	63.4461
87.3701	63.1072	63.4459
87.3802	63.5234	63.4452
87.3903	63.6066	63.4460
87.4002	63.4401	63.4465
87.4101	63.9395	63.4481
87.4202	63.8563	63.4509
87.4302	63.4401	63.4521
87.4402	63.6066	63.4527
87.4502	63.7731	63.4542
87.4603	63.7731	63.4562
87.4702	63.1905	63.4564
87.4803	63.1905	63.4550
87.4903	63.6898	63.4550
87.5002	63.1072	63.4547
87.5102	63.4401	63.4537
87.5203	63.2737	63.4532
87.5302	63.4401	63.4528
87.5402	63.2737	63.4523
87.5502	63.2737	63.4513
87.5607	63.7731	63.4518
87.5701	63.4401	63.4528
87.5802	63.0240	63.4516
87.5904	63.7731	63.4514
87.6003	63.2737	63.4519
87.6102	63.9395	63.4529
87.6202	63.1072	63.4534
87.6302	63.6898	63.4532
87.6402	63.5234	63.4542
87.6502	63.5234	63.4547
87.6602	63.3569	63.4547
87.6703	63.3569	63.4543
87.6802	63.1072	63.4530
87.6902	63.6898	63.4528
87.7002	63.6898	63.4543
87.7102	63.1072	63.4541
87.7202	63.1072	63.4521
87.7302	63.1072	63.4501
87.7403	63.7731	63.4501
87.7503	63.1072	63.4501
87.7602	63.7731	63.4502
87.7702	63.1072	63.4502
87.7802	63.6066	63.4497
87.7903	63.2737	63.4497
87.8003	63.2737	63.4488
87.8103	63.4401	63.4483
87.8203	63.1072	63.4473
87.8303	63.7731	63.4474
87.8402	63.9395	63.4499
87.8503	62.9408	63.4500
87.8603	63.5234	63.4487
87.8703	63.5234	63.4493
87.8803	63.9395	63.4510
87.8903	63.4401	63.4526
87.9003	63.9395	63.4541
87.9103	63.7731	63.4566
87.9203	63.6066	63.4581
87.9303	63.7731	63.4596
87.9403	63.4401	63.4606
87.9504	63.4401	63.4606
87.9603	64.2725	63.4631
87.9704	63.2737	63.4651
87.9803	63.4401	63.4645
87.9903	63.6066	63.4650
88.0004	63.6898	63.4662
88.0104	63.6066	63.4674
88.0203	63.4401	63.4679
88.0304	63.4401	63.4678
88.0406	63.4401	63.4678
88.0504	62.6911	63.4655
88.0605	63.6066	63.4637
88.0704	63.7731	63.4652
88.0803	63.6066	63.4666
88.0905	63.9395	63.4686
88.1004	63.3569	63.4698
88.1098	63.6898	63.4703
88.1204	63.5234	63.4712
88.1305	63.1072	63.4704
88.1404	63.4401	63.4693
88.1505	63.7731	63.4703
88.1605	63.2737	63.4707
88.1704	63.6066	63.4707
88.1807	63.6898	63.4719
88.1904	63.2737	63.4720
88.2004	63.7731	63.4725
88.2104	63.6898	63.4742
88.2205	63.7731	63.4758
88.2305	62.7743	63.4748
88.2405	63.7731	63.4737
88.2504	63.7731	63.4756
88.2605	63.2737	63.4760
88.2705	63.2737	63.4750
88.2807	63.0240	63.4731
88.2905	63.2737	63.4713
88.3008	63.6066	63.4712
88.3104	63.4401	63.4717
88.3204	63.9395	63.4731
88.3309	62.9408	63.4730
88.3419	62.9408	63.4700
88.3505	63.2737	63.4679
88.3606	63.1905	63.4666
88.3706	63.7731	63.4668
88.3805	63.5234	63.4680
88.3905	63.4401	63.4682
88.4006	63.9395	63.4697
88.4105	63.7731	63.4721
88.4206	63.7731	63.4741
88.4316	63.1072	63.4740
88.4405	62.9408	63.4714
88.4505	63.6066	63.4703
88.4595	63.3569	63.4705
88.4705	63.7731	63.4712
88.4805	62.6911	63.4699
88.4905	63.6066	63.4681
88.5005	63.2737	63.4680
88.5105	63.7731	63.4685
88.5195	63.3569	63.4692
88.5305	63.1905	63.4681
88.5405	63.2737	63.4668
88.5505	63.2737	63.4658
88.5605	63.6066	63.4657
88.5705	63.4401	63.4662
88.5800	63.0240	63.4649
88.5906	63.6898	63.4643
88.6006	63.6066	63.4655
88.6105	63.1905	63.4652
88.6206	63.2737	63.4639
88.6307	63.4401	63.4634
88.6396	63.7731	63.4643
88.6506	63.6898	63.4660
88.6606	63.4401	63.4667
88.6706	63.6066	63.4672
88.6805	63.1905	63.4669
88.6906	62.9408	63.4646
88.6996	62.7743	63.4610
88.7096	64.0228	63.4607
88.7206	63.4401	63.4625
88.7306	63.2737	63.4619
88.7406	63.1072	63.4604
88.7506	63.6066	63.4598
88.7596	62.9408	63.4588
88.7696	63.4401	63.4573
88.7806	64.1060	63.4593
88.7908	63.3569	63.4610
88.8006	63.5234	63.4609
88.8107	62.9408	63.4597
88.8197	63.8563	63.4594
88.8297	63.6066	63.4611
88.8408	63.4401	63.4616
88.8507	64.1060	63.4635
88.8609	63.4401	63.4655
88.8706	63.3569	63.4652
88.8797	63.6066	63.4654
88.8896	63.7731	63.4669
88.8996	63.6898	63.4686
88.9107	63.6066	63.4697
88.9207	63.2737	63.4697
88.9307	64.1892	63.4714
88.9398	63.4401	63.4735
88.9497	63.4401	63.4735
88.9600	63.4401	63.4734
88.9708	63.6066	63.4738
88.9807	63.1905	63.4735
88.9909	63.4401	63.4726
88.9998	63.0240	63.4713
89.0097	63.4401	63.4700
89.0199	63.7731	63.4709
89.0307	63.2737	63.4713
89.0407	63.5234	63.4710
89.0508	63.3569	63.4709
89.0598	63.6066	63.4711
89.0697	63.3569	63.4713
89.0798	63.6066	63.4714
89.0907	63.6066	63.4724
89.1009	63.3569	63.4725
89.1107	63.0240	63.4710
89.1202	63.9395	63.4711
89.1301	63.2737	63.4721
89.1397	63.4401	63.4715
89.1498	63.3569	63.4711
89.1608	63.7731	63.4718
89.1708	63.6066	63.4732
89.1808	63.2737	63.4731
89.1899	63.4401	63.4726
89.1999	63.4401	63.4725
89.2098	63.7731	63.4734
89.2219	63.4401	63.4743
89.2309	62.8576	63.4725
89.2408	63.6066	63.4711
89.2499	63.4401	63.4715
89.2599	63.5234	63.4717
89.2698	63.6066	63.4724
89.2809	63.6066	63.4733
89.2909	63.4401	63.4737
89.2998	63.4401	63.4736
89.3099	63.1072	63.4725
89.3199	63.2737	63.4709
89.3298	63.3569	63.4701
89.3399	63.6066	63.4703
89.3510	63.6066	63.4712
89.3609	63.4401	63.4716
89.3703	63.4401	63.4715
89.3799	63.3569	63.4712
89.3900	63.6066	63.4714
89.4000	62.8576	63.4700
89.4109	63.6898	63.4690
89.4200	63.2737	63.4691
89.4302	63.6066	63.4691
89.4400	63.2737	63.4690
89.4501	64.0228	63.4702
89.4602	63.6066	63.4724
89.4710	63.1072	63.4718
89.4809	63.1905	63.4699
89.4900	63.5234	63.4694
89.5000	63.3569	63.4693
89.5100	63.7731	63.4700
89.5200	62.9408	63.4694
89.5309	63.4401	63.4678
89.5409	63.5234	63.4680
89.5500	63.2737	63.4677
89.5599	63.2737	63.4666
89.5703	63.3569	63.4658
89.5800	63.7731	63.4665
89.5900	63.2737	63.4669
89.6009	63.1072	63.4653
89.6099	63.3569	63.4640
89.6199	63.2737	63.4632
89.6300	62.7743	63.4607
89.6400	63.6066	63.4591
89.6507	64.1060	63.4616
89.6609	63.2737	63.4630
89.6700	63.4401	63.4625
89.6800	63.1072	63.4614
89.6899	63.4401	63.4604
89.6999	63.7731	63.4613
89.7099	63.6066	63.4628
89.7210	63.9395	63.4648
89.7299	63.3569	63.4660
89.7400	63.9395	63.4671
89.7500	63.1072	63.4676
89.7601	63.2737	63.4660
89.7700	63.7731	63.4664
89.7800	63.4401	63.4674
89.7909	64.1060	63.4693
89.8000	64.0228	63.4730
89.8100	63.8563	63.4759
89.8200	63.6066	63.4775
89.8301	63.4401	63.4779
89.8400	63.6066	63.4783
89.8510	63.4401	63.4787
89.8651	63.1905	63.4778
89.8760	63.4401	63.4770
89.8800	63.6066	63.4774
89.8900	62.9408	63.4763
89.9000	63.8563	63.4759
89.9110	63.6066	63.4775
89.9200	63.8563	63.4792
89.9300	63.1905	63.4796
89.9400	63.2737	63.4782
89.9501	63.6066	63.4781
89.9601	63.9395	63.4800
89.9710	63.2737	63.4808
89.9802	64.1060	63.4822
89.9900	63.2737	63.4836
90.0002	63.7731	63.4840
90.0101	64.1060	63.4868
90.0201	63.7731	63.4897
90.0302	63.1072	63.4895
90.0401	63.6066	63.4889
90.0500	63.2737	63.4887
90.0601	63.1072	63.4870
90.0701	62.7743	63.4839
90.0800	63.6066	63.4822
90.0902	63.4401	63.4826
90.1002	63.4401	63.4825
90.1101	63.6066	63.4828
90.1202	63.4401	63.4832
90.1301	63.9395	63.4846
90.1401	63.3569	63.4857
90.1503	63.1072	63.4843
90.1602	63.7731	63.4842
90.1701	63.3569	63.4848
90.1803	63.7731	63.4854
90.1902	63.2737	63.4857
90.2004	63.7731	63.4861
90.2102	63.2737	63.4864
90.2201	63.8563	63.4870
90.2302	63.4401	63.4881
90.2402	63.6066	63.4885
90.2502	63.4401	63.4888
90.2602	63.7731	63.4897
90.2702	63.2737	63.4900
90.2802	63.1072	63.4884
90.2903	63.4401	63.4872
90.3003	63.6066	63.4876
90.3102	63.1905	63.4872
90.3202	63.7731	63.4873
90.3302	63.4401	63.4881
90.3402	63.6066	63.4884
90.3503	63.9395	63.4903
90.3602	63.4401	63.4916
90.3702	63.6898	63.4922
90.3803	63.1072	63.4918
90.3903	63.4401	63.4906
90.4002	63.9395	63.4920
90.4104	63.4401	63.4933
90.4203	63.5234	63.4934
90.4302	63.7731	63.4944
90.4403	63.4401	63.4952
90.4502	63.3569	63.4948
90.4602	63.4401	63.4944
90.4702	63.3569	63.4939
90.4802	64.0228	63.4953
90.4903	63.1072	63.4958
90.5003	63.8563	63.4959
90.5102	63.5234	63.4972
90.5202	64.0228	63.4990
90.5302	63.1905	63.4998
90.5402	63.4401	63.4989
90.5503	63.5234	63.4989
90.5604	63.3569	63.4987
90.5702	63.6066	63.4988
90.5803	63.1072	63.4981
90.5903	63.1905	63.4961
90.6002	63.8563	63.4964
90.6103	63.1072	63.4965
90.6203	63.2737	63.4948
90.6302	62.7743	63.4921
90.6403	63.3569	63.4897
90.6504	63.5234	63.4896
90.6602	64.0228	63.4914
90.6703	63.4401	63.4930
90.6803	63.6898	63.4935
90.6902	63.8563	63.4954
90.7003	63.5234	63.4967
90.7102	63.6066	63.4972
90.7202	63.4401	63.4975
90.7303	62.9408	63.4958
90.7404	63.4401	63.4942
90.7503	63.7731	63.4950
90.7603	63.6066	63.4963
90.7703	63.4401	63.4966
90.7803	64.0228	63.4982
90.7903	63.0240	63.4985
90.8004	62.7743	63.4950
90.8104	63.6066	63.4933
90.8204	63.4401	63.4937
90.8304	63.8563	63.4947
90.8403	63.6066	63.4963
90.8510	63.2737	63.4961
90.8603	63.4401	63.4954
90.8704	63.6898	63.4959
90.8804	63.3569	63.4962
90.8905	63.1072	63.4948
90.9004	63.9395	63.4951
90.9103	63.4401	63.4964
90.9203	63.9395	63.4977
90.9304	63.4401	63.4990
90.9404	63.4401	63.4988
90.9503	62.9408	63.4971
90.9604	63.1072	63.4944
90.9704	64.1060	63.4952
90.9804	63.1072	63.4960
90.9904	63.0240	63.4935
91.0004	63.6898	63.4929
91.0104	64.1060	63.4954
91.0204	63.7731	63.4982
91.0305	63.9395	63.5005
91.0404	63.2737	63.5013
91.0504	63.9395	63.5021
91.0605	63.3569	63.5031
91.0704	63.4401	63.5026
91.0804	63.1905	63.5016
91.0904	63.7731	63.5017
91.1004	63.9395	63.5039
91.1105	63.2737	63.5047
91.1205	63.2737	63.5035
91.1304	62.8576	63.5010
91.1404	63.6898	63.4998
91.1504	62.9408	63.4988
91.1594	63.6898	63.4978
91.1705	63.9395	63.4999
91.1804	63.1072	63.5002
91.1906	63.2737	63.4984
91.2004	63.5234	63.4980
91.2104	63.1072	63.4970
91.2202	63.4401	63.4958
91.2306	63.9395	63.4971
91.2405	62.9408	63.4969
91.2516	63.6898	63.4959
91.2605	63.6898	63.4972
91.2705	63.3569	63.4975
91.2806	64.0228	63.4988
91.2906	63.8563	63.5016
91.3006	63.1072	63.5016
91.3106	63.2737	63.4999
91.3205	63.3569	63.4990
91.3305	63.7731	63.4995
91.3397	63.6898	63.5010
91.3495	63.3569	63.5013
91.3605	63.5234	63.5011
91.3706	63.1072	63.5001
91.3805	63.5234	63.4992
91.3906	63.9395	63.5007
91.4005	63.5234	63.5022
91.4095	63.2737	63.5018
91.4205	63.4401	63.5010
91.4306	63.1072	63.4998
91.4405	63.7731	63.4996
91.4505	63.4401	63.5004
91.4608	63.1905	63.4994
91.4695	63.2737	63.4980
91.4807	63.2737	63.4968
91.4907	63.4401	63.4961
91.5005	63.4401	63.4959
91.5107	62.8576	63.4940
91.5207	63.6066	63.4926
91.5295	63.5234	63.4931
91.5408	63.7731	63.4942
91.5507	63.6066	63.4955
91.5605	63.2737	63.4954
91.5706	63.9395	63.4962
91.5806	63.8563	63.4987
91.5896	63.6066	63.5003
91.5996	62.7743	63.4986
91.6106	63.4401	63.4964
91.6206	63.6898	63.4970
91.6306	63.7731	63.4985
91.6406	63.3569	63.4991
91.6499	63.4401	63.4987
91.6598	63.5234	63.4987
91.6706	63.9395	63.5003
91.6806	63.1072	63.5006
91.6906	63.1905	63.4987
91.7007	63.4401	63.4977
91.7096	63.7731	63.4985
91.7196	63.7731	63.5003
91.7307	63.2737	63.5006
91.7408	63.6066	63.5004
91.7507	63.3569	63.5005
91.7606	63.2737	63.4995
91.7697	63.5234	63.4991
91.7798	63.3569	63.4989
91.7907	63.9395	63.4999
91.8008	63.6066	63.5017
91.8108	63.7731	63.5030
91.8207	63.5234	63.5040
91.8298	63.7731	63.5051
91.8397	63.2737	63.5053
91.8498	63.8563	63.5058
91.8608	63.9395	63.5084
91.8707	63.6066	63.5101
91.8807	63.9395	63.5119
91.8898	62.7743	63.5111
91.8998	63.5234	63.5091
91.9097	63.0240	63.5079
91.9208	63.6898	63.5071
91.9307	63.4401	63.5076
91.9408	62.9408	63.5059
91.9497	63.5234	63.5044
91.9597	63.6898	63.5052
91.9698	62.9408	63.5042
91.9808	63.7731	63.5035
91.9907	63.5234	63.5045
92.0007	63.6066	63.5050
92.0097	63.6898	63.5061
92.0197	63.6066	63.5071
92.0297	63.6066	63.5078
92.0398	63.8563	63.5093
92.0507	63.2737	63.5098
92.0608	63.6066	63.5096
92.0697	63.1072	63.5088
92.0798	63.6898	63.5083
92.0898	63.9395	63.5103
92.0997	63.7731	63.5125
92.1107	63.9395	63.5148
92.1208	62.6911	63.5137
92.1298	64.0228	63.5130
92.1398	63.4401	63.5144
92.1499	63.5234	63.5144
92.1598	63.4401	63.5144
92.1708	63.5234	63.5143
92.1809	63.2737	63.5138
92.1899	63.6898	63.5138
92.2000	63.7731	63.5152
92.2100	63.6898	63.5167
92.2199	63.6066	63.5176
92.2309	63.6066	63.5183
92.2409	64.0228	63.5203
92.2499	63.2737	63.5212
92.2600	63.0240	63.5192
92.2699	63.8563	63.5188
92.2799	63.7731	63.5208
92.2900	63.1072	63.5205
92.3010	62.8576	63.5174
92.3099	64.1060	63.5173
92.3200	63.2737	63.5185
92.3299	63.9395	63.5192
92.3399	63.6898	63.5212
92.3500	64.0228	63.5234
92.3609	63.8563	63.5260
92.3699	63.1905	63.5262
92.3800	63.1905	63.5243
92.3900	63.6066	63.5238
92.4000	63.4401	63.5239
92.4100	63.8563	63.5248
92.4209	62.9408	63.5242
92.4309	63.6066	63.5229
92.4400	63.6066	63.5236
92.4500	63.9395	63.5252
92.4599	63.4401	63.5264
92.4699	64.0228	63.5278
92.4799	63.6066	63.5297
92.4904	63.8563	63.5311
92.5000	63.4401	63.5320
92.5099	63.7731	63.5326
92.5199	63.6066	63.5338
92.5300	63.4401	63.5339
92.5399	63.6066	63.5340
92.5503	63.5234	63.5344
92.5599	63.2737	63.5338
92.5699	63.4401	63.5329
92.5800	64.0228	63.5343
92.5900	63.2737	63.5351
92.5999	63.1072	63.5333
92.6110	63.2737	63.5314
92.6200	62.7743	63.5285
92.6299	63.3569	63.5259
92.6400	63.5234	63.5256
92.6501	62.9408	63.5240
92.6601	64.0228	63.5239
92.6711	63.0240	63.5240
92.6800	63.5234	63.5227
92.6899	63.4401	63.5226
92.7000	63.4401	63.5223
92.7100	62.9408	63.5204
92.7200	63.1072	63.5176
92.7301	63.7731	63.5173
92.7400	63.2737	63.5175
92.7500	63.4401	63.5166
92.7600	62.9408	63.5148
92.7701	63.2737	63.5125
92.7800	63.4401	63.5117
92.7901	63.6066	63.5120
92.8001	63.6066	63.5127
92.8100	62.9408	63.5114
92.8201	63.4401	63.5096
92.8301	62.9408	63.5078
92.8401	63.3569	63.5058
92.8502	62.9408	63.5038
92.8601	62.9408	63.5005
92.8701	63.6066	63.4993
92.8802	63.4401	63.4995
92.8900	62.7743	63.4973
92.9003	63.1905	63.4943
92.9101	63.2737	63.4929
92.9200	62.9408	63.4906
92.9302	62.9408	63.4874
92.9401	62.9408	63.4842
92.9501	63.7731	63.4836
92.9601	63.9395	63.4859
92.9701	63.8563	63.4884
92.9801	63.3569	63.4892
92.9902	63.6898	63.4895
93.0003	63.6898	63.4908
93.0101	63.2737	63.4909
93.0202	63.4401	63.4902
93.0303	64.1892	63.4922
93.0401	63.0240	63.4930
93.0502	63.6066	63.4920
93.0603	63.2737	63.4918
93.0701	63.6066	63.4916
93.0802	63.3569	63.4916
93.0903	63.6066	63.4917
93.1001	63.2737	63.4914
93.1101	63.4401	63.4907
93.1201	63.0240	63.4893
93.1303	63.4401	63.4878
93.1402	63.6898	63.4883
93.1503	63.1072	63.4879
93.1602	63.0240	63.4854
93.1702	63.1905	63.4833
93.1803	63.1072	63.4813
93.1901	63.0240	63.4789
93.2003	63.4401	63.4775
93.2103	63.6898	63.4780
93.2202	63.4401	63.4786
93.2303	63.4401	63.4785
93.2403	63.1905	63.4775
93.2502	63.6898	63.4774
93.2602	63.6066	63.4785
93.2703	63.4401	63.4788
93.2803	63.6066	63.4791
93.2903	63.1072	63.4785
93.3003	63.6066	63.4778
93.3104	63.6898	63.4789
93.3203	63.4401	63.4794
93.3303	63.9395	63.4808
93.3402	63.5234	63.4823
93.3503	63.3569	63.4821
93.3602	63.2737	63.4812
93.3703	63.1905	63.4798
93.3802	63.1905	63.4781
93.3903	63.7731	63.4782
93.4003	62.9408	63.4775
93.4103	63.4401	63.4759
93.4205	64.1060	63.4777
93.4303	63.2737	63.4791
93.4403	63.6898	63.4791
93.4503	63.2737	63.4792
93.4603	63.2737	63.4780
93.4703	63.4401	63.4774
93.4803	63.7731	63.4782
93.4902	63.6066	63.4795
93.5004	63.1072	63.4789
93.5103	63.1072	63.4767
93.5203	63.2737	63.4750
93.5303	63.7731	63.4754
93.5404	63.6898	63.4770
93.5503	63.6898	63.4783
93.5607	63.1905	63.4781
93.5703	63.3569	63.4770
93.5803	63.2737	63.4760
93.5903	63.0240	63.4741
93.6003	63.3569	63.4725
93.6103	63.3569	63.4718
93.6204	64.1060	63.4735
93.6303	63.9395	63.4768
93.6403	63.4401	63.4782
93.6503	63.2737	63.4775
93.6603	62.9408	63.4753
93.6703	63.1072	63.4727
93.6803	63.6066	63.4720
93.6904	62.9408	63.4709
93.7003	63.7731	63.4703
93.7104	64.0228	63.4729
93.7206	63.4401	63.4745
93.7304	63.1072	63.4734
93.7403	63.4401	63.4722
93.7504	63.4401	63.4721
93.7604	63.9395	63.4734
93.7703	63.6066	63.4753
93.7804	63.6898	63.4764
93.7907	63.9395	63.4785
93.8003	63.8563	63.4811
93.8105	63.6066	63.4827
93.8205	63.2737	63.4825
93.8305	63.0240	63.4806
93.8404	63.4401	63.4791
93.8504	63.4401	63.4790
93.8606	63.6066	63.4793
93.8705	64.0228	63.4814
93.8804	62.7743	63.4810
93.8907	63.5234	63.4790
93.9005	63.8563	63.4804
93.9104	62.9408	63.4799
93.9206	63.9395	63.4798
93.9305	63.3569	63.4809
93.9405	64.0228	63.4822
93.9505	63.0240	63.4825
93.9605	63.6898	63.4818
93.9704	64.1060	63.4844
93.9804	63.4401	63.4862
93.9904	63.8563	63.4873
94.0005	63.4401	63.4883
94.0104	63.5234	63.4884
94.0203	63.2737	63.4879
94.0305	63.7731	63.4882
94.0404	63.3569	63.4887
94.0494	63.3569	63.4880
94.0604	63.9395	63.4891
94.0705	63.2737	63.4899
94.0805	63.8563	63.4904
94.0905	63.4401	63.4914
94.1006	63.2737	63.4907
94.1094	63.8563	63.4912
94.1205	63.8563	63.4935
94.1305	63.4401	63.4945
94.1405	63.7731	63.4953
94.1505	63.2737	63.4955
94.1607	63.4401	63.4948
94.1695	63.7731	63.4955
94.1806	63.4401	63.4963
94.1906	63.2737	63.4956
94.2005	63.3569	63.4946
94.2105	63.7731	63.4951
94.2204	63.6066	63.4963
94.2295	63.4401	63.4966
94.2405	63.7731	63.4973
94.2505	63.5234	63.4983
94.2605	63.1072	63.4973
94.2706	63.6898	63.4968
94.2805	63.0240	63.4961
94.2895	63.4401	63.4946
94.2995	62.7743	63.4924
94.3106	63.4401	63.4901
94.3205	63.4401	63.4899
94.3306	63.7731	63.4907
94.3406	64.1060	63.4934
94.3495	62.9408	63.4937
94.3596	63.1905	63.4913
94.3706	63.2737	63.4898
94.3806	63.1072	63.4882
94.3906	63.5234	63.4873
94.4006	63.1072	63.4864
94.4096	63.1072	63.4843
94.4198	63.0240	63.4820
94.4306	63.4401	63.4806
94.4406	62.4414	63.4775
94.4506	63.4401	63.4745
94.4608	63.9395	63.4759
94.4697	63.1072	63.4764
94.4796	63.1072	63.4744
94.4896	63.7731	63.4744
94.5007	63.5234	63.4757
94.5106	63.6898	63.4767
94.5206	63.1905	63.4767
94.5296	63.3569	63.4757
94.5399	63.6066	63.4760
94.5496	63.6066	63.4770
94.5607	62.9408	63.4760
94.5706	62.9408	63.4731
94.5806	62.9408	63.4701
94.5906	63.6066	63.4691
94.6000	63.3569	63.4693
94.6097	63.7731	63.4701
94.6207	63.6066	63.4715
94.6306	63.8563	63.4733
94.6408	63.3569	63.4742
94.6507	63.1905	63.4732
94.6596	62.9408	63.4709
94.6697	63.0240	63.4681
94.6807	63.7731	63.4678
94.6906	62.9408	63.4672
94.7007	64.1060	63.4677
94.7097	63.1072	63.4687
94.7196	63.8563	63.4689
94.7297	62.7743	63.4681
94.7397	63.3569	63.4658
94.7507	63.1905	63.4648
94.7607	63.2737	63.4635
94.7707	63.1905	63.4622
94.7797	63.2737	63.4609
94.7897	63.9395	63.4619
94.7997	63.2737	63.4629
94.8107	63.4401	63.4624
94.8207	63.5234	63.4626
94.8307	63.7731	63.4638
94.8397	63.6066	63.4652
94.8498	63.0240	63.4645
94.8598	64.0228	63.4649
94.8709	63.6898	63.4674
94.8807	63.5234	63.4683
94.8907	63.1905	63.4678
94.8999	63.3569	63.4668
94.9098	63.9395	63.4680
94.9197	63.7731	63.4704
94.9309	64.1060	63.4734
94.9408	63.4401	63.4753
94.9498	63.6066	63.4757
94.9599	63.6066	63.4766
94.9699	63.3569	63.4768
94.9798	63.2737	63.4759
94.9901	62.7743	63.4733
95.0009	63.0240	63.4699
95.0098	63.1072	63.4676
95.0199	63.0240	63.4653
95.0298	63.4401	63.4639
95.0398	63.2737	63.4633
95.0498	63.1072	63.4617
95.0608	63.1072	63.4596
95.0709	63.7731	63.4595
95.0799	63.4401	63.4604
95.0899	64.0228	63.4620
95.0999	63.2737	63.4631
95.1099	63.3569	63.4623
95.1209	63.3569	63.4616
95.1309	63.6066	63.4617
95.1399	63.6066	63.4626
95.1499	63.6066	63.4634
95.1600	63.7731	63.4648
95.1699	63.4401	63.4656
95.1798	63.2737	63.4650
95.1909	63.4401	63.4643
95.1999	63.6898	63.4649
95.2098	63.9395	63.4669
95.2199	63.4401	63.4682
95.2300	63.7731	63.4690
95.2399	63.4401	63.4697
95.2509	63.2737	63.4689
95.2600	63.7731	63.4691
95.2702	63.6066	63.4703
95.2799	63.6066	63.4709
95.2900	63.4401	63.4710
95.3000	63.1072	63.4696
95.3110	63.1072	63.4672
95.3209	63.2737	63.4652
95.3299	63.6066	63.4647
95.3400	63.6066	63.4652
95.3500	63.5234	63.4654
95.3602	63.4401	63.4650
95.3709	63.1072	63.4634
95.3809	63.4401	63.4618
95.3899	63.5234	63.4614
95.4002	62.9408	63.4594
95.4099	63.6066	63.4577
95.4200	62.7743	63.4554
95.4301	63.2737	63.4522
95.4399	63.1072	63.4499
95.4501	63.2737	63.4476
95.4599	63.6898	63.4469
95.4700	63.1072	63.4458
95.4801	63.9395	63.4454
95.4900	63.1072	63.4449
95.5009	63.6066	63.4434
95.5101	63.6898	63.4436
95.5202	63.9395	63.4447
95.5301	63.2737	63.4446
95.5401	63.7731	63.4439
95.5501	63.2737	63.4432
95.5610	63.6066	63.4419
95.5700	63.9395	63.4426
95.5800	63.6066	63.4432
95.5900	63.2737	63.4418
95.6002	62.6911	63.4376
95.6101	63.6066	63.4344
95.6200	63.4401	63.4334
95.6301	63.1905	63.4311
95.6391	63.8563	63.4300
95.6500	63.5234	63.4299
95.6600	63.2737	63.4280
95.6700	63.2737	63.4253
95.6800	63.4401	63.4230
95.6901	63.1072	63.4203
95.7000	63.5234	63.4177
95.7100	63.5234	63.4164
95.7200	63.3569	63.4145
95.7301	63.8563	63.4135
95.7401	63.4401	63.4128
95.7501	63.1072	63.4098
95.7600	63.5234	63.4070
95.7701	63.2737	63.4046
95.7801	63.2737	63.4014
95.7903	63.3569	63.3985
95.8002	62.9408	63.3945
95.8100	63.4401	63.3907
95.8202	63.3569	63.3882
95.8302	63.1072	63.3846
95.8401	63.7731	63.3822
95.8501	63.6066	63.3812
95.8601	62.9408	63.3777
95.8701	63.4401	63.3736
95.8801	63.7731	63.3720
95.8901	63.9395	63.3719
95.9001	63.3569	63.3704
95.9103	63.4401	63.3674
95.9202	63.7731	63.3656
95.9301	63.2737	63.3632
95.9401	63.6898	63.3606
95.9502	63.6066	63.3588
95.9602	62.9408	63.3548
95.9701	62.6911	63.3480
95.9802	63.1072	63.3417
95.9902	63.5234	63.3378
96.0004	63.3569	63.3346
96.0102	63.1905	63.3304
96.0201	63.4401	63.3264
96.0303	63.4401	63.3231
96.0402	63.2737	63.3192
96.0502	63.6066	63.3159
96.0603	63.1072	63.3119
96.0701	63.2737	63.3070
96.0802	63.1905	63.3022
96.0902	63.1905	63.2971
96.1001	63.2737	63.2923
96.1102	63.1072	63.2872
96.1203	63.1072	63.2815
96.1301	63.1905	63.2761
96.1403	63.6066	63.2721
96.1503	63.4401	63.2689
96.1602	63.1072	63.2641
96.1702	63.5234	63.2595
96.1803	63.1072	63.2549
96.1902	63.1072	63.2490
96.2002	63.8563	63.2453
96.2103	64.0228	63.2443
96.2202	63.1072	63.2411
96.2303	63.6898	63.2368
96.2403	63.3569	63.2332
96.2502	63.4401	63.2288
96.2602	63.3569	63.2244
96.2703	63.4401	63.2200
96.2803	63.0240	63.2145
96.2903	63.4401	63.2090
96.3003	63.2737	63.2043
96.3103	63.6066	63.2000
96.3203	62.9408	63.1946
96.3302	63.3569	63.1885
96.3403	63.4401	63.1839
96.3503	63.2737	63.1790
96.3602	62.7743	63.1720
96.3703	63.4401	63.1655
96.3803	62.7743	63.1590
96.3902	62.9408	63.1510
96.4004	63.2737	63.1445
96.4103	62.8576	63.1377
96.4202	63.6066	63.1318
96.4303	63.0240	63.1264
96.4403	63.9395	63.1221
96.4502	63.4401	63.1189
96.4604	64.2725	63.1167
96.4703	63.2737	63.1139
96.4803	63.2737	63.1081
96.4903	63.1905	63.1020
96.5003	62.7743	63.0944
96.5103	63.4401	63.0876
96.5203	63.2737	63.0822
96.5303	63.6066	63.0773
96.5403	63.7731	63.0738
96.5503	62.7743	63.0678
96.5603	63.1072	63.0598
96.5706	63.5234	63.0541
96.5803	63.5234	63.0495
96.5904	63.5234	63.0450
96.6004	63.1072	63.0391
96.6104	63.5234	63.0333
96.6204	63.6066	63.0289
96.6304	63.1072	63.0232
96.6404	63.1072	63.0160
96.6503	63.2737	63.0093
96.6608	63.4401	63.0036
96.6703	63.4401	62.9984
96.6803	62.6079	62.9907
96.6905	63.2737	62.9824
96.7004	63.1905	62.9759
96.7104	63.3569	62.9696
96.7204	63.9395	62.9656
96.7305	63.2737	62.9613
96.7403	63.1072	62.9545
96.7495	63.6066	62.9487
96.7604	63.0240	62.9427
96.7704	63.2737	62.9356
96.7804	63.3569	62.9296
96.7904	63.2737	62.9235
96.8004	63.1072	62.9167
96.8094	63.6066	62.9109
96.8204	62.9408	62.9046
96.8305	63.4401	62.8977
96.8405	63.1905	62.8917
96.8505	63.4401	62.8856
96.8604	63.1072	62.8793
96.8705	63.1072	62.8719
96.8805	63.1072	62.8646
96.8905	63.1072	62.8573
96.9005	62.9408	62.8495
96.9105	63.2737	62.8422
96.9207	63.1072	62.8355
96.9305	63.2737	62.8287
96.9404	63.1072	62.8219
96.9505	62.8576	62.8139
96.9605	62.7743	62.8050
96.9704	63.1072	62.7968
96.9806	62.6079	62.7881
96.9904	62.9408	62.7789
96.9994	63.3569	62.7720
97.0105	62.8576	62.7649
97.0205	63.1072	62.7570
97.0304	62.7743	62.7489
97.0406	62.6911	62.7396
97.0505	63.6066	62.7328
97.0594	62.5247	62.7255
97.0705	62.9408	62.7163
97.0805	63.1072	62.7088
97.0904	62.9408	62.7013
97.1006	63.1072	62.6939
97.1105	62.6911	62.6857
97.1195	63.2737	62.6781
97.1305	62.7743	62.6707
97.1405	62.7743	62.6619
97.1505	62.7743	62.6531
97.1605	62.9408	62.6449
97.1705	62.6079	62.6361
97.1796	62.6079	62.6264
97.1895	63.0240	62.6180
97.2005	63.0240	62.6109
97.2104	62.9408	62.6036
97.2205	62.9408	62.5960
97.2305	62.9408	62.5885
97.2396	62.7743	62.5805
97.2495	63.1072	62.5730
97.2605	62.5247	62.5648
97.2706	62.6079	62.5552
97.2805	62.7743	62.5463
97.2905	62.6911	62.5378
97.2995	62.6079	62.5288
97.3096	62.3582	62.5188
97.3205	63.4401	62.5114
97.3307	63.1072	62.5063
97.3407	62.8576	62.4994
97.3506	63.2737	62.4931
97.3596	63.0240	62.4873
97.3696	62.9408	62.4806
97.3806	62.6079	62.4727
97.3906	62.9408	62.4648
97.4006	62.9408	62.4579
97.4106	63.1072	62.4516
97.4197	62.6911	62.4446
97.4295	62.6911	62.4364
97.4396	62.7743	62.4284
97.4507	62.8576	62.4211
97.4608	62.6079	62.4133
97.4707	62.7743	62.4052
97.4796	62.9408	62.3983
97.4896	62.6911	62.3911
97.4997	62.9408	62.3840
97.5107	63.0240	62.3779
97.5206	62.6079	62.3709
97.5307	62.6079	62.3627
97.5397	62.6079	62.3545
97.5497	62.8576	62.3472
97.5597	62.3582	62.3391
97.5707	62.8576	62.3311
97.5806	62.3582	62.3232
97.5906	62.6911	62.3148
97.5996	62.1918	62.3059
97.6096	62.2750	62.2959
97.6196	62.7743	62.2877
97.6307	62.4414	62.2801
97.6407	63.2737	62.2740
97.6507	62.7743	62.2689
97.6597	63.0240	62.2632
97.6697	62.7743	62.2575
97.6797	62.2750	62.2496
97.6897	62.8576	62.2420
97.7008	62.4414	62.2349
97.7108	62.5247	62.2269
97.7208	62.6079	62.2195
97.7299	62.3582	62.2115
97.7399	62.1086	62.2022
97.7498	62.2750	62.1926
97.7609	62.2750	62.1837
97.7709	62.4414	62.1752
97.7798	62.2750	62.1668
97.7899	62.3582	62.1583
97.7999	62.2750	62.1497
97.8099	62.2750	62.1410
97.8208	62.2750	62.1323
97.8308	61.9421	62.1227
97.8398	62.3582	62.1134
97.8499	62.3582	62.1054
97.8599	62.3582	62.0974
97.8699	62.6079	62.0902
97.8799	62.1918	62.0826
97.8909	62.6079	62.0750
97.9009	62.6079	62.0687
97.9099	62.1086	62.0610
97.9198	62.4414	62.0528
97.9299	62.6079	62.0462
97.9398	62.2750	62.0391
97.9508	62.6911	62.0323
97.9608	62.3582	62.0259
97.9698	61.9421	62.0172
97.9798	62.2750	62.0083
97.9898	62.6079	62.0015
97.9998	62.1086	61.9943
98.0108	62.1086	61.9855
98.0207	62.0254	61.9766
98.0298	61.9421	61.9673
98.0398	62.6911	61.9600
98.0498	62.0254	61.9530
98.0598	61.6093	61.9428
98.0708	62.0254	61.9326
98.0808	62.1086	61.9241
98.0898	62.4414	61.9168
98.0998	62.2750	61.9100
98.1098	61.9421	61.9019
98.1198	62.1918	61.8935
98.1298	62.2750	61.8862
98.1408	62.1086	61.8787
98.1498	61.8589	61.8699
98.1598	61.7757	61.8603
98.1698	61.7757	61.8504
98.1799	62.4414	61.8426
98.1898	62.2750	61.8364
98.2009	61.8589	61.8284
98.2098	61.7757	61.8190
98.2199	61.9421	61.8099
98.2299	61.7757	61.8008
98.2399	61.7757	61.7913
98.2499	62.1918	61.7831
98.2608	61.9421	61.7755
98.2709	62.1086	61.7677
98.2799	61.6093	61.7589
98.2898	61.7757	61.7492
98.2999	61.7757	61.7400
98.3100	61.9421	61.7314
98.3199	62.1086	61.7238
98.3300	61.1932	61.7141
98.3400	61.6093	61.7029
98.3499	61.2764	61.6921
98.3602	62.1086	61.6827
98.3700	61.7757	61.6750
98.3799	61.9421	61.6668
98.3900	61.7757	61.6587
98.4003	61.7757	61.6501
98.4100	61.2764	61.6401
98.4200	61.7757	61.6301
98.4301	61.6093	61.6212
98.4401	61.8589	61.6126
98.4510	61.7757	61.6045
98.4602	61.2764	61.5948
98.4701	62.1086	61.5861
98.4800	61.7757	61.5790
98.4899	61.4428	61.5699
98.5000	61.6093	61.5604
98.5110	62.3582	61.5537
98.5200	61.6093	61.5470
98.5300	61.8589	61.5389
98.5400	61.6093	61.5308
98.5501	61.6093	61.5220
98.5600	62.3582	61.5155
98.5700	61.6093	61.5091
98.5800	61.3596	61.4997
98.5900	61.1932	61.4892
98.6001	61.4428	61.4789
98.6100	61.1932	61.4687
98.6200	61.7757	61.4595
98.6300	61.6093	61.4517
98.6400	61.7757	61.4439
98.6500	61.4428	61.4356
98.6600	61.2764	61.4259
98.6702	61.2764	61.4158
98.6801	62.0254	61.4080
98.6901	61.2764	61.4002
98.7001	61.1100	61.3897
98.7101	61.5261	61.3800
98.7200	61.2764	61.3709
98.7302	61.6093	61.3621
98.7401	62.0254	61.3556
98.7501	61.7757	61.3496
98.7601	61.6093	61.3425
98.7700	61.9421	61.3358
98.7800	61.4428	61.3288
98.7903	61.6925	61.3210
98.8001	61.6093	61.3137
98.8100	61.7757	61.3068
98.8200	61.2764	61.2989
98.8301	61.6093	61.2906
98.8401	61.2764	61.2823
98.8502	61.2764	61.2731
98.8602	61.7757	61.2654
98.8701	61.9421	61.2597
98.8801	61.5261	61.2534
98.8902	61.2764	61.2451
98.9001	61.4428	61.2366
98.9102	61.6093	61.2292
98.9202	61.4428	61.2218
98.9302	61.2764	61.2135
98.9402	61.1100	61.2042
98.9502	61.5261	61.1957
98.9602	61.1100	61.1873
98.9703	60.6107	61.1762
98.9802	61.0268	61.1649
98.9902	61.1932	61.1554
99.0002	61.1100	61.1462
99.0101	61.1100	61.1368
99.0202	60.7772	61.1265
99.0301	61.2764	61.1167
99.0401	60.9436	61.1075
99.0501	60.8604	61.0971
99.0603	61.1932	61.0875
99.0701	61.6093	61.0802
99.0802	61.1932	61.0729
99.0902	61.0268	61.0640
99.1002	60.9436	61.0544
99.1102	60.8604	61.0443
99.1203	61.1100	61.0348
99.1302	61.3596	61.0268
99.1402	61.1932	61.0191
99.1502	61.4428	61.0118
99.1602	60.9436	61.0037
99.1702	60.1115	60.9917
99.1802	60.8604	60.9795
99.1902	60.9436	60.9698
99.2002	61.1932	60.9612
99.2102	61.2764	60.9537
99.2202	60.9436	60.9455
99.2302	61.1100	60.9368
99.2402	61.0268	60.9285
99.2502	61.2764	60.9207
99.2603	61.6093	60.9147
99.2702	61.5261	60.9095
99.2803	61.0268	60.9026
99.2903	60.8604	60.8938
99.3002	60.5275	60.8835
99.3103	61.1100	60.8741
99.3203	61.1932	60.8667
99.3303	61.0268	60.8592
99.3403	61.1100	60.8515
99.3503	61.1932	60.8443
99.3604	60.7772	60.8363
99.3703	60.6107	60.8265
99.3804	60.9436	60.8173
99.3904	60.9436	60.8092
99.4003	60.9436	60.8012
99.4103	60.9436	60.7933
99.4205	60.6940	60.7846
99.4304	60.5275	60.7748
99.4403	61.4428	60.7673
99.4504	60.6940	60.7604
99.4603	61.4428	60.7536
99.4703	60.6107	60.7466
99.4804	60.7772	60.7376
99.4904	60.6107	60.7288
99.5003	60.8604	60.7202
99.5103	61.2764	60.7138
99.5205	61.1932	60.7084
99.5303	60.2779	60.7001
99.5405	60.5275	60.6898
99.5504	61.4428	60.6832
99.5603	60.8604	60.6776
99.5704	60.6940	60.6699
99.5804	61.0268	60.6627
99.5906	60.6940	60.6556
99.6004	60.6940	60.6476
99.6103	60.2779	60.6385
99.6204	60.9436	60.6301
99.6304	60.9436	60.6239
99.6404	60.8604	60.6175
99.6505	60.6107	60.6102
99.6604	60.8604	60.6029
99.6703	60.1115	60.5942
99.6804	60.2779	60.5839
99.6903	60.6107	60.5752
99.6995	60.1115	60.5660
99.7104	61.1100	60.5585
99.7205	61.0268	60.5538
99.7304	61.1100	60.5491
99.7404	60.4443	60.5428
99.7504	60.6107	60.5351
99.7594	60.9436	60.5289
99.7705	60.0283	60.5211
99.7804	61.1100	60.5139
99.7904	60.1115	60.5070
99.8004	60.1947	60.4975
99.8105	60.4443	60.4890
99.8195	60.6940	60.4822
99.8304	60.5275	60.4757
99.8405	59.9451	60.4670
99.8506	61.0268	60.4599
99.8605	60.9436	60.4559
99.8704	60.2779	60.4497
99.8795	60.2779	60.4417
99.8896	60.6107	60.4347
99.9005	60.3611	60.4281
99.9105	60.6107	60.4215
99.9207	59.5291	60.4126
99.9305	59.9451	60.4017
99.9395	60.6107	60.3943
99.9496	59.5291	60.3856
99.9605	59.7787	60.3746
99.9706	59.9451	60.3649
99.9806	61.0268	60.3591
99.9905	60.2779	60.3544
99.9996	60.2779	60.3476
100.0096	60.6107	60.3418
100.0205	59.4459	60.3336
100.0305	60.0283	60.3238
100.0405	60.1115	60.3161
100.0505	60.1115	60.3088
100.0596	60.6107	60.3030
100.0697	60.1115	60.2974
100.0805	59.3627	60.2881
100.0905	59.5291	60.2772
100.1005	60.0283	60.2684
100.1107	60.5275	60.2626
100.1205	60.2779	60.2578
100.1296	60.6107	60.2533
100.1395	59.7787	60.2474
100.1506	59.9451	60.2395
100.1606	60.3611	60.2336
100.1705	60.4443	60.2292
100.1806	60.1115	60.2242
100.1895	59.9451	60.2177
100.1995	60.3611	60.2121
100.2107	59.8619	60.2064
100.2207	60.1947	60.2002
100.2306	60.1947	60.1952
100.2398	60.1115	60.1900
100.2496	60.1115	60.1846
100.2596	59.7787	60.1783
100.2706	59.4459	60.1701
100.2806	60.1115	60.1631
100.2906	59.2795	60.1556
100.3006	59.9451	60.1477
100.3096	59.7787	60.1413
100.3196	59.8619	60.1349
100.3296	59.6955	60.1282
100.3406	60.1115	60.1224
100.3507	59.5291	60.1162
100.3607	59.7787	60.1091
100.3698	59.4459	60.1018
100.3797	59.6955	60.0944
100.3897	59.6123	60.0875
100.4006	59.9451	60.0815
100.4107	59.6123	60.0756
100.4206	59.6123	60.0688
100.4297	59.8619	60.0628
100.4397	60.5275	60.0596
100.4497	59.8619	60.0565
100.4607	59.1131	60.0492
100.4707	60.2779	60.0433
100.4797	60.2779	60.0410
100.4897	59.6123	60.0367
100.4997	59.4459	60.0300
100.5098	59.9451	60.0244
100.5208	59.5291	60.0191
100.5308	59.7787	60.0135
100.5397	59.5291	60.0079
100.5498	59.6123	60.0018
100.5598	59.7787	59.9967
100.5700	60.4443	59.9941
100.5798	59.5291	59.9908
100.5907	59.5291	59.9848
100.5997	59.4459	59.9787
100.6099	59.1963	59.9717
100.6198	59.4459	59.9647
100.6297	59.0299	59.9574
100.6398	59.7787	59.9511
100.6507	60.2779	59.9486
100.6608	59.9451	59.9468
100.6698	59.6955	59.9432
100.6798	60.3611	59.9410
100.6897	59.1963	59.9374
100.6998	59.1963	59.9303
100.7108	58.5308	59.9213
100.7207	58.8636	59.9114
100.7298	59.5291	59.9046
100.7398	59.1963	59.8988
100.7497	59.9451	59.8944
100.7598	59.0299	59.8896
100.7707	59.0299	59.8821
100.7807	59.4459	59.8759
100.7898	59.4459	59.8711
100.7998	59.7787	59.8673
100.8099	59.1963	59.8629
100.8198	60.3611	59.8603
100.8298	59.8619	59.8597
100.8409	59.7787	59.8575
100.8508	59.1963	59.8533
100.8598	59.6123	59.8487
100.8698	59.9451	59.8463
100.8799	59.6955	59.8444
100.8898	59.0299	59.8397
100.9010	59.6123	59.8348
100.9109	59.7787	59.8323
100.9198	59.2795	59.8288
100.9300	59.7787	59.8254
100.9399	59.0299	59.8212
100.9498	59.2795	59.8157
100.9609	59.3627	59.8112
100.9709	59.7787	59.8082
100.9798	58.6972	59.8034
100.9899	59.1963	59.7968
101.0000	59.7787	59.7936
101.0096	59.7787	59.7921
101.0199	60.3611	59.7925
101.0309	60.3611	59.7946
101.0399	59.4459	59.7941
101.0499	59.7787	59.7918
101.0599	59.8619	59.7908
101.0699	59.7787	59.7899
101.0799	60.1115	59.7897
101.0909	58.8636	59.7869
101.1000	59.5291	59.7823
101.1100	59.1131	59.7786
101.1199	59.1131	59.7736
101.1300	58.6972	59.7675
101.1399	59.6955	59.7631
101.1510	59.4459	59.7611
101.1600	59.1131	59.7573
101.1700	59.1131	59.7526
101.1799	59.1131	59.7480
101.1902	59.1963	59.7436
101.1999	59.6955	59.7411
101.2109	60.1947	59.7416
101.2199	59.6123	59.7419
101.2299	59.2795	59.7394
101.2398	59.9451	59.7381
101.2500	58.9468	59.7357
101.2599	59.4459	59.7319
101.2699	59.6955	59.7303
101.2799	59.0299	59.7276
101.2899	59.1963	59.7234
101.2999	58.8636	59.7188
101.3099	59.0299	59.7136
101.3199	58.5308	59.7076
101.3300	59.1963	59.7021
101.3401	59.5291	59.6996
101.3499	59.1963	59.6972
101.3599	58.7804	59.6925
101.3699	59.4459	59.6887
101.3799	59.3627	59.6866
101.3900	59.1963	59.6838
101.4004	59.1131	59.6803
101.4100	59.7787	59.6786
101.4199	59.4459	59.6779
101.4300	59.7787	59.6773
101.4399	59.7787	59.6777
101.4500	59.0299	59.6758
101.4599	59.6123	59.6735
101.4700	59.2795	59.6719
101.4800	58.6972	59.6676
101.4900	58.8636	59.6621
101.5000	59.1131	59.6579
101.5100	58.9468	59.6540
101.5200	59.7787	59.6521
101.5300	59.5291	59.6520
101.5400	58.8636	59.6492
101.5500	59.9451	59.6476
101.5600	59.4459	59.6478
101.5700	59.3627	59.6463
101.5800	59.6955	59.6455
101.5901	59.1963	59.6443
101.6001	59.1963	59.6416
101.6101	59.0299	59.6384
101.6200	59.3627	59.6357
101.6300	59.4459	59.6343
101.6400	59.3627	59.6330
101.6501	59.4459	59.6316
101.6601	58.8636	59.6288
101.6701	59.4459	59.6260
101.6802	59.1963	59.6242
101.6901	58.8636	59.6206
101.7001	59.1963	59.6171
101.7103	59.1963	59.6147
101.7201	58.7804	59.6110
101.7300	58.8636	59.6063
101.7401	59.4459	59.6036
101.7501	59.1131	59.6017
101.7601	59.0299	59.5986
101.7702	60.1115	59.5985
101.7801	58.9468	59.5982
101.7903	59.1131	59.5948
101.8001	59.3627	59.5928
101.8101	58.6972	59.5895
101.8202	59.0299	59.5852
101.8303	59.0299	59.5819
101.8401	59.0299	59.5787
101.8502	59.1963	59.5759
101.8601	59.4459	59.5744
101.8704	59.3627	59.5735
101.8802	59.1131	59.5715
101.8902	58.6140	59.5673
101.9001	58.5308	59.5614
101.9101	58.8636	59.5562
101.9202	59.1963	59.5531
101.9302	59.6123	59.5522
101.9402	59.2795	59.5516
101.9502	59.7787	59.5515
101.9602	59.7787	59.5528
101.9703	59.7787	59.5542
101.9802	60.2779	59.5571
101.9903	59.4459	59.5589
102.0003	59.1963	59.5575
102.0103	59.5291	59.5563
102.0203	59.5291	59.5562
102.0304	58.9468	59.5543
102.0403	59.9451	59.5536
102.0502	59.2795	59.5540
102.0603	59.4459	59.5528
102.0702	59.4459	59.5522
102.0802	59.5291	59.5518
102.0902	59.6123	59.5519
102.1002	59.6123	59.5523
102.1102	59.3627	59.5519
102.1204	59.7787	59.5520
102.1302	59.8619	59.5536
102.1404	59.7787	59.5552
102.1502	59.1963	59.5548
102.1602	59.8619	59.5546
102.1705	59.1131	59.5542
102.1802	58.9468	59.5511
102.1902	59.5291	59.5492
102.2002	59.5291	59.5491
102.2102	59.5291	59.5490
102.2203	59.2795	59.5481
102.2304	59.7787	59.5480
102.2402	59.1131	59.5474
102.2503	59.2795	59.5454
102.2603	59.7787	59.5453
102.2702	59.4459	59.5457
102.2803	59.4459	59.5451
102.2903	59.4459	59.5445
102.3002	59.8619	59.5452
102.3103	59.1963	59.5452
102.3203	59.4459	59.5438
102.3303	59.4459	59.5433
102.3403	59.6955	59.5435
102.3503	59.2795	59.5432
102.3603	59.3627	59.5419
102.3703	59.1131	59.5401
102.3803	59.3627	59.5383
102.3903	59.4459	59.5375
102.4003	59.9451	59.5385
102.4103	59.2795	59.5390
102.4203	59.1131	59.5370
102.4303	59.1131	59.5345
102.4403	59.3627	59.5327
102.4504	59.2795	59.5315
102.4604	59.1131	59.5295
102.4704	58.7804	59.5260
102.4804	59.6123	59.5241
102.4904	58.6972	59.5219
102.5004	58.6972	59.5169
102.5105	59.5291	59.5145
102.5205	59.1963	59.5136
102.5304	59.9451	59.5139
102.5404	59.6955	59.5158
102.5504	59.7787	59.5171
102.5609	59.6955	59.5185
102.5704	59.2795	59.5183
102.5804	59.7787	59.5184
102.5893	59.1963	59.5182
102.6005	59.2795	59.5166
102.6105	58.9468	59.5142
102.6204	59.4459	59.5123
102.6304	59.5291	59.5122
102.6404	59.2795	59.5115
102.6494	59.1131	59.5097
102.6604	59.3627	59.5080
102.6704	59.7787	59.5084
102.6804	59.5291	59.5093
102.6905	59.1131	59.5082
102.7004	59.3627	59.5066
102.7095	58.6140	59.5035
102.7207	58.9468	59.4992
102.7304	59.2795	59.4968
102.7404	59.0299	59.4948
102.7505	58.5308	59.4905
102.7604	59.2795	59.4869
102.7697	58.6972	59.4839
102.7805	59.6955	59.4821
102.7907	58.8636	59.4809
102.8005	59.7787	59.4799
102.8105	59.4459	59.4806
102.8204	58.4476	59.4774
102.8296	58.6140	59.4717
102.8395	59.8619	59.4702
102.8505	59.6123	59.4717
102.8606	59.2795	59.4715
102.8706	59.4459	59.4708
102.8804	59.6955	59.4714
102.8897	59.8619	59.4731
102.8995	58.9468	59.4727
102.9105	60.1947	59.4732
102.9206	59.1963	59.4745
102.9305	59.5291	59.4738
102.9405	59.6955	59.4746
102.9497	59.2795	59.4746
102.9596	59.2795	59.4734
102.9706	58.9468	59.4712
102.9807	58.6972	59.4672
102.9906	59.2795	59.4643
103.0005	59.3627	59.4633
103.0096	59.6123	59.4634
103.0195	59.3627	59.4635
103.0295	59.5291	59.4633
103.0406	58.9468	59.4619
103.0505	59.0299	59.4590
103.0607	59.0299	59.4563
103.0695	59.7787	59.4559
103.0796	59.1131	59.4558
103.0897	59.6955	59.4554
103.1008	59.6123	59.4565
103.1105	59.3627	59.4566
103.1206	59.4459	59.4562
103.1296	59.1131	59.4551
103.1395	59.1131	59.4530
103.1496	59.6123	59.4523
103.1608	59.1963	59.4520
103.1706	59.2795	59.4506
103.1807	58.6140	59.4475
103.1897	60.1115	59.4469
103.1996	58.9468	59.4473
103.2097	59.3627	59.4454
103.2206	59.1131	59.4441
103.2306	58.6140	59.4405
103.2406	59.5291	59.4382
103.2506	58.9468	59.4368
103.2597	59.6123	59.4358
103.2697	59.1131	59.4352
103.2797	59.0299	59.4329
103.2907	59.5291	59.4319
103.3007	59.7787	59.4331
103.3098	59.1131	59.4331
103.3198	59.4459	59.4320
103.3299	59.2795	59.4315
103.3397	59.5291	59.4312
103.3508	59.7787	59.4324
103.3608	59.4459	59.4334
103.3697	59.3627	59.4331
103.3798	59.2795	59.4323
103.3897	59.4459	59.4318
103.3997	59.2795	59.4313
103.4108	59.1963	59.4300
103.4208	59.4459	59.4292
103.4307	59.4459	59.4292
103.4398	59.6123	59.4297
103.4497	59.4459	59.4302
103.4596	59.3627	59.4299
103.4708	59.4459	59.4296
103.4807	59.4459	59.4296
103.4907	59.4459	59.4296
103.4997	59.5291	59.4298
103.5097	59.8619	59.4313
103.5197	59.4459	59.4325
103.5297	59.1131	59.4315
103.5407	59.6955	59.4312
103.5506	59.4459	59.4319
103.5597	59.6955	59.4327
103.5697	59.2795	59.4329
103.5798	59.5291	59.4326
103.5898	59.5291	59.4331
103.6007	59.6955	59.4341
103.6107	59.4459	59.4348
103.6198	59.2795	59.4343
103.6299	59.5291	59.4340
103.6398	59.3627	59.4339
103.6498	59.5291	59.4339
103.6608	59.1131	59.4331
103.6709	59.6955	59.4329
103.6797	59.2795	59.4331
103.6897	58.7804	59.4306
103.6998	59.0299	59.4273
103.7097	59.3627	59.4258
103.7197	59.6123	59.4261
103.7308	59.2795	59.4261
103.7398	59.3627	59.4253
103.7497	59.6123	59.4256
103.7597	59.7787	59.4271
103.7698	59.1963	59.4273
103.7798	60.0283	59.4284
103.7908	59.1131	59.4291
103.7999	59.0299	59.4269
103.8098	59.1131	59.4246
103.8198	58.8636	59.4219
103.8299	59.1131	59.4192
103.8398	58.9468	59.4167
103.8509	59.3627	59.4150
103.8608	59.6123	59.4153
103.8700	59.4459	59.4159
103.8799	59.1131	59.4149
103.8899	58.9468	59.4125
103.9000	59.3627	59.4108
103.9108	59.3627	59.4104
103.9198	58.9468	59.4087
103.9300	59.7787	59.4083
103.9398	59.1963	59.4087
103.9498	59.1963	59.4073
103.9599	58.9468	59.4051
103.9698	59.4459	59.4037
103.9809	59.1963	59.4031
103.9900	59.6955	59.4032
104.0000	60.0283	59.4058
104.0099	59.6123	59.4082
104.0199	59.4459	59.4088
104.0300	59.1131	59.4079
104.0409	58.6140	59.4045
104.0500	59.1131	59.4011
104.0600	58.8636	59.3985
104.0698	59.1131	59.3959
104.0800	58.6140	59.3925
104.0899	58.8636	59.3884
104.1008	59.2795	59.3864
104.1100	58.6972	59.3838
104.1199	59.4459	59.3817
104.1300	59.1131	59.3810
104.1399	59.6955	59.3809
104.1499	59.3627	59.3816
104.1599	59.9451	59.3831
104.1699	59.4459	59.3848
104.1799	59.8619	59.3862
104.1899	59.6955	59.3884
104.2001	59.6123	59.3899
104.2099	59.5291	59.3908
104.2203	59.6123	59.3917
104.2300	59.2795	59.3919
104.2400	58.5308	59.3888
104.2499	59.6123	59.3868
104.2601	59.2795	59.3870
104.2700	59.1963	59.3859
104.2800	59.9451	59.3868
104.2901	59.6123	59.3890
104.3000	58.9468	59.3882
104.3100	59.3627	59.3867
104.3201	59.1131	59.3856
104.3301	59.2795	59.3843
104.3401	59.5291	59.3843
104.3500	59.1131	59.3837
104.3600	59.0299	59.3817
104.3700	59.6123	59.3811
104.3800	59.6123	59.3824
104.3902	58.5308	59.3803
104.4000	59.8619	59.3791
104.4100	59.1963	59.3798
104.4202	59.5291	59.3795
104.4302	60.0283	59.3817
104.4400	59.5291	59.3840
104.4503	59.6955	59.3852
104.4601	59.4459	59.3861
104.4701	59.4459	59.3863
104.4800	59.4459	59.3865
104.4901	59.4459	59.3867
104.5001	59.3627	59.3867
104.5102	59.2795	59.3862
104.5202	59.1963	59.3851
104.5301	59.1131	59.3836
104.5402	59.1963	59.3821
104.5502	59.5291	59.3818
104.5601	59.0299	59.3810
104.5701	59.7787	59.3810
104.5800	59.4459	59.3822
104.5901	59.5291	59.3827
104.6001	59.6955	59.3839
104.6100	59.3627	59.3847
104.6202	59.8619	59.3859
104.6302	59.1963	59.3866
104.6401	59.5291	59.3863
104.6501	59.4459	59.3868
104.6601	59.0299	59.3858
104.6700	58.5308	59.3820
104.6801	59.2795	59.3790
104.6901	59.9451	59.3802
104.7001	59.7787	59.3830
104.7101	59.3627	59.3839
104.7201	59.2795	59.3834
104.7301	59.5291	59.3834
104.7402	59.6123	59.3844
104.7502	59.1131	59.3841
104.7601	60.0283	59.3851
104.7702	59.1131	59.3861
104.7802	59.2795	59.3848
104.7901	59.0299	59.3833
104.8001	59.1131	59.3813
104.8101	60.0283	59.3823
104.8203	59.6955	59.3850
104.8303	59.2795	59.3855
104.8401	59.2795	59.3847
104.8502	60.0283	59.3862
104.8603	59.4459	59.3881
104.8702	59.4459	59.3884
104.8802	59.5291	59.3888
104.8903	59.6123	59.3898
104.9001	59.2795	59.3900
104.9102	58.9468	59.3882
104.9202	59.2795	59.3864
104.9302	58.6972	59.3839
104.9402	59.0299	59.3806
104.9502	59.1131	59.3786
104.9602	58.9468	59.3763
104.9703	59.4459	59.3751
104.9803	59.1131	59.3743
104.9902	59.5291	59.3739
105.0002	59.4459	59.3744
105.0103	59.1131	59.3736
105.0202	59.6955	59.3737
105.0305	58.9468	59.3732
105.0403	59.5291	59.3722
105.0502	59.0299	59.3715
105.0603	59.3627	59.3703
105.0703	58.8636	59.3686
105.0804	60.1115	59.3691
105.0903	58.9468	59.3699
105.1002	59.6123	59.3692
105.1103	59.6123	59.3705
105.1204	59.6123	59.3717
105.1302	59.6955	59.3733
105.1403	59.2795	59.3738
105.1503	59.6123	59.3741
105.1602	59.6955	59.3756
105.1703	59.4459	59.3766
105.1803	59.1131	59.3759
105.1903	59.1131	59.3742
105.2002	59.4459	59.3734
105.2103	59.4459	59.3737
105.2202	59.0299	59.3727
105.2303	59.1963	59.3710
105.2404	58.9468	59.3690
105.2502	59.1963	59.3671
105.2605	59.4459	59.3666
105.2703	58.6140	59.3644
105.2802	59.6123	59.3628
105.2904	59.4459	59.3636
105.3003	59.1131	59.3629
105.3103	58.9468	59.3607
105.3204	58.7804	59.3576
105.3303	59.4459	59.3559
105.3403	59.4459	59.3563
105.3494	59.3627	59.3564
105.3604	59.1963	59.3557
105.3703	59.1131	59.3543
105.3804	59.6123	59.3542
105.3905	59.1131	59.3540
105.4003	58.8636	59.3517
105.4095	59.4459	59.3503
105.4204	59.4459	59.3507
105.4303	59.4459	59.3510
105.4404	59.8619	59.3527
105.4504	59.4459	59.3543
105.4603	59.5291	59.3549
105.4703	58.8636	59.3538
105.4804	59.4459	59.3524
105.4903	59.0299	59.3515
105.5004	59.7787	59.3516
105.5103	59.2795	59.3525
105.5204	59.6123	59.3529
105.5303	59.6123	59.3543
105.5394	59.7787	59.3561
105.5505	59.1131	59.3565
105.5604	59.7787	59.3569
105.5704	58.9468	59.3567
105.5804	58.9468	59.3541
105.5894	59.4459	59.3530
105.5994	59.4459	59.3533
105.6104	58.7804	59.3517
105.6204	59.0299	59.3489
105.6304	59.6955	59.3487
105.6404	59.6123	59.3504
105.6504	58.9468	59.3498
105.6594	59.2795	59.3482
105.6705	59.7787	59.3491
105.6805	59.1131	59.3495
105.6904	59.1131	59.3479
105.7004	59.2795	59.3468
105.7105	58.8636	59.3450
105.7195	60.0283	59.3454
105.7305	58.8636	59.3458
105.7404	59.8619	59.3457
105.7506	59.4459	59.3474
105.7605	59.2795	59.3473
105.7704	59.6123	59.3478
105.7795	59.0299	59.3474
105.7895	59.3627	59.3464
105.8005	59.1131	59.3455
105.8105	59.4459	59.3450
105.8204	59.4459	59.3454
105.8305	59.4459	59.3458
105.8395	59.6123	59.3468
105.8496	59.1131	59.3467
105.8605	59.1131	59.3451
105.8706	59.2795	59.3441
105.8806	59.4459	59.3440
105.8905	60.1115	59.3464
105.8996	59.2795	59.3484
105.9096	59.2795	59.3478
105.9205	58.7804	59.3457
105.9306	59.7787	59.3451
105.9406	59.6123	59.3470
105.9505	59.4459	59.3480
105.9596	59.4459	59.3484
105.9696	59.6955	59.3496
105.9797	59.1131	59.3497
105.9906	58.9468	59.3477
106.0005	58.8636	59.3448
106.0105	59.6955	59.3443
106.0196	59.4459	59.3454
106.0296	59.2795	59.3454
106.0397	59.2795	59.3448
106.0507	59.2795	59.3442
106.0607	59.5291	59.3444
106.0697	59.6955	59.3459
106.0797	58.9468	59.3455
106.0896	59.4459	59.3445
106.0997	59.2795	59.3444
106.1106	59.4459	59.3443
106.1207	59.1131	59.3438
106.1308	59.5291	59.3435
106.1398	59.7787	59.3452
106.1497	59.6123	59.3471
106.1597	59.4459	59.3480
106.1707	58.9468	59.3470
106.1807	59.4459	59.3459
106.1908	58.9468	59.3448
106.1997	59.1131	59.3428
106.2097	59.4459	59.3422
106.2197	59.2795	59.3422
106.2297	58.9468	59.3406
106.2406	59.1131	59.3386
106.2508	58.9468	59.3365
106.2596	59.6123	59.3360
106.2698	59.4459	59.3370
106.2799	59.2795	59.3370
106.2896	59.1963	59.3362
106.3008	59.2795	59.3354
106.3107	59.0299	59.3342
106.3197	59.0299	59.3322
106.3298	59.4459	59.3314
106.3397	59.9451	59.3334
106.3497	59.2795	59.3349
106.3608	59.4459	59.3349
106.3707	59.0299	59.3341
106.3806	59.1131	59.3324
106.3897	59.2795	59.3314
106.3997	59.4459	59.3314
106.4097	59.2795	59.3314
106.4197	58.9468	59.3299
106.4307	59.0299	59.3277
106.4407	59.1131	59.3260
106.4497	59.5291	59.3257
106.4597	59.2795	59.3260
106.4698	59.2795	59.3256
106.4798	59.4459	59.3256
106.4907	58.9468	59.3246
106.4998	59.4459	59.3237
106.5099	59.5291	59.3244
106.5197	59.3627	59.3250
106.5297	59.8619	59.3265
106.5398	58.9468	59.3268
106.5507	59.2795	59.3253
106.5608	59.1131	59.3244
106.5698	58.9468	59.3224
106.5797	59.2795	59.3210
106.5898	59.1131	59.3200
106.5998	59.5291	59.3198
106.6107	59.0299	59.3194
106.6208	59.2795	59.3182
106.6298	59.2795	59.3178
106.6398	59.6123	59.3183
106.6497	59.1131	59.3184
106.6598	59.4459	59.3180
106.6699	59.1131	59.3175
106.6808	58.6140	59.3146
106.6899	58.9468	59.3112
106.6999	59.2795	59.3098
106.7098	59.5291	59.3102
106.7199	58.9468	59.3095
106.7299	58.7804	59.3066
106.7409	59.4459	59.3052
106.7498	59.3627	59.3056
106.7599	59.0299	59.3048
106.7698	59.6955	59.3049
106.7801	59.2795	59.3058
106.7899	59.3627	59.3056
106.8009	59.2795	59.3055
106.8100	59.3627	59.3054
106.8199	59.2795	59.3053
106.8298	59.1963	59.3047
106.8399	59.4459	59.3046
106.8499	59.2795	59.3047
106.8598	59.4459	59.3048
106.8699	58.7804	59.3035
106.8799	59.4459	59.3021
106.8899	59.2795	59.3022
106.8999	59.7787	59.3034
106.9099	59.9451	59.3065
106.9199	59.5291	59.3089
106.9308	59.2795	59.3093
106.9399	59.2795	59.3089
106.9499	59.0299	59.3078
106.9600	59.1131	59.3062
106.9700	58.9468	59.3043
106.9800	59.8619	59.3047
106.9900	59.6123	59.3071
107.0000	59.1131	59.3072
107.0099	58.6140	59.3043
107.0201	59.4459	59.3025
107.0300	59.1963	59.3024
107.0400	59.3627	59.3020
107.0500	59.7787	59.3034
107.0600	59.1131	59.3041
107.0699	59.1963	59.3030
107.0804	59.4459	59.3029
107.0901	59.2795	59.3030
107.1000	59.1963	59.3024
107.1101	58.2812	59.2989
107.1200	59.4459	59.2960
107.1301	59.2795	59.2962
107.1401	59.4459	59.2964
107.1500	59.2795	59.2966
107.1599	59.1131	59.2958
107.1700	59.4459	59.2955
107.1800	59.2795	59.2956
107.1899	59.5291	59.2961
107.2001	59.2795	59.2965
107.2100	59.2795	59.2962
107.2200	59.4459	59.2964
107.2301	59.0299	59.2958
107.2400	59.6955	59.2960
107.2500	58.9468	59.2960
107.2602	59.1131	59.2942
107.2701	59.3627	59.2936
107.2800	59.6123	59.2945
107.2900	59.6123	59.2962
107.3000	58.7804	59.2954
107.3102	59.1131	59.2931
107.3201	59.2795	59.2924
107.3300	60.1115	59.2946
107.3400	58.9468	59.2958
107.3501	58.8636	59.2932
107.3600	59.1963	59.2914
107.3700	59.2795	59.2909
107.3801	59.4459	59.2911
107.3900	59.2795	59.2913
107.4002	59.1963	59.2908
107.4102	59.4459	59.2908
107.4200	59.1963	59.2908
107.4300	59.2795	59.2902
107.4401	59.2795	59.2900
107.4501	59.1131	59.2892
107.4603	59.1963	59.2882
107.4701	59.1963	59.2874
107.4800	59.1963	59.2867
107.4901	59.4459	59.2866
107.5001	59.1963	59.2866
107.5101	59.3627	59.2864
107.5201	59.2795	59.2864
107.5301	59.6955	59.2874
107.5401	59.2795	59.2884
107.5500	59.4459	59.2886
107.5601	59.1131	59.2884
107.5701	59.1131	59.2871
107.5801	59.4459	59.2868
107.5901	59.6123	59.2881
107.6004	58.9468	59.2878
107.6102	58.5308	59.2843
107.6201	59.7787	59.2833
107.6303	58.7804	59.2831
107.6402	59.3627	59.2816
107.6501	59.1131	59.2811
107.6602	59.5291	59.2812
107.6703	59.7787	59.2832
107.6801	59.4459	59.2849
107.6902	59.4459	59.2857
107.7002	59.6955	59.2872
107.7101	59.6123	59.2892
107.7202	59.1131	59.2895
107.7301	59.5291	59.2895
107.7401	59.1963	59.2897
107.7502	59.6123	59.2902
107.7602	59.2795	59.2910
107.7702	59.4459	59.2912
107.7802	59.8619	59.2932
107.7902	59.9451	59.2967
107.8002	59.4459	59.2989
107.8101	59.1131	59.2986
107.8202	59.2795	59.2978
107.8302	59.1131	59.2970
107.8403	59.5291	59.2970
107.8503	59.5291	59.2982
107.8602	59.1131	59.2982
107.8702	58.9468	59.2964
107.8802	59.6123	59.2961
107.8902	59.1963	59.2966
107.9002	59.5291	59.2968
107.9102	58.9468	59.2963
107.9202	59.6123	59.2960
107.9303	58.9468	59.2958
107.9402	59.1963	59.2942
107.9503	58.8636	59.2925
107.9603	59.1131	59.2905
107.9702	59.6123	59.2907
107.9803	59.2795	59.2915
107.9902	58.8636	59.2900
108.0003	59.4459	59.2890
108.0103	59.3627	59.2895
108.0202	58.6140	59.2875
108.0303	60.0283	59.2875
108.0403	59.5291	59.2903
108.0503	59.2795	59.2908
108.0603	59.4459	59.2910
108.0703	59.1131	59.2908
108.0803	59.4459	59.2905
108.0904	59.1963	59.2905
108.1003	59.1963	59.2898
108.1103	59.5291	59.2900
108.1204	59.6955	59.2918
108.1304	59.1963	59.2926
108.1403	59.3627	59.2923
108.1503	59.1131	59.2918
108.1603	59.1131	59.2906
108.1703	59.6955	59.2911
108.1804	59.6123	59.2931
108.1904	59.3627	59.2941
108.2003	59.1131	59.2936
108.2103	59.5291	59.2936
108.2203	59.1963	59.2938
108.2304	59.1963	59.2931
108.2395	59.2795	59.2926
108.2504	59.7787	59.2938
108.2604	59.0299	59.2943
108.2704	59.6123	59.2943
108.2804	59.2795	59.2951
108.2903	59.6123	59.2958
108.2993	59.5291	59.2973
108.3103	59.4459	59.2983
108.3204	58.8636	59.2973
108.3304	59.7787	59.2973
108.3403	59.6955	59.2998
108.3503	59.5291	59.3015
108.3594	59.2795	59.3020
108.3704	59.4459	59.3022
108.3805	59.1131	59.3019
108.3905	59.6123	59.3021
108.4005	59.4459	59.3034
108.4104	59.2795	59.3036
108.4194	59.1963	59.3030
108.4304	60.0283	59.3048
108.4404	59.4459	59.3072
108.4504	59.3627	59.3077
108.4604	59.4459	59.3081
108.4705	59.3627	59.3086
108.4794	58.9468	59.3075
108.4895	59.4459	59.3067
108.5006	59.6955	59.3082
108.5105	59.6123	59.3101
108.5205	58.7804	59.3093
108.5305	59.1131	59.3070
108.5395	59.6955	59.3075
108.5496	59.4459	59.3089
108.5606	59.2795	59.3091
108.5705	59.2795	59.3089
108.5806	59.5291	59.3093
108.5906	60.0283	59.3120
108.5995	59.2795	59.3139
108.6096	59.2795	59.3136
108.6206	59.1131	59.3128
108.6305	59.2795	59.3120
108.6406	59.9451	59.3137
108.6505	59.4459	59.3159
108.6595	59.2795	59.3161
108.6696	58.9468	59.3147
108.6795	58.9468	59.3124
108.6906	59.3627	59.3114
108.7005	58.9468	59.3103
108.7096	59.1131	59.3085
108.7196	59.2795	59.3077
108.7296	58.4476	59.3049
108.7396	59.5291	59.3029
108.7506	59.1131	59.3029
108.7608	59.4459	59.3026
108.7706	59.1131	59.3024
108.7796	58.9468	59.3006
108.7896	59.7787	59.3008
108.7996	59.2795	59.3021
108.8106	59.1131	59.3013
108.8206	59.4459	59.3011
108.8306	58.9468	59.3003
108.8396	59.4459	59.2996
108.8496	59.1131	59.2993
108.8596	58.9468	59.2976
108.8706	59.2795	59.2963
108.8806	59.2795	59.2961
108.8905	59.1963	59.2956
108.8996	58.6972	59.2934
108.9096	58.9468	59.2904
108.9197	59.4459	59.2897
108.9296	58.9468	59.2890
108.9406	58.9468	59.2868
108.9506	59.6123	59.2866
108.9596	59.3627	59.2877
108.9696	59.5291	59.2885
108.9797	59.7787	59.2905
108.9896	59.5291	59.2926
109.0006	59.6123	59.2941
109.0106	59.4459	59.2954
109.0197	58.7804	59.2942
109.0296	59.2795	59.2924
109.0397	59.5291	59.2930
109.0497	59.2795	59.2935
109.0606	59.1131	59.2928
109.0706	59.2795	59.2921
109.0798	59.0299	59.2911
109.0897	59.4459	59.2907
109.0997	59.3627	59.2912
109.1097	58.7804	59.2897
109.1198	58.8636	59.2868
109.1307	59.0299	59.2846
109.1407	58.9468	59.2827
109.1498	58.9468	59.2805
109.1597	59.4459	59.2798
109.1696	59.5291	59.2809
109.1798	59.4459	59.2820
109.1908	58.6140	59.2804
109.2007	59.1131	59.2777
109.2098	59.2795	59.2771
109.2197	59.1131	59.2764
109.2297	58.9468	59.2748
109.2398	58.6140	59.2717
109.2508	58.9468	59.2685
109.2607	59.1131	59.2669
109.2698	58.9468	59.2653
109.2798	59.3627	59.2645
109.2898	59.2795	59.2646
109.2999	59.4459	59.2651
109.3107	59.5291	59.2662
109.3207	59.1963	59.2666
109.3298	59.7787	59.2678
109.3398	59.6123	59.2702
109.3498	58.9468	59.2701
109.3598	59.7787	59.2705
109.3699	59.6123	59.2729
109.3808	59.2795	59.2737
109.3898	59.1131	59.2731
109.3998	58.7804	59.2710
109.4098	59.0299	59.2687
109.4198	59.3627	59.2681
109.4298	59.7787	59.2697
109.4408	59.1963	59.2709
109.4497	59.7787	59.2720
109.4598	59.2795	59.2734
109.4698	59.1963	59.2730
109.4798	59.1963	59.2724
109.4897	58.7804	59.2706
109.5008	59.0299	59.2682
109.5108	59.3627	59.2676
109.5197	59.1131	59.2673
109.5298	59.7787	59.2682
109.5398	59.3627	59.2699
109.5498	59.6955	59.2713
109.5609	59.2795	59.2724
109.5708	59.6123	59.2733
109.5799	59.6123	59.2752
109.5898	59.4459	59.2766
109.5999	59.1963	59.2767
109.6098	59.2795	59.2764
109.6198	59.7787	59.2778
109.6298	59.3627	59.2794
109.6399	59.1963	59.2792
109.6498	59.0299	59.2781
109.6598	59.1131	59.2767
109.6699	59.4459	59.2766
109.6798	59.6123	59.2780
109.6908	59.2795	59.2789
109.6998	59.3627	59.2790
109.7098	58.6972	59.2774
109.7199	59.0299	59.2748
109.7300	58.9468	59.2729
109.7399	59.1131	59.2713
109.7509	59.4459	59.2712
109.7599	59.4459	59.2721
109.7700	59.2795	59.2725
109.7798	59.0299	59.2717
109.7899	59.3627	59.2711
109.7999	59.5291	59.2720
109.8099	59.6123	59.2737
109.8199	59.6123	59.2756
109.8299	59.1963	59.2762
109.8399	59.4459	59.2764
109.8500	59.1131	59.2763
109.8599	59.2795	59.2756
109.8699	59.3627	59.2758
109.8800	59.4459	59.2764
109.8899	59.5291	59.2776
109.8999	59.1963	59.2780
109.9100	59.2795	59.2776
109.9200	59.1131	59.2770
109.9300	59.1963	59.2762
109.9400	59.1963	59.2756
109.9500	59.5291	59.2760
109.9600	58.9468	59.2756
109.9701	59.3627	59.2748
109.9801	59.2795	59.2749
109.9902	59.6955	59.2761
110.0000	59.1131	59.2767
110.0099	59.1131	59.2757
110.0204	58.6140	59.2731
110.0300	59.3627	59.2712
110.0400	59.2795	59.2714
110.0500	59.4459	59.2718
110.0601	59.4459	59.2727
110.0700	59.4459	59.2737
110.0800	59.7787	59.2756
110.0900	59.4459	59.2775
110.1001	58.6140	59.2759
110.1100	59.1131	59.2733
110.1201	59.1131	59.2722
110.1301	59.1131	59.2712
110.1401	58.6140	59.2686
110.1501	59.1963	59.2663
110.1601	59.1963	59.2657
110.1701	59.1963	59.2652
110.1800	59.4459	59.2654
110.1901	58.9468	59.2648
110.2001	59.1963	59.2635
110.2101	58.7804	59.2617
110.2201	59.2795	59.2602
110.2301	59.1963	59.2599
110.2402	59.3627	59.2599
110.2501	59.5291	59.2609
110.2601	59.6955	59.2629
110.2701	59.1131	59.2636
110.2801	60.0283	59.2653
110.2901	59.4459	59.2680
110.3001	58.4476	59.2660
110.3101	59.2795	59.2634
110.3200	59.1131	59.2629
110.3302	59.3627	59.2626
110.3402	59.1131	59.2623
110.3501	59.1963	59.2615
110.3601	59.5291	59.2620
110.3701	59.2795	59.2627
110.3800	58.7804	59.2612
110.3900	59.1131	59.2592
110.4001	59.3627	59.2589
110.4101	59.5291	59.2599
110.4201	59.2795	59.2606
110.4302	59.2795	59.2606
110.4400	58.8636	59.2594
110.4501	59.0299	59.2573
110.4601	59.5291	59.2573
110.4701	59.0299	59.2573
110.4801	59.0299	59.2558
110.4901	59.1131	59.2546
110.5001	58.9468	59.2531
110.5101	59.5291	59.2529
110.5201	58.9468	59.2526
110.5301	59.4459	59.2521
110.5402	59.5291	59.2534
110.5501	59.1131	59.2537
110.5601	58.7804	59.2517
110.5701	59.3627	59.2505
110.5803	59.5291	59.2515
110.5902	59.7787	59.2538
110.6001	59.2795	59.2553
110.6102	59.2795	59.2553
110.6202	59.6123	59.2563
110.6302	59.1963	59.2571
110.6402	59.6123	59.2578
110.6502	59.3627	59.2591
110.6602	59.4459	59.2598
110.6702	59.1963	59.2600
110.6802	59.0299	59.2590
110.6902	59.5291	59.2590
110.7002	59.4459	59.2603
110.7102	58.9468	59.2598
110.7202	59.1131	59.2583
110.7304	58.9468	59.2567
110.7404	59.6123	59.2567
110.7502	59.1131	59.2573
110.7604	59.5291	59.2575
110.7703	59.3627	59.2585
110.7803	59.4459	59.2593
110.7904	59.1963	59.2595
110.8003	59.2795	59.2593
110.8102	59.2795	59.2592
110.8203	59.0299	59.2585
110.8304	58.9468	59.2567
110.8403	59.2795	59.2557
110.8503	58.9468	59.2548
110.8603	59.2795	59.2538
110.8702	59.6123	59.2548
110.8803	59.1131	59.2553
110.8903	59.2795	59.2548
110.9003	59.4459	59.2553
110.9107	59.2795	59.2559
110.9203	59.6123	59.2569
110.9303	59.5291	59.2586
110.9394	59.2795	59.2594
110.9503	59.9451	59.2614
110.9604	58.9468	59.2624
110.9705	59.1131	59.2609
110.9804	58.9468	59.2594
110.9903	59.1131	59.2579
110.9994	59.1131	59.2569
111.0104	59.1131	59.2559
111.0203	59.2795	59.2554
111.0303	59.4459	59.2560
111.0403	59.2795	59.2565
111.0504	60.1115	59.2590
111.0594	58.9468	59.2605
111.0703	59.4459	59.2600
111.0803	59.2795	59.2605
111.0904	59.3627	59.2608
111.1003	59.1131	59.2606
111.1103	59.8619	59.2618
111.1193	58.8636	59.2623
111.1303	59.3627	59.2613
111.1404	59.2795	59.2616
111.1504	58.9468	59.2606
111.1603	59.4459	59.2601
111.1704	58.6140	59.2586
111.1793	59.4459	59.2571
111.1896	59.7787	59.2591
111.2004	59.1131	59.2602
111.2104	59.4459	59.2602
111.2203	59.4459	59.2612
111.2304	59.6123	59.2627
111.2405	59.4459	59.2642
111.2495	59.4459	59.2652
111.2604	58.6972	59.2639
111.2705	59.1963	59.2619
111.2804	59.4459	59.2622
111.2904	59.9451	59.2647
111.3004	58.6972	59.2649
111.3094	59.1963	59.2629
111.3204	59.7787	59.2642
111.3304	58.9468	59.2647
111.3405	59.1131	59.2632
111.3504	59.2795	59.2627
111.3610	59.4459	59.2632
111.3707	59.2795	59.2637
111.3794	59.7787	59.2652
111.3906	59.9451	59.2687
111.4004	59.2795	59.2707
111.4104	59.6123	59.2717
111.4205	59.2795	59.2726
111.4295	59.1131	59.2721
111.4394	59.4459	59.2721
111.4506	59.3627	59.2728
111.4605	58.9468	59.2720
111.4706	58.7804	59.2695
111.4796	59.0299	59.2672
111.4896	59.2795	59.2664
111.4995	59.2795	59.2664
111.5106	59.6123	59.2674
111.5205	59.6123	59.2694
111.5307	59.7787	59.2719
111.5397	59.1131	59.2729
111.5496	58.9468	59.2713
111.5595	59.3627	59.2705
111.5707	58.9468	59.2698
111.5806	59.6123	59.2698
111.5905	59.6955	59.2720
111.5996	58.7804	59.2717
111.6096	59.6123	59.2712
111.6195	58.8636	59.2709
111.6295	59.6123	59.2706
111.6405	59.5291	59.2724
111.6508	58.9468	59.2721
111.6605	59.0299	59.2703
111.6698	59.1131	59.2691
111.6796	58.4476	59.2660
111.6895	59.6955	59.2648
111.7005	59.4459	59.2665
111.7107	59.4459	59.2675
111.7205	59.5291	59.2688
111.7295	59.4459	59.2700
111.7396	59.2795	59.2705
111.7495	59.6123	59.2715
111.7606	59.0299	59.2717
111.7706	59.6123	59.2720
111.7806	59.6123	59.2740
111.7896	59.6123	59.2759
111.7996	58.9468	59.2759
111.8096	59.9451	59.2769
111.8196	59.6123	59.2798
111.8305	59.2795	59.2808
111.8406	59.6123	59.2817
111.8496	58.7804	59.2812
111.8596	59.1131	59.2791
111.8696	58.7804	59.2771
111.8797	59.6123	59.2765
111.8906	59.1131	59.2770
111.9006	59.2795	59.2764
111.9097	60.1115	59.2789
111.9196	59.4459	59.2819
111.9296	58.9468	59.2813
111.9398	59.1963	59.2800
111.9507	59.1131	59.2792
111.9606	59.6123	59.2797
111.9696	59.1131	59.2801
111.9798	59.6123	59.2805
111.9896	59.0299	59.2807
111.9998	58.9468	59.2789
112.0108	58.7804	59.2764
112.0207	59.1131	59.2744
112.0298	59.2795	59.2738
112.0397	59.2795	59.2738
112.0500	59.0299	59.2730
112.0597	59.1131	59.2717
112.0697	58.6972	59.2695
112.0808	59.6123	59.2687
112.0908	59.7787	59.2712
112.0997	59.3627	59.2729
112.1098	59.4459	59.2737
112.1198	59.6123	59.2752
112.1297	59.1963	59.2759
112.1408	58.9468	59.2746
112.1498	59.2795	59.2736
112.1597	59.7787	59.2750
112.1697	58.8636	59.2753
112.1798	59.1131	59.2735
112.1899	59.1963	59.2727
112.2008	59.4459	59.2729
112.2097	59.6955	59.2747
112.2198	58.9468	59.2749
112.2298	59.5291	59.2746
112.2399	59.1131	59.2749
112.2497	58.9468	59.2733
112.2608	59.4459	59.2728
112.2707	59.4459	59.2738
112.2807	59.1131	59.2738
112.2897	59.3627	59.2735
112.2997	59.4459	59.2742
112.3099	59.6123	59.2757
112.3198	59.6123	59.2777
112.3316	58.9468	59.2777
112.3398	58.8636	59.2754
112.3497	58.3644	59.2714
112.3597	59.2795	59.2686
112.3704	59.6123	59.2696
112.3798	59.3627	59.2709
112.3907	59.1963	59.2709
112.3997	59.1131	59.2701
112.4097	59.2795	59.2696
112.4197	59.2795	59.2696
112.4298	58.3644	59.2669
112.4398	59.6123	59.2652
112.4508	59.6123	59.2672
112.4598	59.6123	59.2692
112.4698	59.1131	59.2697
112.4798	59.1131	59.2687
112.4899	59.1131	59.2677
112.4999	59.1131	59.2667
112.5099	59.4459	59.2667
112.5199	59.1963	59.2670
112.5298	59.0299	59.2660
112.5399	59.2795	59.2653
112.5499	59.6123	59.2663
112.5598	59.7787	59.2689
112.5698	59.5291	59.2711
112.5799	59.6123	59.2729
112.5899	59.1131	59.2734
112.5999	58.9468	59.2719
112.6100	58.4476	59.2684
112.6199	59.2795	59.2659
112.6300	59.6123	59.2669
112.6399	59.3627	59.2682
112.6498	59.7787	59.2700
112.6601	60.0283	59.2737
112.6700	58.7804	59.2745
112.6799	59.1963	59.2727
112.6901	59.6123	59.2735
112.7000	59.1131	59.2740
112.7099	59.1131	59.2730
112.7201	59.2795	59.2725
112.7299	59.4459	59.2730
112.7408	59.1131	59.2730
112.7500	58.9468	59.2715
112.7599	59.1131	59.2700
112.7699	59.1963	59.2693
112.7799	59.2795	59.2690
112.7899	59.1131	59.2686
112.8000	58.7804	59.2666
112.8100	59.4459	59.2656
112.8199	59.3627	59.2664
112.8300	59.2795	59.2666
112.8400	59.1131	59.2662
112.8499	59.0299	59.2649
112.8600	59.0299	59.2635
112.8700	58.9468	59.2618
112.8799	59.1963	59.2605
112.8900	59.2795	59.2603
112.8998	58.9468	59.2594
112.9100	59.4459	59.2589
112.9199	59.1131	59.2590
112.9299	59.4459	59.2590
112.9400	59.1963	59.2593
112.9500	59.4459	59.2596
112.9599	59.6123	59.2612
112.9703	59.1131	59.2617
112.9800	59.5291	59.2620
112.9900	58.9468	59.2618
113.0006	59.1131	59.2604
113.0100	59.2795	59.2599
113.0200	59.3627	59.2602
113.0301	59.6123	59.2615
113.0401	59.6123	59.2636
113.0501	59.6123	59.2656
113.0602	59.2795	59.2666
113.0701	59.4459	59.2671
113.0801	59.6123	59.2687
113.0901	58.6140	59.2677
113.1001	59.4459	59.2662
113.1101	59.2795	59.2667
113.1201	58.9468	59.2658
113.1301	58.9468	59.2638
113.1400	59.3627	59.2631
113.1502	59.1131	59.2629
113.1600	59.4459	59.2629
113.1700	59.1963	59.2632
113.1802	59.2795	59.2630
113.1901	59.4459	59.2636
113.2000	59.1963	59.2639
113.2101	59.3627	59.2639
113.2200	59.2795	59.2642
113.2301	59.1131	59.2637
113.2401	59.2795	59.2633
113.2500	59.2795	59.2633
113.2600	59.6123	59.2644
113.2701	59.1131	59.2649
113.2801	58.9468	59.2635
113.2901	58.6140	59.2605
113.3002	59.4459	59.2591
113.3101	59.6123	59.2606
113.3201	59.0299	59.2609
113.3302	58.7804	59.2587
113.3402	60.1115	59.2598
113.3502	59.2795	59.2624
113.3602	59.1131	59.2619
113.3702	59.1131	59.2610
113.3800	58.9468	59.2595
113.3901	59.4459	59.2591
113.4002	59.4459	59.2601
113.4101	59.8619	59.2625
113.4201	58.9468	59.2633
113.4302	59.7787	59.2638
113.4404	59.5291	59.2661
113.4501	59.6955	59.2681
113.4601	59.3627	59.2697
113.4702	58.9468	59.2689
113.4802	59.7787	59.2695
113.4901	59.1131	59.2705
113.5002	59.4459	59.2705
113.5102	59.3627	59.2713
113.5203	59.1131	59.2711
113.5302	58.6140	59.2686
113.5402	59.1131	59.2661
113.5503	59.7787	59.2671
113.5602	59.6955	59.2699
113.5702	59.3627	59.2714
113.5802	59.6955	59.2730
113.5903	59.2795	59.2742
113.6002	59.7787	59.2757
113.6102	59.2795	59.2772
113.6203	59.6955	59.2785
113.6302	59.6955	59.2810
113.6392	59.1131	59.2817
113.6503	59.1131	59.2807
113.6603	59.2795	59.2802
113.6702	59.4459	59.2807
113.6803	59.0299	59.2804
113.6902	59.3627	59.2799
113.6994	59.1963	59.2799
113.7103	59.5291	59.2803
113.7203	58.9468	59.2801
113.7305	58.7804	59.2776
113.7404	59.1131	59.2756
113.7515	59.1131	59.2745
113.7606	58.8636	59.2728
113.7703	59.6123	59.2726
113.7804	59.6123	59.2746
113.7905	58.8636	59.2743
113.8003	59.5291	59.2738
113.8103	59.2795	59.2746
113.8203	58.9468	59.2736
113.8304	58.8636	59.2714
113.8403	58.7804	59.2686
113.8503	59.6123	59.2682
113.8605	59.1963	59.2689
113.8703	58.9468	59.2677
113.8803	59.1963	59.2665
113.8894	59.6123	59.2673
113.9004	59.7787	59.2698
113.9104	59.1963	59.2711
113.9204	59.8619	59.2726
113.9303	59.9451	59.2764
113.9404	58.9468	59.2774
113.9494	59.3627	59.2766
113.9603	59.1131	59.2764
113.9704	59.1131	59.2754
113.9804	58.8636	59.2737
113.9904	59.2795	59.2724
114.0004	59.0299	59.2717
114.0094	59.4459	59.2715
114.0204	59.0299	59.2712
114.0305	58.8636	59.2692
114.0404	59.7787	59.2695
114.0506	59.1131	59.2705
114.0606	58.6140	59.2681
114.0694	58.6140	59.2641
114.0794	59.1963	59.2619
114.0906	60.0283	59.2640
114.1004	58.6140	59.2643
114.1103	59.2795	59.2623
114.1205	59.1131	59.2619
114.1293	59.0299	59.2607
114.1395	59.0299	59.2592
114.1506	59.2795	59.2586
114.1604	59.1963	59.2584
114.1705	59.1131	59.2577
114.1804	59.7787	59.2588
114.1894	58.7804	59.2589
114.1995	58.8636	59.2562
114.2106	59.3627	59.2553
114.2205	59.6123	59.2566
114.2305	59.2795	59.2577
114.2396	59.1963	59.2575
114.2495	59.3627	59.2576
114.2595	59.4459	59.2584
114.2705	59.1963	59.2587
114.2808	58.9468	59.2576
114.2913	59.4459	59.2572
114.3005	59.4459	59.2582
114.3095	59.1131	59.2583
114.3196	59.1131	59.2574
114.3295	59.6955	59.2582
114.3407	59.3627	59.2598
114.3506	59.7787	59.2616
114.3605	59.2795	59.2632
114.3695	59.3627	59.2635
114.3796	59.4459	59.2643
114.3894	59.9451	59.2669
114.4005	58.9468	59.2679
114.4105	59.4459	59.2675
114.4205	59.6123	59.2690
114.4296	59.6123	59.2711
114.4396	58.9468	59.2711
114.4495	59.4459	59.2706
114.4605	59.4459	59.2717
114.4705	59.2795	59.2722
114.4810	59.4459	59.2727
114.4905	59.4459	59.2738
114.4995	59.3627	59.2745
114.5095	59.1131	59.2743
114.5205	59.1963	59.2736
114.5305	59.1963	59.2731
114.5405	59.1131	59.2724
114.5495	59.0299	59.2712
114.5595	59.1963	59.2702
114.5695	59.0299	59.2692
114.5795	58.9468	59.2675
114.5906	59.8619	59.2683
114.6006	59.3627	59.2704
114.6096	59.1131	59.2702
114.6195	59.6123	59.2707
114.6297	58.8636	59.2705
114.6396	59.6955	59.2705
114.6505	59.7787	59.2733
114.6606	59.3627	59.2751
114.6706	59.5291	59.2761
114.6795	59.1131	59.2764
114.6896	59.0299	59.2752
114.6995	59.3627	59.2747
114.7108	59.3627	59.2753
114.7206	59.0299	59.2748
114.7306	58.9468	59.2731
114.7396	59.6955	59.2733
114.7496	59.0299	59.2739
114.7596	59.6123	59.2742
114.7696	59.0299	59.2744
114.7806	59.1963	59.2735
114.7906	59.4459	59.2738
114.7996	59.3627	59.2745
114.8096	59.1131	59.2743
114.8196	59.2795	59.2738
114.8296	58.9468	59.2729
114.8406	59.2795	59.2719
114.8506	59.3627	59.2722
114.8596	59.1963	59.2722
114.8696	59.4459	59.2725
114.8796	58.9468	59.2721
114.8897	59.1963	59.2708
114.9007	58.8636	59.2694
114.9106	59.6123	59.2692
114.9198	59.0299	59.2695
114.9297	59.0299	59.2680
114.9396	59.2795	59.2673
114.9499	58.8636	59.2661
114.9607	59.3627	59.2652
114.9706	59.2795	59.2655
114.9798	59.2795	59.2656
114.9897	59.6123	59.2666
114.9997	59.1963	59.2674
115.0098	59.2795	59.2672
115.0197	59.5291	59.2680
115.0307	59.1963	59.2686
115.0397	58.9468	59.2674
115.0497	59.6955	59.2677
115.0597	58.6140	59.2670
115.0697	59.1963	59.2648
115.0797	59.3627	59.2649
115.0907	59.6955	59.2664
115.0997	59.3627	59.2680
115.1097	58.6140	59.2663
115.1198	59.4459	59.2648
115.1297	59.6123	59.2664
115.1397	59.1963	59.2672
115.1507	59.0299	59.2663
115.1598	59.1963	59.2653
115.1697	59.5291	59.2659
115.1797	59.7787	59.2682
115.1897	59.2795	59.2698
115.1997	59.4459	59.2703
115.2097	59.2795	59.2709
115.2207	58.7804	59.2694
115.2297	59.2795	59.2680
115.2398	59.5291	59.2688
115.2498	59.2795	59.2696
115.2599	59.1131	59.2691
115.2699	59.1131	59.2682
115.2808	59.3627	59.2680
115.2899	59.4459	59.2688
115.2998	58.7804	59.2679
115.3097	59.7787	59.2679
115.3198	58.7804	59.2680
115.3299	58.5308	59.2643
115.3408	59.3627	59.2624
115.3499	59.7787	59.2642
115.3598	59.4459	59.2663
115.3698	59.0299	59.2661
115.3798	59.2795	59.2654
115.3898	59.3627	59.2657
115.4008	59.5291	59.2668
115.4098	59.7787	59.2691
115.4198	59.7787	59.2722
115.4298	59.2795	59.2737
115.4399	59.1963	59.2735
115.4498	59.2795	59.2733
115.4598	59.1131	59.2728
115.4698	59.3627	59.2726
115.4799	59.2795	59.2729
115.4898	58.9468	59.2720
115.4999	59.0299	59.2703
115.5098	59.4459	59.2701
115.5199	59.7787	59.2721
115.5299	59.6123	59.2747
115.5399	59.2795	59.2757
115.5499	59.7787	59.2772
115.5599	59.5291	59.2795
115.5701	59.7787	59.2818
115.5800	58.9468	59.2823
115.5898	59.2795	59.2813
115.5998	58.9468	59.2803
115.6099	58.7804	59.2778
115.6199	58.7804	59.2748
115.6300	59.6123	59.2743
115.6400	59.5291	59.2761
115.6498	59.8619	59.2786
115.6599	59.0299	59.2797
115.6699	59.7787	59.2804
115.6799	59.2795	59.2819
115.6900	58.7804	59.2804
115.7000	59.3627	59.2792
115.7100	59.1963	59.2792
115.7200	59.1963	59.2787
115.7299	59.1963	59.2782
115.7399	59.6123	59.2790
115.7500	59.4459	59.2805
115.7600	59.5291	59.2818
115.7699	59.1131	59.2821
115.7800	59.7787	59.2831
115.7899	59.8619	59.2863
115.7999	59.6123	59.2890
115.8100	59.6123	59.2910
115.8199	59.5291	59.2927
115.8301	59.4459	59.2940
115.8400	59.0299	59.2937
115.8499	59.2795	59.2929
115.8599	59.4459	59.2933
115.8700	59.1963	59.2935
115.8800	59.6955	59.2945
115.8901	59.3627	59.2959
115.9000	59.8619	59.2979
115.9099	59.8619	59.3013
115.9200	59.6123	59.3040
115.9300	59.5291	59.3057
115.9400	59.6123	59.3073
115.9500	59.1963	59.3080
115.9600	59.6123	59.3086
115.9700	59.8619	59.3113
115.9800	59.6955	59.3142
115.9900	59.4459	59.3158
116.0000	59.1963	59.3159
116.0100	59.8619	59.3173
116.0200	59.2795	59.3189
116.0301	59.0299	59.3180
116.0400	59.1131	59.3166
116.0500	59.4459	59.3165
116.0600	59.9451	59.3188
116.0700	59.1131	59.3202
116.0800	59.9451	59.3215
116.0900	59.1131	59.3229
116.1000	59.8619	59.3240
116.1100	58.8636	59.3243
116.1200	59.4459	59.3234
116.1301	59.4459	59.3242
116.1400	58.9468	59.3236
116.1500	59.5291	59.3232
116.1600	59.6123	59.3247
116.1701	59.6123	59.3266
116.1801	59.0299	59.3267
116.1901	59.2795	59.3257
116.2001	59.0299	59.3248
116.2104	59.4459	59.3244
116.2200	59.2795	59.3247
116.2301	59.3627	59.3248
116.2401	59.1131	59.3244
116.2501	59.5291	59.3245
116.2601	59.2795	59.3251
116.2701	59.0299	59.3242
116.2800	59.1131	59.3227
116.2901	59.4459	59.3226
116.3001	59.2795	59.3229
116.3101	59.2795	59.3228
116.3201	59.3627	59.3229
116.3301	59.1963	59.3227
116.3401	59.1963	59.3220
116.3501	59.3627	59.3219
116.3601	59.4459	59.3225
116.3701	59.5291	59.3236
116.3801	59.2795	59.3241
116.3902	59.3627	59.3242
116.4001	59.7787	59.3258
116.4102	58.9468	59.3261
116.4202	59.1131	59.3245
116.4302	59.3627	59.3240
116.4402	59.4459	59.3246
116.4501	59.1963	59.3247
116.4601	59.5291	59.3250
116.4701	59.4459	59.3261
116.4802	59.2795	59.3264
116.4902	58.9468	59.3253
116.5002	59.2795	59.3241
116.5102	59.4459	59.3244
116.5201	59.9451	59.3268
116.5303	59.7787	59.3301
116.5402	59.3627	59.3317
116.5502	59.6123	59.3327
116.5602	59.3627	59.3338
116.5703	59.1963	59.3336
116.5802	59.6123	59.3341
116.5902	58.8636	59.3337
116.6002	59.2795	59.3322
116.6103	59.5291	59.3328
116.6203	58.8636	59.3321
116.6303	59.1963	59.3304
116.6405	59.5291	59.3307
116.6493	59.6955	59.3325
116.6604	59.5291	59.3343
116.6703	59.1963	59.3346
116.6803	59.4459	59.3346
116.6902	59.7787	59.3364
116.7003	59.3627	59.3380
116.7103	59.6123	59.3390
116.7202	59.2795	59.3398
116.7304	59.6123	59.3405
116.7403	59.1131	59.3408
116.7503	59.5291	59.3408
116.7605	59.1131	59.3408
116.7704	59.1963	59.3399
116.7802	59.2795	59.3394
116.7905	59.4459	59.3397
116.8004	59.2795	59.3399
116.8102	58.9468	59.3387
116.8203	59.2795	59.3375
116.8303	59.9451	59.3393
116.8393	58.9468	59.3401
116.8505	58.9468	59.3378
116.8604	59.6955	59.3379
116.8703	58.7804	59.3374
116.8803	59.1131	59.3352
116.8903	59.6123	59.3355
116.8994	59.0299	59.3355
116.9103	59.2795	59.3346
116.9203	59.3627	59.3346
116.9303	59.5291	59.3354
116.9403	59.7787	59.3374
116.9503	59.1131	59.3382
116.9596	58.9468	59.3365
116.9703	59.2795	59.3353
116.9803	58.9468	59.3341
116.9904	59.1131	59.3324
117.0004	58.8636	59.3304
117.0103	59.6955	59.3302
117.0194	59.1131	59.3308
117.0294	59.2795	59.3301
117.0404	59.0299	59.3291
117.0504	59.4459	59.3287
117.0604	59.5291	59.3298
117.0695	59.5291	59.3311
117.0797	59.2795	59.3316
117.0894	59.9451	59.3335
117.1005	59.2795	59.3352
117.1106	58.8636	59.3338
117.1204	59.4459	59.3328
117.1293	59.5291	59.3339
117.1395	59.6123	59.3354
117.1494	59.4459	59.3367
117.1604	59.3627	59.3372
117.1705	59.2795	59.3373
117.1804	59.1131	59.3366
117.1904	58.9468	59.3348
117.1997	59.2795	59.3336
117.2095	58.8636	59.3322
117.2205	58.6972	59.3290
117.2305	58.6972	59.3253
117.2406	59.2795	59.3234
117.2505	59.4459	59.3237
117.2597	59.4459	59.3245
117.2695	59.1131	59.3244
117.2796	59.5291	59.3245
117.2906	59.1131	59.3245
117.3004	58.9468	59.3229
117.3107	58.9468	59.3207
117.3195	59.4459	59.3201
117.3295	59.1131	59.3199
117.3395	59.1963	59.3190
117.3505	59.4459	59.3191
117.3604	59.1963	59.3192
117.3705	59.1131	59.3183
117.3794	59.2795	59.3177
117.3895	58.8636	59.3163
117.3995	59.1131	59.3144
117.4105	59.2795	59.3138
117.4205	59.0299	59.3129
117.4305	58.9468	59.3111
117.4397	59.4459	59.3104
117.4496	58.9468	59.3098
117.4595	58.8636	59.3075
117.4697	59.0299	59.3054
117.4805	59.1131	59.3040
117.4906	59.2795	59.3034
117.4996	59.6123	59.3043
117.5096	59.2795	59.3053
117.5195	59.2795	59.3052
117.5295	59.2795	59.3051
117.5405	59.5291	59.3057
117.5505	59.1131	59.3059
117.5596	59.2795	59.3053
117.5695	59.2795	59.3052
117.5795	59.1131	59.3046
117.5895	59.1131	59.3035
117.6006	59.2795	59.3029
117.6105	59.2795	59.3029
117.6195	59.4459	59.3033
117.6297	59.0299	59.3029
117.6395	59.2795	59.3021
117.6497	59.0299	59.3013
117.6606	59.6955	59.3017
117.6705	59.2795	59.3029
117.6796	59.5291	59.3035
117.6896	59.7787	59.3057
117.6995	59.2795	59.3071
117.7097	59.3627	59.3072
117.7196	58.9468	59.3064
117.7306	59.9451	59.3073
117.7396	59.4459	59.3097
117.7496	58.9468	59.3091
117.7596	59.0299	59.3072
117.7696	58.8636	59.3051
117.7796	58.9468	59.3028
117.7906	59.3627	59.3019
117.8006	59.1131	59.3016
117.8097	59.2795	59.3010
117.8197	59.8619	59.3027
117.8297	59.1963	59.3041
117.8397	59.1131	59.3032
117.8506	59.6955	59.3039
117.8606	59.1131	59.3046
117.8696	59.2795	59.3040
117.8797	59.4459	59.3044
117.8897	58.9468	59.3038
117.8996	59.1131	59.3022
117.9107	59.2795	59.3016
117.9208	59.2795	59.3015
117.9297	59.2795	59.3014
117.9397	58.7804	59.2998
117.9497	59.5291	59.2990
117.9598	59.2795	59.2997
117.9697	59.0299	59.2989
117.9807	59.3627	59.2983
117.9897	59.5291	59.2992
117.9998	59.3627	59.3001
118.0098	59.1963	59.3001
118.0197	59.4459	59.3002
118.0298	59.3627	59.3009
118.0407	59.0299	59.3003
118.0498	59.1131	59.2990
118.0598	59.1131	59.2979
118.0698	59.6955	59.2986
118.0798	58.9468	59.2988
118.0899	59.4459	59.2982
118.1007	59.3627	59.2989
118.1098	59.2795	59.2990
118.1198	58.9468	59.2980
118.1297	59.7787	59.2984
118.1399	59.1963	59.2996
118.1499	59.2795	59.2993
118.1597	58.8636	59.2979
118.1710	58.4476	59.2941
118.1798	59.7787	59.2931
118.1897	59.4459	59.2950
118.1999	59.2795	59.2955
118.2098	59.6955	59.2966
118.2198	59.7787	59.2993
118.2299	59.3627	59.3010
118.2397	59.1131	59.3007
118.2497	59.7787	59.3016
118.2599	59.7787	59.3045
118.2698	59.1963	59.3057
118.2799	59.3627	59.3056
118.2899	59.1131	59.3052
118.3002	59.2795	59.3046
118.3099	59.2795	59.3046
118.3199	59.1131	59.3040
118.3298	59.3627	59.3036
118.3399	59.4459	59.3043
118.3509	59.3627	59.3050
118.3598	59.4459	59.3056
118.3698	59.1963	59.3058
118.3799	59.3627	59.3057
118.3899	59.2795	59.3058
118.3999	59.4459	59.3062
118.4099	59.6955	59.3079
118.4201	58.7804	59.3075
118.4299	59.1131	59.3054
118.4399	59.3627	59.3051
118.4498	59.2795	59.3052
118.4599	58.7804	59.3037
118.4698	59.4459	59.3026
118.4798	59.1131	59.3025
118.4899	59.1131	59.3014
118.4998	59.6123	59.3018
118.5098	59.4459	59.3032
118.5199	59.8619	59.3054
118.5298	59.5291	59.3078
118.5399	59.2795	59.3084
118.5499	59.6123	59.3093
118.5598	59.5291	59.3110
118.5699	59.2795	59.3116
118.5799	59.3627	59.3117
118.5899	59.2795	59.3118
118.5999	59.2795	59.3117
118.6099	59.2795	59.3116
118.6199	58.9468	59.3105
118.6300	59.1131	59.3088
118.6399	59.2795	59.3082
118.6500	59.1131	59.3076
118.6599	59.2795	59.3070
118.6699	59.1131	59.3064
118.6799	59.6123	59.3068
118.6900	59.7787	59.3092
118.6999	58.7804	59.3091
118.7099	58.8636	59.3062
118.7200	59.9451	59.3068
118.7299	58.6140	59.3067
118.7400	59.1131	59.3041
118.7501	59.2795	59.3035
118.7600	59.6123	59.3044
118.7700	58.9468	59.3043
118.7800	59.1963	59.3030
118.7900	59.4459	59.3031
118.8000	59.6123	59.3046
118.8101	59.7787	59.3070
118.8200	59.2795	59.3083
118.8301	59.7787	59.3097
118.8401	59.4459	59.3116
118.8499	59.4459	59.3125
118.8600	59.6123	59.3139
118.8702	59.4459	59.3152
118.8801	59.4459	59.3161
118.8900	59.1131	59.3159
118.9000	59.3627	59.3155
118.9101	59.2795	59.3156
118.9201	59.9451	59.3175
118.9300	59.1963	59.3191
118.9401	60.1115	59.3212
118.9501	59.2795	59.3235
118.9601	59.2795	59.3234
118.9701	59.4459	59.3237
118.9801	59.1131	59.3235
118.9902	59.5291	59.3236
119.0002	59.6123	59.3251
119.0101	59.5291	59.3267
119.0200	59.6123	59.3283
119.0301	59.2795	59.3291
119.0401	59.7787	59.3304
119.0501	59.1131	59.3312
119.0602	59.1963	59.3302
119.0701	58.9468	59.3288
119.0807	59.0299	59.3268
119.0901	59.4459	59.3264
119.1000	59.1963	59.3264
119.1111	59.1963	59.3257
119.1202	59.7787	59.3268
119.1301	59.4459	59.3286
119.1401	59.2795	59.3289
119.1502	58.9468	59.3277
119.1601	59.4459	59.3270
119.1702	59.2795	59.3273
119.1802	59.0299	59.3263
119.1902	59.6123	59.3264
119.2002	59.5291	59.3280
119.2102	58.9468	59.3275
119.2201	59.4459	59.3268
119.2303	59.1963	59.3269
119.2402	59.9451	59.3284
119.2501	59.4459	59.3307
119.2604	59.7787	59.3325
119.2702	58.9468	59.3328
119.2801	59.2795	59.3316
119.2902	59.1963	59.3312
119.3002	59.1131	59.3302
119.3106	59.6955	59.3307
119.3203	59.4459	59.3323
119.3302	59.2795	59.3326
119.3401	59.2795	59.3324
119.3503	59.3627	59.3324
119.3602	59.3627	59.3327
119.3702	58.9468	59.3317
119.3804	59.4459	59.3310
119.3902	59.1131	59.3308
119.4001	59.4459	59.3306
119.4103	59.3627	59.3311
119.4202	59.1963	59.3309
119.4305	59.1131	59.3300
119.4404	59.7787	59.3308
119.4502	59.4459	59.3325
119.4603	58.9468	59.3318
119.4703	59.1131	59.3301
119.4803	59.2795	59.3294
119.4903	58.9468	59.3282
119.5004	59.3627	59.3273
119.5103	59.1131	59.3268
119.5203	59.0299	59.3254
119.5302	58.9468	59.3234
119.5392	59.1963	59.3220
119.5503	59.6955	59.3228
119.5603	59.8619	59.3257
119.5702	59.1131	59.3267
119.5803	59.6123	59.3270
119.5903	58.7804	59.3263
119.5992	59.4459	59.3252
119.6104	59.6123	59.3265
119.6203	59.4459	59.3278
119.6302	59.5291	59.3288
119.6404	59.6955	59.3306
119.6503	59.6123	59.3327
119.6593	58.8636	59.3322
119.6705	58.9468	59.3298
119.6803	59.1963	59.3283
119.6903	59.5291	59.3286
119.7005	59.4459	59.3297
119.7104	59.1131	59.3295
119.7194	59.3627	59.3290
119.7294	59.1131	59.3285
119.7403	59.2795	59.3278
119.7505	59.1131	59.3272
119.7604	59.7787	59.3280
119.7694	59.1131	59.3288
119.7795	59.3627	59.3283
119.7895	59.2795	59.3284
119.8004	58.9468	59.3272
119.8105	59.6123	59.3270
119.8204	60.1115	59.3303
119.8295	58.2812	59.3296
119.8394	59.4459	59.3269
119.8494	58.7804	59.3257
119.8604	59.3627	59.3242
119.8704	59.1963	59.3241
119.8804	58.7804	59.3221
119.8895	59.6123	59.3214
119.8995	59.3627	59.3225
119.9095	59.7787	59.3241
119.9205	59.2795	59.3254
119.9305	59.0299	59.3245
119.9404	59.4459	59.3240
119.9504	59.4459	59.3248
119.9604	58.9468	59.3242
119.9696	59.5291	59.3237
119.9795	59.7787	59.3258
119.9905	59.2795	59.3271
