Time	Raw_Alt	Filtered_Alt
0.0102	58.9468	59.0000
0.0206	59.0299	59.0000
0.0313	59.4459	59.0000
0.0412	59.1963	59.0000
0.0512	58.6972	59.0000
0.0613	58.8636	59.0000
0.0712	59.1963	59.0000
0.0813	59.1131	59.0001
0.0913	58.5308	59.0001
0.1012	58.8636	59.0001
0.1112	59.1131	59.0001
0.1213	59.1131	59.0001
0.1312	59.1131	59.0001
0.1413	58.6140	59.0002
0.1513	58.7804	59.0002
0.1612	58.5308	59.0002
0.1713	59.1131	59.0002
0.1812	58.9468	59.0003
0.1912	59.1963	59.0003
0.2013	59.1963	59.0003
0.2114	58.9468	59.0004
0.2212	59.4459	59.0004
0.2314	59.0299	59.0005
0.2413	59.1131	59.0005
0.2513	58.5308	59.0006
0.2612	58.5308	59.0006
0.2712	59.3627	59.0007
0.2812	59.1131	59.0007
0.2912	58.8636	59.0008
0.3012	59.1131	59.0008
0.3112	59.5291	59.0009
0.3212	58.9468	59.0009
0.3312	59.3627	59.0010
0.3412	58.7804	59.0011
0.3512	58.8636	59.0011
0.3603	58.7804	59.0012
0.3713	59.2795	59.0013
0.3814	59.1963	59.0013
0.3913	58.4476	59.0014
0.4014	59.5291	59.0015
0.4113	59.5291	59.0016
0.4203	59.3627	59.0016
0.4314	58.6972	59.0017
0.4414	59.0299	59.0018
0.4513	59.1131	59.0019
0.4614	59.0299	59.0020
0.4713	59.1963	59.0021
0.4803	58.9468	59.0022
0.4915	58.4476	59.0023
0.5014	58.8636	59.0024
0.5113	59.1963	59.0025
0.5213	58.6140	59.0026
0.5314	58.8636	59.0027
0.5404	59.1963	59.0028
0.5504	59.1963	59.0029
0.5613	59.0299	59.0030
0.5713	59.3627	59.0031
0.5815	58.9468	59.0032
0.5913	58.8636	59.0034
0.6004	59.6955	59.0035
0.6104	58.6972	59.0036
0.6214	59.0299	59.0037
0.6314	58.6140	59.0039
0.6414	59.3627	59.0040
0.6513	59.1963	59.0041
0.6604	59.2795	59.0042
0.6704	58.7804	59.0044
0.6814	59.3627	59.0045
0.6915	58.8636	59.0047
0.7014	59.6955	59.0048
0.7114	59.2795	59.0049
0.7204	59.0299	59.0051
0.7304	59.6955	59.0052
0.7414	58.4476	59.0054
0.7514	59.1963	59.0055
0.7615	58.4476	59.0057
0.7715	59.0299	59.0058
0.7805	59.1131	59.0060
0.7905	58.9468	59.0061
0.8005	59.0299	59.0063
0.8115	59.1131	59.0065
0.8215	59.1131	59.0066
0.8315	59.1963	59.0068
0.8405	59.6955	59.0069
0.8505	59.0299	59.0071
0.8605	59.2795	59.0073
0.8715	59.4459	59.0075
0.8815	58.4476	59.0076
0.8915	58.2812	59.0078
0.9005	59.1131	59.0080
0.9105	59.7787	59.0082
0.9205	59.6955	59.0084
0.9315	59.3627	59.0085
0.9415	58.9468	59.0087
0.9515	58.6140	59.0089
0.9615	59.1963	59.0091
0.9705	58.6140	59.0093
0.9805	58.6140	59.0095
0.9905	58.6140	59.0097
1.0015	58.7804	59.0099
1.0115	59.6955	59.0101
1.0215	59.3627	59.0103
1.0305	58.6140	59.0105
1.0406	59.2795	59.0107
1.0506	58.8636	59.0109
1.0615	58.7804	59.0111
1.0715	58.8636	59.0113
1.0815	58.8636	59.0116
1.0905	58.6140	59.0118
1.1005	59.0299	59.0120
1.1105	59.0299	59.0122
1.1215	58.8636	59.0124
1.1315	59.5291	59.0126
1.1415	58.0317	59.0129
1.1506	59.5291	59.0131
1.1609	58.6140	59.0133
1.1705	59.1963	59.0136
1.1815	59.1963	59.0138
1.1915	58.6140	59.0140
1.2015	58.4476	59.0143
1.2105	58.9468	59.0145
1.2206	58.6972	59.0147
1.2305	58.6140	59.0150
1.2406	58.8636	59.0152
1.2516	59.3627	59.0155
1.2616	59.0299	59.0157
1.2706	59.0299	59.0160
1.2807	58.7804	59.0162
1.2906	58.8636	59.0165
1.3006	59.0299	59.0167
1.3116	58.6140	59.0170
1.3215	58.0317	59.0172
1.3306	59.0299	59.0175
1.3406	59.0299	59.0178
1.3506	58.4476	59.0180
1.3606	58.8636	59.0183
1.3717	58.6972	59.0186
1.3816	58.9468	59.0188
1.3906	59.0299	59.0191
1.4006	59.3627	59.0194
1.4106	58.4476	59.0197
1.4206	59.3627	59.0199
1.4307	58.9468	59.0202
1.4416	59.0299	59.0205
1.4506	58.6972	59.0208
1.4606	58.2812	59.0211
1.4707	58.9468	59.0214
1.4807	58.6972	59.0216
1.4907	58.6140	59.0219
1.5017	59.1963	59.0222
1.5117	58.8636	59.0225
1.5208	59.0299	59.0228
1.5307	58.4476	59.0231
1.5408	59.0299	59.0234
1.5508	59.3627	59.0237
1.5617	59.4459	59.0240
1.5718	59.0299	59.0243
1.5807	58.7804	59.0246
1.5907	59.1963	59.0249
1.6007	59.1963	59.0253
1.6108	59.2795	59.0256
1.6218	59.5291	59.0259
1.6317	58.6972	59.0262
1.6408	59.1131	59.0265
1.6507	59.0299	59.0268
1.6607	59.1963	59.0272
1.6708	58.6972	59.0275
1.6809	59.1963	59.0278
1.6918	58.6140	59.0281
1.7008	58.6140	59.0285
1.7109	58.8636	59.0288
1.7208	58.9468	59.0291
1.7309	59.5291	59.0295
1.7410	58.8636	59.0298
1.7519	58.5308	59.0301
1.7608	59.1963	59.0305
1.7709	58.4476	59.0308
1.7808	58.8636	59.0312
1.7909	58.3644	59.0315
1.8008	58.8636	59.0319
1.8117	59.0299	59.0322
1.8208	58.7804	59.0326
1.8308	59.2795	59.0329
1.8408	59.4459	59.0333
1.8508	58.8636	59.0336
1.8608	59.2795	59.0340
1.8708	59.2795	59.0344
1.8808	59.5291	59.0347
1.8908	58.8636	59.0351
1.9010	58.8636	59.0354
1.9109	59.0299	59.0358
1.9210	59.1131	59.0362
1.9309	59.6955	59.0365
1.9408	59.1131	59.0369
1.9508	59.2795	59.0373
1.9608	58.1980	59.0377
1.9708	59.3627	59.0380
1.9808	58.8636	59.0384
1.9909	59.1131	59.0388
2.0009	59.6955	59.0392
2.0108	59.0299	59.0395
2.0208	59.0299	59.0399
2.0308	59.1963	59.0403
2.0408	59.0299	59.0407
2.0508	59.0299	59.0411
2.0618	58.6140	59.0415
2.0708	59.1963	59.0419
2.0809	58.8636	59.0423
2.0909	59.1963	59.0427
2.1010	59.6123	59.0431
2.1109	59.1131	59.0434
2.1209	59.1963	59.0438
2.1311	58.4476	59.0442
2.1409	58.8636	59.0446
2.1509	58.8636	59.0450
2.1610	58.8636	59.0454
2.1709	59.0299	59.0459
2.1809	58.9468	59.0463
2.1910	59.0299	59.0467
2.2009	59.2795	59.0471
2.2110	59.0299	59.0475
2.2210	58.3644	59.0479
2.2310	59.4459	59.0483
2.2409	59.6123	59.0487
2.2510	59.2795	59.0491
2.2609	59.1131	59.0496
2.2710	58.9468	59.0500
2.2810	58.8636	59.0504
2.2910	58.8636	59.0508
2.3009	58.6972	59.0513
2.3110	59.0299	59.0517
2.3209	59.0299	59.0521
2.3312	59.1131	59.0525
2.3411	59.1963	59.0530
2.3511	59.1963	59.0534
2.3610	59.3627	59.0538
2.3711	58.8636	59.0543
2.3810	58.6972	59.0547
2.3909	59.2795	59.0552
2.4011	59.1131	59.0556
2.4110	59.8619	59.0560
2.4211	59.0299	59.0565
2.4311	58.8636	59.0569
2.4409	59.0299	59.0574
2.4510	58.8636	59.0578
2.4611	58.8636	59.0583
2.4710	59.5291	59.0587
2.4810	58.9468	59.0592
2.4911	59.4459	59.0597
2.5010	58.6972	59.0601
2.5111	59.1963	59.0606
2.5211	58.9468	59.0611
2.5313	59.2795	59.0615
2.5410	59.4459	59.0620
2.5511	58.7804	59.0625
2.5610	59.0299	59.0630
2.5711	59.0299	59.0634
2.5811	59.0299	59.0639
2.5910	59.0299	59.0644
2.6011	58.8636	59.0649
2.6110	58.8636	59.0654
2.6210	59.4459	59.0658
2.6310	59.6955	59.0663
2.6411	58.6972	59.0668
2.6511	58.4476	59.0673
2.6612	58.6140	59.0678
2.6710	59.0299	59.0683
2.6811	59.2795	59.0688
2.6911	59.2795	59.0693
2.7010	59.6123	59.0698
2.7111	59.0299	59.0703
2.7211	59.3627	59.0708
2.7311	58.6972	59.0713
2.7411	58.6140	59.0718
2.7511	59.3627	59.0723
2.7610	59.5291	59.0728
2.7712	59.0299	59.0734
2.7812	58.8636	59.0739
2.7911	58.9468	59.0744
2.8012	59.5291	59.0749
2.8112	59.1963	59.0754
2.8210	59.0299	59.0760
2.8312	59.0299	59.0765
2.8414	59.0299	59.0770
2.8511	59.0299	59.0775
2.8612	58.8636	59.0781
2.8711	59.5291	59.0786
2.8812	58.8636	59.0791
2.8912	59.1963	59.0797
2.9013	59.6955	59.0802
2.9112	59.1131	59.0808
2.9212	59.5291	59.0813
2.9311	58.8636	59.0818
2.9412	58.7804	59.0824
2.9512	59.0299	59.0829
2.9612	58.8636	59.0835
2.9711	58.7804	59.0840
2.9811	59.3627	59.0846
2.9911	59.3627	59.0852
3.0011	59.6123	59.0857
3.0112	58.6140	59.0863
3.0211	59.0299	59.0868
3.0313	59.0299	59.0874
3.0412	59.4459	59.0880
3.0511	59.0299	59.0885
3.0612	59.1963	59.0891
3.0712	58.7804	59.0897
3.0812	58.1980	59.0902
3.0913	59.7787	59.0908
3.1012	58.8636	59.0914
3.1112	58.4476	59.0920
3.1212	58.8636	59.0925
3.1313	59.3627	59.0931
3.1413	58.9468	59.0937
3.1513	58.8636	59.0943
3.1612	58.7804	59.0949
3.1712	59.5291	59.0955
3.1813	59.3627	59.0961
3.1903	59.1963	59.0967
3.2015	58.4476	59.0973
3.2113	58.7804	59.0979
3.2212	58.9468	59.0985
3.2312	58.9468	59.0991
3.2412	59.2795	59.0997
3.2503	59.3627	59.1003
3.2614	58.6972	59.1009
3.2713	59.0299	59.1015
3.2813	58.8636	59.1021
3.2914	58.8636	59.1027
3.3012	58.8636	59.1033
3.3103	59.6123	59.1039
3.3214	58.6972	59.1046
3.3312	58.7804	59.1052
3.3413	59.6955	59.1058
3.3513	59.0299	59.1064
3.3612	59.3627	59.1071
3.3712	59.1963	59.1077
3.3803	59.0299	59.1083
3.3913	58.6972	59.1090
3.4012	59.1131	59.1096
3.4113	59.3627	59.1102
3.4212	58.6140	59.1109
3.4312	59.0299	59.1115
3.4403	58.7804	59.1122
3.4513	59.5291	59.1128
3.4613	58.8636	59.1135
3.4713	58.6140	59.1141
3.4813	59.0299	59.1148
3.4913	58.6140	59.1154
3.5003	58.8636	59.1161
3.5113	59.1131	59.1167
3.5214	59.0299	59.1174
3.5315	58.6140	59.1180
3.5413	59.0299	59.1187
3.5513	58.7804	59.1193
3.5603	59.1963	59.1200
3.5713	58.6972	59.1207
3.5813	59.4459	59.1213
3.5913	58.6140	59.1220
3.6013	58.8636	59.1227
3.6113	58.8636	59.1234
3.6203	58.7804	59.1240
3.6303	59.4459	59.1247
3.6414	59.0299	59.1254
3.6513	59.2795	59.1261
3.6615	59.0299	59.1268
3.6707	59.2795	59.1275
3.6806	59.3627	59.1281
3.6906	58.4476	59.1288
3.7016	59.5291	59.1295
3.7115	59.6123	59.1302
3.7219	59.0299	59.1309
3.7305	58.8636	59.1316
3.7405	58.7804	59.1323
3.7505	59.1963	59.1330
3.7615	59.1131	59.1337
3.7714	59.4459	59.1344
3.7815	59.1963	59.1351
3.7914	58.5308	59.1358
3.8004	58.5308	59.1366
3.8105	59.0299	59.1373
3.8204	59.1963	59.1380
3.8314	58.8636	59.1387
3.8415	58.8636	59.1394
3.8514	58.9468	59.1402
3.8605	58.9468	59.1409
3.8705	59.0299	59.1416
3.8804	59.0299	59.1424
3.8916	58.8636	59.1431
3.9015	59.0299	59.1438
3.9114	58.1980	59.1446
3.9205	59.0299	59.1453
3.9305	59.3627	59.1460
3.9404	59.6955	59.1468
3.9516	58.8636	59.1475
3.9615	59.3627	59.1483
3.9718	58.6972	59.1490
3.9805	58.7804	59.1498
3.9905	59.6123	59.1505
4.0004	58.8636	59.1513
4.0114	59.0299	59.1520
4.0214	58.4476	59.1528
4.0314	59.1131	59.1536
4.0405	59.4459	59.1543
4.0504	59.2795	59.1551
4.0605	58.9468	59.1559
4.0705	59.0299	59.1566
4.0816	58.6972	59.1574
4.0915	59.4459	59.1582
4.1005	59.0299	59.1590
4.1105	59.1963	59.1597
4.1203	59.6955	59.1605
4.1306	59.0299	59.1613
4.1416	59.1963	59.1621
4.1515	59.1963	59.1629
4.1616	59.6123	59.1637
4.1706	59.0299	59.1645
4.1808	59.2795	59.1653
4.1906	58.8636	59.1661
4.2016	59.4459	59.1669
4.2116	59.5291	59.1677
4.2207	59.6955	59.1685
4.2305	59.3627	59.1693
4.2406	58.5308	59.1701
4.2506	58.8636	59.1709
4.2606	59.0299	59.1717
4.2718	59.0299	59.1725
4.2816	59.6123	59.1733
4.2906	58.9468	59.1742
4.3005	58.9468	59.1750
4.3106	59.1963	59.1758
4.3206	59.0299	59.1766
4.3316	58.5308	59.1775
4.3415	59.3627	59.1783
4.3506	58.6972	59.1791
4.3606	59.0299	59.1800
4.3706	59.0299	59.1808
4.3807	58.1149	59.1816
4.3916	59.0299	59.1825
4.4016	59.3627	59.1833
4.4107	58.8636	59.1841
4.4206	58.6972	59.1850
4.4306	58.9468	59.1858
4.4407	59.0299	59.1867
4.4516	59.3627	59.1875
4.4617	58.6972	59.1884
4.4707	58.7804	59.1892
4.4808	58.8636	59.1901
4.4906	59.1131	59.1910
4.5007	58.8636	59.1918
4.5107	59.1131	59.1927
4.5217	59.1963	59.1935
4.5307	58.3644	59.1944
4.5406	59.1963	59.1953
4.5506	58.8636	59.1961
4.5607	59.3627	59.1970
4.5706	58.6140	59.1979
4.5816	59.1963	59.1988
4.5907	58.8636	59.1996
4.6007	59.1131	59.2005
4.6106	59.1963	59.2014
4.6207	59.2795	59.2023
4.6308	59.0299	59.2032
4.6416	58.4476	59.2041
4.6517	58.6972	59.2050
4.6608	59.0299	59.2058
4.6707	58.6972	59.2067
4.6808	58.6972	59.2076
4.6907	58.6972	59.2085
4.7007	58.5308	59.2094
4.7117	59.1131	59.2103
4.7207	58.3644	59.2112
4.7308	59.1963	59.2122
4.7407	59.7787	59.2131
4.7507	59.1963	59.2140
4.7607	59.1963	59.2149
4.7717	59.6123	59.2158
4.7807	59.0299	59.2167
4.7908	59.0299	59.2176
4.8007	58.8636	59.2185
4.8107	59.2795	59.2195
4.8207	59.0299	59.2204
4.8317	59.0299	59.2213
4.8408	58.6972	59.2222
4.8507	58.8636	59.2232
4.8609	58.6140	59.2241
4.8708	59.0299	59.2250
4.8808	58.5308	59.2260
4.8917	58.7804	59.2269
4.9012	59.0299	59.2278
4.9107	58.8636	59.2288
4.9207	58.8636	59.2297
4.9308	58.9468	59.2306
4.9408	58.9468	59.2316
4.9508	59.1131	59.2325
4.9608	59.3627	59.2335
4.9708	58.8636	59.2344
4.9808	59.2795	59.2354
4.9908	59.0299	59.2363
5.0008	59.3627	59.2373
5.0108	58.8636	59.2382
5.0209	59.1131	59.2392
5.0309	58.8636	59.2402
5.0410	59.4459	59.2411
5.0509	58.8636	59.2421
5.0609	59.5291	59.2430
5.0710	58.4476	59.2440
5.0809	58.3644	59.2450
5.0909	58.8636	59.2460
5.1010	59.5291	59.2469
5.1110	58.7804	59.2479
5.1209	59.0299	59.2489
5.1309	58.5308	59.2498
5.1410	59.1131	59.2508
5.1509	58.3644	59.2518
5.1609	59.4459	59.2528
5.1710	59.1963	59.2538
5.1809	59.2795	59.2548
5.1909	58.8636	59.2558
5.2009	59.0299	59.2567
5.2109	59.0299	59.2577
5.2209	59.2795	59.2587
5.2310	58.8636	59.2597
5.2409	58.6972	59.2607
5.2509	58.9468	59.2617
5.2609	58.6972	59.2627
5.2709	59.1963	59.2637
5.2810	59.0299	59.2647
5.2910	59.1131	59.2657
5.3010	59.1963	59.2668
5.3112	58.8636	59.2678
5.3210	58.8636	59.2688
5.3309	59.3627	59.2698
5.3409	58.6972	59.2708
5.3509	59.3627	59.2719
5.3609	59.0299	59.2729
5.3710	59.4459	59.2739
5.3809	58.8636	59.2749
5.3909	58.9468	59.2760
5.4010	58.6972	59.2770
5.4109	59.2795	59.2780
5.4209	58.8636	59.2790
5.4310	58.6140	59.2801
5.4412	58.7804	59.2811
5.4510	59.0299	59.2821
5.4611	58.8636	59.2832
5.4710	58.7804	59.2842
5.4810	59.2795	59.2853
5.4910	58.5308	59.2863
5.5010	59.1131	59.2874
5.5110	58.7804	59.2884
5.5210	59.6955	59.2895
5.5309	59.0299	59.2905
5.5410	58.8636	59.2916
5.5510	58.8636	59.2926
5.5610	59.5291	59.2937
5.5710	58.5308	59.2947
5.5810	59.1963	59.2958
5.5910	59.1131	59.2969
5.6011	59.0299	59.2979
5.6111	59.1131	59.2990
5.6210	58.3644	59.3001
5.6311	58.6972	59.3011
5.6410	58.8636	59.3022
5.6510	58.9468	59.3033
5.6611	58.7804	59.3044
5.6711	59.5291	59.3055
5.6810	58.5308	59.3065
5.6911	58.8636	59.3076
5.7010	59.1131	59.3087
5.7111	59.0299	59.3098
5.7211	59.5291	59.3109
5.7310	58.7804	59.3120
5.7412	58.6140	59.3131
5.7511	59.1963	59.3142
5.7611	58.7804	59.3153
5.7710	59.1131	59.3164
5.7811	59.0299	59.3175
5.7911	59.3627	59.3186
5.8012	59.3627	59.3197
5.8111	58.9468	59.3208
5.8210	59.1963	59.3219
5.8312	58.8636	59.3231
5.8412	58.7804	59.3242
5.8511	59.1963	59.3253
5.8612	59.5291	59.3264
5.8712	59.0299	59.3275
5.8816	59.1131	59.3287
5.8912	58.9468	59.3298
5.9012	58.3644	59.3309
5.9111	58.6972	59.3321
5.9212	59.1963	59.3332
5.9312	58.8636	59.3343
5.9411	58.6972	59.3355
5.9512	58.9468	59.3366
5.9614	58.6972	59.3377
5.9712	59.3627	59.3389
5.9813	58.4476	59.3400
5.9914	59.1963	59.3412
6.0012	58.8636	59.3423
6.0112	58.5308	59.3435
6.0201	59.1963	59.3446
6.0313	58.8636	59.3458
6.0412	59.1963	59.3469
6.0512	59.0299	59.3481
6.0612	59.0299	59.3493
6.0713	58.4476	59.3504
6.0812	58.5308	59.3516
6.0913	59.0299	59.3527
6.1012	58.8636	59.3539
6.1112	59.2795	59.3551
6.1213	59.2795	59.3562
6.1312	59.1963	59.3574
6.1414	59.1963	59.3586
6.1513	58.6972	59.3597
6.1613	59.3627	59.3609
6.1714	58.6972	59.3621
6.1813	58.8636	59.3633
6.1913	59.1963	59.3645
6.2012	59.1963	59.3656
6.2113	59.1131	59.3668
6.2212	58.6972	59.3680
6.2312	59.2795	59.3692
6.2412	59.0299	59.3704
6.2512	59.1131	59.3716
6.2614	58.8636	59.3728
6.2702	59.1131	59.3740
6.2812	58.8636	59.3752
6.2913	59.1131	59.3764
6.3013	59.0299	59.3776
6.3112	58.6972	59.3788
6.3214	59.1131	59.3800
6.3303	59.6955	59.3812
6.3414	58.9468	59.3824
6.3515	59.0299	59.3836
6.3613	59.4459	59.3848
6.3713	58.4476	59.3860
6.3815	59.1131	59.3873
6.3903	59.1131	59.3885
6.4014	58.8636	59.3897
6.4113	58.8636	59.3909
6.4215	58.5308	59.3921
6.4313	58.2812	59.3934
6.4413	59.5291	59.3946
6.4514	58.5308	59.3958
6.4602	59.2795	59.3970
6.4713	58.8636	59.3983
6.4814	58.8636	59.3995
6.4914	58.6972	59.4007
6.5004	59.1131	59.4020
6.5105	58.6972	59.4032
6.5204	58.6972	59.4045
6.5315	59.1131	59.4057
6.5414	58.6972	59.4069
6.5514	59.0299	59.4082
6.5605	58.6972	59.4094
6.5704	58.5308	59.4107
6.5806	59.0299	59.4120
6.5916	58.6140	59.4132
6.6015	59.1131	59.4145
6.6114	59.0299	59.4157
6.6215	59.1131	59.4170
6.6305	59.0299	59.4183
6.6407	59.3627	59.4195
6.6515	58.5308	59.4208
6.6615	59.0299	59.4221
6.6715	58.6972	59.4234
6.6816	58.8636	59.4246
6.6904	58.8636	59.4259
6.7004	59.0299	59.4272
6.7105	58.3644	59.4285
6.7214	58.6972	59.4298
6.7314	59.5291	59.4311
6.7416	58.6972	59.4324
6.7504	58.9468	59.4336
6.7604	58.9468	59.4349
6.7705	58.5308	59.4362
6.7814	59.0299	59.4375
6.7914	58.8636	59.4388
6.8016	58.6972	59.4401
6.8114	59.2795	59.4414
6.8205	59.1963	59.4428
6.8305	58.6972	59.4441
6.8414	58.8636	59.4454
6.8514	58.8636	59.4467
6.8616	58.4476	59.4480
6.8714	58.6140	59.4493
6.8807	58.6972	59.4506
6.8904	58.8636	59.4520
6.8999	58.8636	59.4533
6.9114	59.0299	59.4546
6.9214	58.8636	59.4559
6.9314	59.1963	59.4573
6.9406	59.1963	59.4586
6.9504	58.6972	59.4600
6.9604	58.8636	59.4613
6.9715	58.6972	59.4626
6.9814	58.8636	59.4640
6.9921	59.1131	59.4653
7.0004	58.6140	59.4667
7.0105	59.1963	59.4680
7.0205	59.1963	59.4694
7.0315	58.5308	59.4707
7.0415	58.8636	59.4721
7.0515	59.0299	59.4734
7.0607	58.5308	59.4748
7.0705	58.6972	59.4761
7.0806	58.9468	59.4775
7.0915	59.1963	59.4788
7.1015	59.3627	59.4802
7.1114	59.1963	59.4816
7.1204	59.1963	59.4829
7.1304	59.6123	59.4843
7.1405	58.8636	59.4857
7.1505	58.8636	59.4870
7.1615	59.6955	59.4884
7.1716	58.7804	59.4898
7.1805	59.0299	59.4912
7.1905	59.1963	59.4925
7.2006	59.2795	59.4939
7.2106	58.5308	59.4953
7.2215	58.8636	59.4967
7.2315	58.7804	59.4981
7.2406	59.3627	59.4995
7.2505	59.2795	59.5009
7.2605	59.3627	59.5023
7.2706	59.1963	59.5037
7.2815	59.0299	59.5051
7.2916	59.0299	59.5065
7.3006	58.8636	59.5079
7.3106	58.5308	59.5093
7.3206	58.6972	59.5107
7.3305	58.8636	59.5121
7.3407	58.6140	59.5135
7.3516	59.7787	59.5149
7.3615	59.0299	59.5163
7.3707	59.1963	59.5177
7.3806	59.0299	59.5191
7.3906	59.0299	59.5205
7.4007	58.9468	59.5220
7.4116	58.3644	59.5234
7.4215	59.7787	59.5248
7.4307	59.3627	59.5262
7.4406	59.3627	59.5277
7.4506	58.6972	59.5291
7.4607	59.1963	59.5305
7.4717	59.1963	59.5320
7.4818	59.1963	59.5334
7.4907	59.0299	59.5348
7.5007	58.7804	59.5363
7.5106	58.8636	59.5377
7.5207	58.6972	59.5392
7.5316	58.6140	59.5406
7.5416	58.6972	59.5421
7.5507	58.8636	59.5435
7.5607	58.8636	59.5450
7.5705	58.6972	59.5464
7.5807	58.6972	59.5479
7.5906	58.6972	59.5493
7.6016	58.9468	59.5508
7.6107	58.8636	59.5522
7.6206	58.7804	59.5537
7.6308	59.1131	59.5552
7.6407	59.3627	59.5566
7.6507	59.3627	59.5581
7.6617	58.6972	59.5596
7.6707	59.0299	59.5610
7.6806	59.6955	59.5625
7.6908	59.0299	59.5640
7.7008	59.0299	59.5655
7.7108	59.0299	59.5669
7.7220	58.8636	59.5684
7.7308	58.8636	59.5699
7.7407	58.6972	59.5714
7.7508	58.9468	59.5729
7.7608	58.8636	59.5743
7.7708	59.3627	59.5758
7.7808	58.6972	59.5773
7.7908	58.8636	59.5788
7.8007	59.0299	59.5803
7.8108	59.0299	59.5818
7.8208	59.3627	59.5833
7.8307	58.8636	59.5848
7.8408	58.3644	59.5863
7.8508	58.8636	59.5878
7.8608	59.0299	59.5893
7.8708	59.0299	59.5908
7.8808	58.8636	59.5923
7.8910	59.1131	59.5939
7.9008	59.3627	59.5954
7.9108	58.1980	59.5969
7.9209	59.1963	59.5984
7.9307	58.6972	59.5999
7.9409	58.8636	59.6015
7.9509	59.0299	59.6030
7.9608	58.8636	59.6045
7.9708	59.3627	59.6060
7.9808	59.1963	59.6076
7.9908	58.5308	59.6091
8.0008	58.8636	59.6106
8.0108	59.1963	59.6122
8.0208	59.1963	59.6137
8.0308	59.0299	59.6152
8.0408	59.1963	59.6168
8.0508	59.0299	59.6183
8.0608	58.9468	59.6199
8.0708	59.0299	59.6214
8.0808	59.0299	59.6230
8.0908	59.1963	59.6246
8.1006	58.6972	59.6261
8.1109	58.6972	59.6277
8.1208	59.2795	59.6292
8.1311	59.1131	59.6308
8.1410	58.8636	59.6324
8.1509	59.5291	59.6339
8.1608	58.9468	59.6355
8.1709	58.7804	59.6371
8.1808	59.0299	59.6386
8.1911	59.1131	59.6402
8.2009	57.7821	59.6418
8.2108	59.1131	59.6434
8.2208	58.8636	59.6450
8.2309	58.6972	59.6466
8.2408	59.0299	59.6481
8.2508	59.1963	59.6497
8.2609	59.2795	59.6513
8.2709	58.4476	59.6529
8.2809	58.7804	59.6545
8.2909	59.0299	59.6561
8.3009	58.6972	59.6577
8.3111	59.2795	59.6593
8.3210	58.6972	59.6609
8.3309	58.6140	59.6625
8.3412	59.6955	59.6641
8.3510	58.3644	59.6657
8.3609	59.0299	59.6673
8.3710	59.3627	59.6689
8.3809	58.7804	59.6706
8.3909	58.1980	59.6722
8.4009	58.1980	59.6738
8.4109	58.8636	59.6754
8.4209	59.3627	59.6770
8.4310	59.1963	59.6786
8.4410	58.6972	59.6802
8.4509	58.6972	59.6819
8.4611	58.6972	59.6835
8.4709	59.0299	59.6851
8.4809	59.1963	59.6868
8.4911	59.0299	59.6884
8.5009	59.3627	59.6900
8.5114	58.8636	59.6917
8.5210	59.1131	59.6933
8.5310	59.0299	59.6950
8.5412	59.2795	59.6966
8.5512	58.8636	59.6983
8.5611	58.6972	59.6999
8.5711	59.1963	59.7016
8.5810	59.1131	59.7032
8.5909	59.0299	59.7049
8.6011	59.5291	59.7065
8.6111	58.7804	59.7082
8.6211	58.8636	59.7099
8.6311	58.5308	59.7115
8.6411	58.8636	59.7132
8.6510	58.7804	59.7149
8.6611	58.1980	59.7165
8.6712	58.8636	59.7182
8.6810	58.6972	59.7199
8.6911	58.8636	59.7216
8.7012	59.1131	59.7232
8.7110	58.6972	59.7249
8.7210	59.1963	59.7266
8.7311	59.0299	59.7283
8.7411	59.1963	59.7299
8.7511	58.7804	59.7316
8.7612	58.6972	59.7333
8.7710	58.8636	59.7350
8.7811	59.3627	59.7367
8.7911	59.1963	59.7384
8.8011	59.3627	59.7401
8.8112	58.1980	59.7418
8.8211	59.0299	59.7435
8.8311	58.8636	59.7452
8.8411	58.9468	59.7469
8.8512	58.8636	59.7486
8.8611	58.9468	59.7503
8.8711	59.0299	59.7520
8.8811	59.1131	59.7537
8.8911	59.0299	59.7554
8.9010	59.1131	59.7571
8.9111	58.7804	59.7588
8.9211	59.0299	59.7605
8.9311	59.0299	59.7622
8.9411	59.5291	59.7639
8.9511	59.0299	59.7656
8.9611	58.8636	59.7674
8.9711	59.0299	59.7691
8.9811	59.0299	59.7708
8.9911	59.0299	59.7725
9.0011	59.1963	59.7743
9.0111	58.9468	59.7760
9.0211	58.9468	59.7777
9.0311	58.8636	59.7794
9.0412	58.6972	59.7812
9.0511	59.6955	59.7829
9.0611	59.4459	59.7846
9.0712	58.7804	59.7864
9.0811	59.1963	59.7881
9.0911	58.2812	59.7898
9.1002	58.6972	59.7916
9.1112	58.9468	59.7933
9.1212	59.0299	59.7951
9.1312	58.8636	59.7968
9.1412	59.1963	59.7985
9.1511	58.3644	59.8003
9.1602	58.6972	59.8020
9.1712	58.6972	59.8038
9.1812	58.8636	59.8055
9.1912	59.1963	59.8073
9.2013	59.2795	59.8090
9.2112	58.3644	59.8108
9.2202	58.8636	59.8125
9.2313	59.4459	59.8143
9.2412	58.8636	59.8161
9.2513	59.4459	59.8178
9.2613	58.8636	59.8196
9.2712	59.0299	59.8214
9.2803	59.2795	59.8231
9.2902	58.9468	59.8249
9.3014	59.3627	59.8267
9.3112	59.1131	59.8285
9.3212	58.5308	59.8303
9.3315	58.1149	59.8321
9.3403	59.1131	59.8338
9.3503	58.5308	59.8356
9.3614	58.8636	59.8374
9.3714	59.3627	59.8392
9.3813	58.5308	59.8410
9.3914	58.6140	59.8428
9.4004	58.6972	59.8445
9.4104	59.3627	59.8463
9.4214	59.0299	59.8481
9.4314	58.6972	59.8499
9.4413	58.8636	59.8517
9.4514	58.8636	59.8535
9.4604	58.8636	59.8553
9.4704	59.0299	59.8571
9.4814	59.7787	59.8589
9.4913	58.3644	59.8607
9.5014	58.9468	59.8625
9.5113	59.6955	59.8644
9.5203	58.6140	59.8662
9.5304	59.3627	59.8680
9.5404	58.8636	59.8698
9.5514	59.3627	59.8716
9.5613	58.3644	59.8734
9.5713	59.1963	59.8753
9.5813	59.1131	59.8771
9.5904	59.1131	59.8789
9.6004	58.7804	59.8807
9.6114	58.6140	59.8826
9.6214	59.1131	59.8844
9.6314	58.5308	59.8862
9.6413	59.3627	59.8880
9.6504	58.6140	59.8899
9.6604	59.1963	59.8917
9.6714	59.1963	59.8935
9.6814	59.1963	59.8954
9.6914	58.0317	59.8972
9.7013	59.1131	59.8991
9.7104	58.6972	59.9009
9.7204	58.7804	59.9028
9.7304	58.9468	59.9046
9.7414	58.6972	59.9064
9.7514	58.6972	59.9083
9.7614	58.8636	59.9101
9.7704	59.1963	59.9120
9.7804	58.1980	59.9138
9.7904	59.1963	59.9157
9.8015	59.1963	59.9176
9.8114	59.3627	59.9194
9.8214	59.0299	59.9213
9.8304	59.1131	59.9231
9.8404	59.0299	59.9250
9.8504	58.9468	59.9269
9.8614	59.0299	59.9287
9.8714	59.3627	59.9306
9.8815	59.0299	59.9325
9.8905	58.6972	59.9344
9.9004	58.6972	59.9362
9.9105	58.8636	59.9381
9.9214	58.7804	59.9400
9.9316	59.2795	59.9419
9.9414	58.3644	59.9437
9.9504	59.3627	59.9456
9.9607	59.0299	59.9475
9.9705	59.3627	59.9494
9.9805	58.6972	59.9513
9.9915	58.6972	59.9532
10.0015	58.8636	59.9551
10.0104	58.8636	59.9570
10.0205	59.1963	59.9589
10.0305	58.6140	59.9608
10.0405	58.9468	59.9627
10.0515	59.0299	59.9646
10.0615	58.7804	59.9665
10.0705	59.1131	59.9684
10.0805	59.0299	59.9703
10.0905	58.9468	59.9722
10.1004	59.0299	59.9741
10.1116	59.0299	59.9760
10.1215	58.9468	59.9779
10.1315	58.8636	59.9798
10.1405	58.8636	59.9818
10.1506	59.0299	59.9837
10.1605	59.1963	59.9856
10.1706	58.9468	59.9876
10.1816	59.1963	59.9895
10.1915	58.6972	59.9914
10.2006	59.0299	59.9933
10.2106	59.0299	59.9953
10.2209	59.0299	59.9972
10.2306	59.3627	59.9992
10.2416	59.1963	60.0011
10.2506	59.1131	60.0030
10.2606	58.8636	60.0050
10.2705	58.6972	60.0069
10.2807	59.0299	60.0089
10.2906	58.8636	60.0108
10.3016	59.1963	60.0128
10.3116	58.6972	60.0147
10.3206	59.0299	60.0167
10.3306	59.2795	60.0186
10.3407	59.0299	60.0206
10.3507	58.9468	60.0226
10.3616	59.0299	60.0245
10.3717	58.6140	60.0265
10.3806	59.4459	60.0285
10.3906	59.3627	60.0305
10.4007	59.0299	60.0324
10.4106	59.3627	60.0344
10.4207	59.3627	60.0364
10.4317	59.0299	60.0384
10.4406	58.6972	60.0403
10.4509	58.5308	60.0423
10.4606	58.6972	60.0443
10.4706	59.2795	60.0463
10.4806	58.8636	60.0483
10.4917	59.1963	60.0503
10.5017	58.8636	60.0523
10.5108	58.9468	60.0543
10.5207	59.3627	60.0562
10.5307	59.0299	60.0582
10.5407	59.0299	60.0603
10.5517	58.8636	60.0623
10.5606	58.8636	60.0643
10.5707	58.9468	60.0663
10.5807	59.0299	60.0683
10.5907	59.4459	60.0703
10.6008	59.3627	60.0723
10.6107	59.1963	60.0744
10.6207	59.0299	60.0764
10.6308	58.8636	60.0784
10.6407	59.4459	60.0804
10.6507	59.0299	60.0824
10.6608	58.6140	60.0845
10.6707	58.4476	60.0865
10.6816	58.9468	60.0885
10.6909	58.8636	60.0905
10.7007	59.2795	60.0926
10.7107	59.1963	60.0946
10.7208	59.2795	60.0966
10.7308	58.9468	60.0986
10.7417	59.0299	60.1007
10.7508	59.0299	60.1027
10.7608	59.0299	60.1047
10.7707	59.0299	60.1068
10.7809	58.6972	60.1088
10.7908	59.3627	60.1108
10.8017	59.0299	60.1129
10.8109	58.9468	60.1149
10.8208	58.8636	60.1170
10.8308	59.0299	60.1190
10.8409	58.5308	60.1211
10.8508	59.1963	60.1231
10.8608	58.6972	60.1252
10.8708	59.0299	60.1272
10.8807	59.6123	60.1293
10.8908	59.1131	60.1313
10.9008	59.4459	60.1334
10.9108	59.1963	60.1355
10.9209	58.8636	60.1375
10.9308	59.0299	60.1396
10.9407	59.1963	60.1417
10.9508	59.3627	60.1437
10.9609	58.6972	60.1458
10.9708	59.2795	60.1479
10.9809	59.1963	60.1500
10.9910	59.1963	60.1520
11.0008	59.2795	60.1541
11.0107	59.2795	60.1562
11.0208	59.0299	60.1583
11.0308	59.0299	60.1604
11.0410	59.1963	60.1625
11.0509	59.4459	60.1646
11.0608	59.3627	60.1667
11.0710	59.2795	60.1688
11.0808	58.8636	60.1709
11.0908	59.6955	60.1729
11.1009	58.8636	60.1750
11.1086	58.3644	60.1771
11.1208	58.6140	60.1792
11.1308	59.0299	60.1813
11.1408	59.2795	60.1835
11.1508	58.9468	60.1856
11.1609	59.5291	60.1877
11.1709	58.5308	60.1898
11.1809	59.0299	60.1919
11.1910	58.9468	60.1940
11.2010	59.3627	60.1961
11.2109	59.0299	60.1982
11.2209	58.8636	60.2003
11.2310	59.1963	60.2025
11.2409	59.3627	60.2046
11.2509	58.6972	60.2067
11.2609	59.2795	60.2089
11.2709	59.3627	60.2110
11.2809	58.6972	60.2131
11.2909	58.6972	60.2153
11.3010	59.0299	60.2174
11.3110	58.9468	60.2196
11.3209	58.8636	60.2217
11.3310	59.1131	60.2239
11.3411	59.0299	60.2260
11.3509	59.1963	60.2282
11.3610	58.8636	60.2304
11.3712	59.1963	60.2325
11.3809	59.3627	60.2347
11.3909	59.3627	60.2369
11.4010	59.1131	60.2390
11.4109	58.5308	60.2412
11.4210	59.6955	60.2434
11.4311	59.3627	60.2455
11.4409	58.7804	60.2477
11.4510	58.8636	60.2499
11.4611	58.8636	60.2521
11.4709	58.8636	60.2542
11.4810	58.9468	60.2564
11.4910	58.7804	60.2586
11.5010	58.8636	60.2608
11.5109	58.3644	60.2630
11.5210	59.1963	60.2652
11.5313	58.7804	60.2673
11.5410	58.3644	60.2695
11.5510	58.7804	60.2717
11.5610	58.6972	60.2739
11.5710	58.6972	60.2761
11.5810	59.0299	60.2783
11.5911	58.9468	60.2805
11.6011	59.3627	60.2827
11.6110	59.1131	60.2849
11.6211	58.8636	60.2872
11.6311	59.3627	60.2894
11.6410	59.0299	60.2916
11.6511	58.8636	60.2938
11.6611	59.0299	60.2960
11.6710	59.3627	60.2982
11.6811	59.1131	60.3004
11.6911	59.2795	60.3026
11.7010	58.6972	60.3048
11.7110	58.7804	60.3070
11.7212	58.8636	60.3092
11.7310	59.3627	60.3115
11.7410	58.8636	60.3137
11.7510	58.7804	60.3159
11.7611	59.1131	60.3181
11.7710	59.0299	60.3204
11.7811	59.1131	60.3226
11.7911	59.1131	60.3248
11.8011	58.8636	60.3271
11.8111	59.3627	60.3293
11.8211	59.1131	60.3316
11.8311	58.6140	60.3338
11.8411	59.1131	60.3361
11.8510	59.1131	60.3383
11.8611	58.8636	60.3405
11.8712	59.1131	60.3428
11.8811	59.0299	60.3450
11.8912	58.8636	60.3473
11.9011	59.3627	60.3495
11.9112	58.8636	60.3518
11.9211	58.6972	60.3540
11.9301	58.9468	60.3563
11.9412	58.6140	60.3586
11.9511	58.7804	60.3608
11.9613	58.6972	60.3631
11.9712	59.2795	60.3653
11.9811	59.1963	60.3676
11.9911	58.5308	60.3699
12.0012	59.1963	60.3721
12.0111	59.4459	60.3744
12.0212	58.9468	60.3767
12.0312	58.9468	60.3790
12.0411	59.1131	60.3813
12.0511	58.5308	60.3836
12.0613	59.1963	60.3859
12.0712	59.1963	60.3882
12.0812	59.0299	60.3904
12.0912	58.6140	60.3927
12.1012	59.2795	60.3950
12.1111	59.2795	60.3973
12.1213	58.6140	60.3996
12.1312	59.1131	60.4019
12.1413	59.1963	60.4042
12.1512	58.9468	60.4066
12.1611	58.6140	60.4089
12.1712	59.1963	60.4112
12.1802	59.5291	60.4135
12.1912	58.9468	60.4158
12.2012	59.5291	60.4181
12.2113	58.8636	60.4204
12.2213	59.4459	60.4228
12.2305	59.4459	60.4251
12.2403	59.2795	60.4274
12.2513	58.7804	60.4297
12.2615	59.1131	60.4320
12.2713	58.7804	60.4344
12.2813	59.0299	60.4367
12.2903	59.3627	60.4390
12.3003	59.0299	60.4414
12.3114	58.6972	60.4437
12.3213	59.1963	60.4460
12.3313	58.6972	60.4483
12.3413	58.5308	60.4507
12.3504	58.9468	60.4530
12.3604	59.4459	60.4553
12.3704	59.3627	60.4577
12.3815	59.1963	60.4600
12.3914	59.1131	60.4624
12.4013	58.2812	60.4647
12.4115	58.9468	60.4670
12.4204	58.7804	60.4694
12.4304	59.4459	60.4717
12.4415	58.7804	60.4741
12.4513	59.5291	60.4764
12.4614	58.4476	60.4788
12.4715	58.4476	60.4811
12.4803	59.2795	60.4835
12.4904	58.8636	60.4859
12.5015	59.3627	60.4882
12.5113	58.9468	60.4906
12.5214	58.6140	60.4930
12.5315	59.6955	60.4953
12.5404	59.5291	60.4977
12.5504	58.8636	60.5001
12.5613	59.6123	60.5025
12.5713	59.4459	60.5048
12.5814	59.1131	60.5072
12.5913	59.1963	60.5096
12.6004	59.1131	60.5120
12.6104	59.2795	60.5144
12.6203	58.9468	60.5168
12.6314	59.7787	60.5192
12.6414	59.1131	60.5216
12.6513	59.0299	60.5240
12.6604	58.5308	60.5264
12.6704	58.6972	60.5288
12.6803	59.4459	60.5313
12.6914	59.2795	60.5337
12.7014	59.1131	60.5361
12.7113	59.1131	60.5385
12.7204	59.1963	60.5409
12.7304	58.8636	60.5433
12.7404	58.8636	60.5458
12.7515	59.0299	60.5482
12.7615	59.2795	60.5506
12.7716	58.8636	60.5531
12.7805	59.1131	60.5555
12.7906	59.1963	60.5579
12.8004	58.9468	60.5604
12.8104	59.1963	60.5628
12.8215	58.8636	60.5652
12.8314	58.9468	60.5677
12.8404	59.1963	60.5701
12.8504	59.0299	60.5726
12.8606	58.6972	60.5750
12.8704	59.1131	60.5774
12.8814	59.6955	60.5799
12.8914	59.1963	60.5823
12.9005	58.8636	60.5848
12.9104	59.5291	60.5873
12.9205	58.8636	60.5897
12.9305	59.1131	60.5922
12.9414	59.7787	60.5946
12.9516	59.1963	60.5971
12.9614	58.8636	60.5996
12.9706	59.2795	60.6020
12.9805	59.3627	60.6045
12.9905	58.8636	60.6070
13.0015	59.0299	60.6095
13.0115	58.9468	60.6120
13.0215	58.9468	60.6144
13.0305	58.7804	60.6169
13.0406	58.7804	60.6194
13.0505	59.1963	60.6219
13.0605	59.3627	60.6244
13.0715	59.1963	60.6269
13.0815	59.5291	60.6294
13.0905	59.2795	60.6318
13.1005	58.9468	60.6343
13.1105	58.8636	60.6368
13.1205	59.0299	60.6393
13.1315	59.2795	60.6418
13.1415	58.7804	60.6444
13.1505	59.3627	60.6469
13.1606	59.0299	60.6494
13.1706	59.1963	60.6519
13.1805	58.7804	60.6544
13.1916	59.1963	60.6569
13.2016	59.0299	60.6594
13.2105	59.6123	60.6619
13.2206	58.8636	60.6645
13.2307	59.5291	60.6670
13.2405	58.9468	60.6695
13.2506	58.9468	60.6720
13.2617	59.5291	60.6746
13.2706	59.0299	60.6771
13.2806	59.2795	60.6796
13.2906	59.2795	60.6822
13.3006	59.5291	60.6847
13.3107	58.7804	60.6872
13.3216	58.7804	60.6898
13.3306	59.1131	60.6923
13.3407	59.4459	60.6949
13.3506	59.1963	60.6974
13.3607	59.5291	60.7000
13.3707	59.0299	60.7025
13.3816	59.6955	60.7051
13.3907	58.8636	60.7076
13.4008	59.2795	60.7102
13.4106	58.9468	60.7127
13.4208	59.2795	60.7153
13.4308	58.7804	60.7179
13.4416	59.4459	60.7204
13.4507	59.3627	60.7230
13.4607	58.8636	60.7256
13.4707	58.7804	60.7281
13.4809	59.0299	60.7307
13.4907	59.1131	60.7333
13.5008	59.0299	60.7359
13.5108	59.0299	60.7384
13.5207	59.4459	60.7410
13.5310	59.6123	60.7436
13.5409	59.1963	60.7461
13.5507	59.2795	60.7487
13.5607	59.3627	60.7513
13.5717	58.6140	60.7539
13.5807	59.6123	60.7565
13.5907	59.4459	60.7591
13.6008	58.9468	60.7617
13.6107	59.0299	60.7643
13.6207	59.0299	60.7669
13.6319	59.1963	60.7695
13.6407	59.5291	60.7721
13.6507	58.4476	60.7747
13.6608	58.2812	60.7773
13.6708	59.0299	60.7799
13.6809	59.3627	60.7826
13.6909	58.8636	60.7852
13.7008	59.6123	60.7878
13.7108	58.8636	60.7904
13.7208	59.4459	60.7930
13.7307	58.9468	60.7957
13.7409	59.3627	60.7983
13.7508	59.3627	60.8009
13.7608	58.8636	60.8036
13.7709	58.9468	60.8062
13.7808	59.2795	60.8088
13.7908	59.1963	60.8115
13.8008	58.5308	60.8141
13.8108	59.3627	60.8168
13.8195	59.4459	60.8194
13.9055	58.6972	60.8221
13.9109	59.3627	60.8247
13.9208	59.1963	60.8274
13.9308	59.1963	60.8300
13.9408	58.8636	60.8327
13.9508	59.0299	60.8354
13.9608	59.4459	60.8380
13.9709	59.1963	60.8407
13.9808	58.9468	60.8434
13.9908	59.0299	60.8460
14.0008	59.0299	60.8487
14.0109	59.0299	60.8514
14.0208	59.1131	60.8541
14.0310	59.3627	60.8567
14.0409	59.5291	60.8594
14.0509	59.0299	60.8621
14.0609	58.7804	60.8648
14.0709	58.8636	60.8675
14.0809	58.8636	60.8702
14.0910	59.4459	60.8729
14.1010	59.6955	60.8756
14.1109	59.0299	60.8784
14.1209	59.1963	60.8811
14.1309	58.9468	60.8839
14.1410	59.0299	60.8867
14.1510	59.2795	60.8895
14.1609	59.5291	60.8923
14.1710	59.2795	60.8951
14.1810	58.8636	60.8979
14.1910	59.0299	60.9008
14.2010	59.4459	60.9036
14.2109	59.3627	60.9065
14.2209	58.6972	60.9094
14.2310	59.0299	60.9123
14.2410	59.3627	60.9151
14.2509	59.2795	60.9180
14.2610	59.2795	60.9209
14.2710	59.5291	60.9238
14.2810	59.0299	60.9266
14.2911	58.6140	60.9295
14.3010	59.1963	60.9324
14.3109	59.0299	60.9352
14.3210	59.3627	60.9380
14.3312	59.1963	60.9409
14.3409	59.5291	60.9437
14.3511	58.4476	60.9465
14.3611	59.1963	60.9493
14.3710	59.2795	60.9522
14.3810	58.5308	60.9550
14.3910	58.6972	60.9578
14.4013	58.8636	60.9606
14.4111	59.0299	60.9635
14.4211	59.1963	60.9663
14.4311	59.0299	60.9691
14.4411	59.0299	60.9720
14.4511	58.8636	60.9748
14.4611	59.5291	60.9776
14.4711	59.3627	60.9805
14.4811	59.2795	60.9833
14.4911	59.1963	60.9861
14.5010	59.4459	60.9890
14.5110	59.3627	60.9918
14.5211	59.0299	60.9946
14.5311	59.6955	60.9974
14.5412	58.8636	61.0003
14.5512	59.0299	61.0031
14.5611	59.1963	61.0060
14.5711	58.1980	61.0088
14.5812	58.6972	61.0117
14.5911	59.3627	61.0145
14.6011	59.3627	61.0174
14.6112	58.7804	61.0202
14.6212	58.8636	61.0231
14.6311	58.6972	61.0260
14.6411	59.0299	61.0288
14.6512	59.1963	61.0317
14.6610	59.3627	61.0346
14.6711	59.1963	61.0375
14.6810	59.3627	61.0404
14.6910	59.1131	61.0433
14.7011	59.1963	61.0461
14.7111	59.6955	61.0490
14.7212	58.9468	61.0519
14.7312	59.5291	61.0548
14.7411	58.8636	61.0578
14.7512	59.4459	61.0607
14.7612	59.2795	61.0636
14.7711	58.9468	61.0665
14.7812	59.1963	61.0695
14.7911	59.0299	61.0725
14.8011	59.1963	61.0754
14.8112	59.4459	61.0784
14.8202	59.1963	61.0814
14.8311	59.0299	61.0845
14.8412	59.6955	61.0875
14.8511	59.0299	61.0906
14.8611	58.7804	61.0936
14.8712	58.9468	61.0967
14.8802	59.0299	61.0998
14.8913	59.3627	61.1030
14.9013	59.5291	61.1061
14.9112	59.4459	61.1093
14.9215	58.8636	61.1125
14.9304	58.8636	61.1157
14.9403	59.3627	61.1189
14.9514	58.8636	61.1222
14.9613	59.1131	61.1255
14.9713	59.0299	61.1288
14.9813	59.0299	61.1321
14.9913	58.3644	61.1355
15.0002	59.4459	61.1389
15.0103	59.1963	61.1423
15.0213	59.6123	61.1457
15.0313	59.0299	61.1492
15.0414	59.3627	61.1527
15.0513	59.3627	61.1563
15.0602	59.2795	61.1598
15.0704	59.5291	61.1634
15.0812	58.8636	61.1670
15.0912	59.1963	61.1707
15.1013	58.6972	61.1744
15.1112	58.8636	61.1781
15.1203	59.3627	61.1819
15.1303	59.1963	61.1857
15.1413	59.3627	61.1895
15.1512	59.1963	61.1934
15.1613	58.8636	61.1973
15.1714	59.7787	61.2013
15.1804	59.3627	61.2052
15.1903	58.6972	61.2093
15.2014	59.3627	61.2133
15.2114	59.5291	61.2174
15.2216	59.1963	61.2215
15.2313	59.0299	61.2257
15.2414	58.6972	61.2299
15.2504	59.5291	61.2342
15.2603	59.5291	61.2385
15.2714	59.1131	61.2428
15.2812	59.0299	61.2472
15.2913	59.3627	61.2516
15.3013	58.5308	61.2561
15.3103	58.7804	61.2606
15.3203	59.0299	61.2652
15.3312	59.8619	61.2698
15.3413	58.9468	61.2744
15.3513	59.0299	61.2791
15.3613	58.8636	61.2839
15.3703	59.3627	61.2887
15.3803	58.3644	61.2935
15.3913	59.3627	61.2984
15.4013	58.3644	61.3034
15.4113	59.1963	61.3084
15.4213	59.1963	61.3134
15.4304	59.1963	61.3186
15.4404	58.8636	61.3237
15.4503	59.5291	61.3290
15.4614	59.5291	61.3342
15.4714	59.0299	61.3396
15.4814	59.5291	61.3450
15.4903	59.4459	61.3504
15.5008	59.2795	61.3559
15.5104	59.0299	61.3615
15.5214	59.3627	61.3671
15.5315	58.6972	61.3728
15.5414	59.8619	61.3786
15.5504	59.5291	61.3844
15.5604	59.3627	61.3903
15.5704	59.3627	61.3962
15.5814	59.2795	61.4022
15.5916	59.0299	61.4083
15.6015	58.9468	61.4144
15.6104	59.1963	61.4206
15.6205	58.9468	61.4269
15.6305	59.8619	61.4332
15.6415	59.2795	61.4396
15.6516	59.1963	61.4460
15.6615	59.5291	61.4526
15.6705	59.0299	61.4592
15.6805	58.9468	61.4658
15.6904	59.1963	61.4725
15.7004	58.6140	61.4793
15.7114	59.1963	61.4862
15.7214	59.2795	61.4931
15.7304	59.1963	61.5001
15.7405	59.2795	61.5071
15.7504	59.1963	61.5142
15.7604	59.1963	61.5214
15.7715	59.1963	61.5287
15.7814	59.3627	61.5360
15.7905	59.4459	61.5433
15.8005	59.6955	61.5508
15.8104	58.9468	61.5583
15.8205	59.8619	61.5659
15.8314	59.2795	61.5735
15.8414	58.7804	61.5812
15.8504	58.8636	61.5889
15.8605	59.4459	61.5967
15.8705	59.1963	61.6046
15.8806	59.6123	61.6126
15.8905	59.1963	61.6206
15.9015	59.1963	61.6286
15.9105	59.1963	61.6368
15.9205	59.3627	61.6450
15.9305	59.5291	61.6532
15.9405	59.4459	61.6615
15.9505	59.0299	61.6699
15.9615	59.4459	61.6783
15.9715	59.1963	61.6868
15.9805	59.2795	61.6954
15.9905	59.3627	61.7040
16.0005	59.6123	61.7127
16.0105	59.4459	61.7215
16.0216	59.1963	61.7303
16.0316	59.9451	61.7392
16.0405	59.2795	61.7481
16.0506	59.3627	61.7571
16.0605	59.1963	61.7662
16.0706	59.4459	61.7753
16.0806	59.5291	61.7845
16.0916	59.1131	61.7937
16.1006	59.2795	61.8031
16.1106	59.7787	61.8124
16.1207	59.4459	61.8219
16.1306	59.2795	61.8314
16.1406	59.4459	61.8409
16.1516	59.6123	61.8506
16.1607	59.7787	61.8603
16.1707	59.5291	61.8700
16.1806	59.3627	61.8798
16.1906	59.0299	61.8897
16.2006	59.0299	61.8997
16.2116	59.5291	61.9097
16.2206	59.1963	61.9198
16.2307	59.5291	61.9300
16.2406	59.3627	61.9402
16.2507	59.1131	61.9504
16.2607	59.7787	61.9608
16.2717	59.3627	61.9712
16.2806	60.1115	61.9817
16.2906	59.4459	61.9922
16.3006	59.5291	62.0028
16.3106	59.6123	62.0134
16.3206	59.2795	62.0241
16.3306	59.7787	62.0349
16.3407	59.5291	62.0458
16.3506	59.8619	62.0567
16.3607	59.8619	62.0676
16.3706	59.2795	62.0787
16.3807	59.1963	62.0897
16.3907	59.3627	62.1009
16.4007	59.3627	62.1121
16.4107	59.6123	62.1233
16.4207	60.0283	62.1347
16.4307	59.6123	62.1460
16.4407	59.6955	62.1574
16.4507	59.3627	62.1689
16.4607	59.5291	62.1804
16.4707	59.1963	62.1920
16.4807	59.6123	62.2036
16.4908	59.6123	62.2153
16.5007	59.7787	62.2270
16.5110	59.6955	62.2387
16.5208	59.6955	62.2505
16.5307	59.5291	62.2624
16.5410	59.6123	62.2742
16.5507	59.7787	62.2861
16.5607	59.6955	62.2981
16.5709	59.6955	62.3101
16.5808	59.6123	62.3221
16.5907	59.9451	62.3342
16.6008	60.5275	62.3463
16.6107	59.6955	62.3584
16.6208	59.3627	62.3706
16.6308	59.6955	62.3829
16.6408	59.4459	62.3951
16.6508	59.6123	62.4074
16.6608	60.1115	62.4198
16.6708	60.0283	62.4321
16.6809	60.1115	62.4445
16.6908	59.5291	62.4570
16.7008	60.3611	62.4695
16.7108	59.6123	62.4820
16.7208	60.3611	62.4945
16.7308	59.6955	62.5071
16.7408	60.0283	62.5197
16.7510	59.6955	62.5323
16.7608	59.8619	62.5450
16.7709	59.9451	62.5577
16.7810	59.9451	62.5704
16.7908	59.6955	62.5832
16.8009	60.0283	62.5959
16.8108	60.1947	62.6087
16.8211	60.1947	62.6215
16.8309	59.7787	62.6344
16.8409	60.0283	62.6473
16.8509	59.9451	62.6602
16.8610	60.1947	62.6731
16.8709	59.5291	62.6860
16.8810	60.1115	62.6990
16.8909	59.5291	62.7120
16.9010	59.6955	62.7250
16.9109	59.6955	62.7380
16.9210	59.8619	62.7511
16.9309	60.0283	62.7642
16.9410	59.8619	62.7773
16.9510	59.6955	62.7903
16.9609	60.3611	62.8035
16.9710	59.6955	62.8166
16.9811	60.7772	62.8297
16.9909	60.3611	62.8429
17.0010	59.5291	62.8560
17.0110	59.6955	62.8692
17.0209	60.1947	62.8824
17.0310	60.1947	62.8956
17.0410	60.1947	62.9088
17.0509	60.1947	62.9220
17.0610	60.1947	62.9353
17.0710	59.6123	62.9485
17.0810	59.8619	62.9618
17.0910	60.0283	62.9750
17.1010	59.5291	62.9883
17.1110	59.8619	63.0016
17.1211	59.8619	63.0149
17.1310	60.3611	63.0281
17.1410	60.2779	63.0414
17.1511	60.1947	63.0547
17.1609	59.5291	63.0680
17.1709	60.6940	63.0814
17.1810	60.2779	63.0947
17.1911	59.8619	63.1080
17.2011	60.1115	63.1213
17.2110	59.8619	63.1346
17.2211	59.8619	63.1479
17.2313	60.5275	63.1613
17.2409	60.0283	63.1746
17.2509	59.4459	63.1879
17.2610	60.0283	63.2012
17.2710	59.9451	63.2145
17.2810	59.4459	63.2278
17.2910	60.1947	63.2411
17.3010	59.4459	63.2544
17.3110	60.0283	63.2677
17.3210	60.1115	63.2810
17.3310	60.6107	63.2943
17.3411	60.2779	63.3077
17.3511	60.6940	63.3210
17.3610	60.2779	63.3343
17.3710	60.5275	63.3476
17.3811	60.0283	63.3609
17.3911	60.4443	63.3742
17.4010	60.1115	63.3875
17.4111	60.7772	63.4008
17.4211	60.5275	63.4141
17.4311	60.2779	63.4274
17.4411	60.3611	63.4407
17.4513	60.5275	63.4540
17.4610	59.6123	63.4673
17.4711	59.9451	63.4806
17.4811	60.3611	63.4939
17.4911	60.5275	63.5073
17.5010	60.5275	63.5206
17.5111	60.6107	63.5339
17.5210	60.7772	63.5472
17.5311	60.7772	63.5606
17.5410	60.6940	63.5739
17.5511	61.0268	63.5872
17.5611	60.3611	63.6006
17.5711	60.6940	63.6139
17.5810	60.6940	63.6272
17.5912	60.4443	63.6406
17.6012	60.3611	63.6539
17.6112	60.6107	63.6672
17.6211	60.7772	63.6806
17.6313	60.9436	63.6939
17.6403	60.6940	63.7073
17.6503	60.6940	63.7206
17.6612	60.3611	63.7340
17.6713	60.6107	63.7473
17.6812	60.7772	63.7607
17.6912	60.6107	63.7740
17.7003	60.1947	63.7874
17.7122	60.5275	63.8008
17.7212	60.6940	63.8141
17.7313	60.7772	63.8275
17.7412	61.4428	63.8409
17.7512	60.3611	63.8542
17.7612	60.8604	63.8676
17.7702	61.0268	63.8809
17.7812	61.2764	63.8943
17.7913	60.4443	63.9077
17.8013	60.2779	63.9211
17.8113	60.6940	63.9344
17.8213	60.6940	63.9478
17.8302	60.6107	63.9612
17.8404	60.6107	63.9746
17.8514	60.6940	63.9880
17.8613	61.1100	64.0014
17.8713	60.2779	64.0147
17.8813	60.5275	64.0281
17.8902	60.5275	64.0415
17.9003	60.6940	64.0549
17.9112	61.0268	64.0683
17.9212	61.0268	64.0817
17.9312	60.3611	64.0950
17.9413	61.0268	64.1084
17.9512	60.5275	64.1218
17.9602	60.6940	64.1352
17.9713	60.9436	64.1486
17.9812	60.7772	64.1620
17.9912	61.3596	64.1754
18.0012	60.6940	64.1888
18.0102	60.9436	64.2022
18.0202	61.3596	64.2157
18.0314	61.1932	64.2291
18.0413	61.3596	64.2425
18.0514	60.6940	64.2559
18.0613	60.2779	64.2694
18.0703	61.9421	64.2828
18.0803	61.1932	64.2962
18.0902	61.0268	64.3097
18.1013	61.6925	64.3231
18.1112	61.0268	64.3366
18.1212	60.8604	64.3500
18.1313	61.3596	64.3635
18.1403	61.0268	64.3770
18.1502	60.6940	64.3904
18.1614	61.1932	64.4039
18.1714	60.9436	64.4174
18.1813	61.3596	64.4308
18.1913	61.1100	64.4443
18.2003	61.0268	64.4577
18.2103	61.6925	64.4712
18.2213	61.0268	64.4847
18.2313	60.8604	64.4981
18.2413	60.8604	64.5116
18.2514	61.0268	64.5250
18.2605	60.5275	64.5385
18.2703	60.7772	64.5520
18.2803	61.1932	64.5654
18.2914	61.1932	64.5789
18.3014	61.1932	64.5924
18.3113	61.6925	64.6059
18.3203	61.5261	64.6194
18.3304	61.2764	64.6329
18.3403	61.6925	64.6463
18.3513	61.1932	64.6598
18.3614	61.6925	64.6733
18.3713	61.3596	64.6869
18.3803	61.1932	64.7004
18.3904	61.6093	64.7139
18.4004	60.8604	64.7274
18.4113	61.4428	64.7409
18.4213	61.1932	64.7544
18.4314	60.6107	64.7680
18.4409	61.1932	64.7815
18.4504	61.5261	64.7950
18.4603	61.1100	64.8086
18.4713	61.5261	64.8221
18.4814	62.1086	64.8356
18.4914	60.6940	64.8492
18.5004	61.2764	64.8627
18.5105	61.4428	64.8762
18.5203	61.0268	64.8898
18.5304	61.6925	64.9033
18.5414	61.0268	64.9168
18.5514	61.6925	64.9303
18.5606	61.1100	64.9439
18.5704	61.1932	64.9574
18.5804	61.6925	64.9709
18.5906	62.0254	64.9844
18.6015	61.3596	64.9979
18.6114	61.1100	65.0115
18.6205	61.9421	65.0250
18.6305	61.3596	65.0385
18.6404	61.5261	65.0520
18.6504	61.5261	65.0656
18.6614	61.7757	65.0791
18.6715	61.8589	65.0926
18.6805	61.4428	65.1061
18.6905	60.6940	65.1197
18.7004	61.4428	65.1332
18.7107	61.6093	65.1467
18.7205	61.9421	65.1602
18.7314	61.1932	65.1737
18.7406	61.6093	65.1873
18.7505	61.8589	65.2008
18.7605	62.0254	65.2143
18.7706	61.4428	65.2279
18.7806	62.1086	65.2414
18.7915	62.3582	65.2550
18.8005	62.2750	65.2686
18.8105	62.2750	65.2821
18.8205	62.1086	65.2957
18.8306	62.4414	65.3092
18.8405	61.6925	65.3228
18.8515	62.5247	65.3364
18.8615	61.7757	65.3499
18.8705	61.5261	65.3635
18.8805	61.4428	65.3770
18.8905	62.1086	65.3905
18.9006	61.8589	65.4041
18.9116	62.1086	65.4176
18.9215	62.1086	65.4311
18.9305	62.2750	65.4446
18.9405	61.9421	65.4581
18.9506	62.3582	65.4716
18.9606	62.4414	65.4851
18.9706	61.9421	65.4985
18.9817	61.5261	65.5120
18.9906	61.9421	65.5254
19.0006	61.3596	65.5388
19.0106	61.9421	65.5522
19.0210	62.4414	65.5656
19.0306	61.7757	65.5790
19.0416	62.2750	65.5923
19.0506	62.1918	65.6056
19.0606	62.4414	65.6189
19.0705	62.1086	65.6322
19.0807	62.4414	65.6455
19.0907	61.7757	65.6587
19.1016	62.6079	65.6719
19.1107	62.4414	65.6851
19.1206	61.9421	65.6982
19.1306	61.3596	65.7113
19.1407	62.9408	65.7244
19.1507	62.1086	65.7375
19.1606	62.1086	65.7505
19.1707	62.0254	65.7636
19.1807	62.5247	65.7765
19.1906	63.1072	65.7895
19.2007	62.3582	65.8024
19.2109	62.2750	65.8153
19.2213	62.7743	65.8282
19.2307	62.4414	65.8410
19.2409	62.5247	65.8538
19.2507	62.2750	65.8665
19.2608	62.4414	65.8793
19.2707	63.0240	65.8919
19.2807	62.3582	65.9046
19.2907	61.8589	65.9172
19.3007	62.1918	65.9298
19.3107	62.4414	65.9423
19.3207	62.4414	65.9548
19.3300	62.9408	65.9673
19.3407	62.1086	65.9798
19.3507	62.5247	65.9921
19.3607	62.3582	66.0045
19.3707	61.8589	66.0168
19.3807	62.2750	66.0291
19.3907	62.6911	66.0413
19.4007	62.4414	66.0535
19.4107	62.6911	66.0657
19.4208	62.7743	66.0778
19.4308	62.0254	66.0898
19.4408	62.5247	66.1019
19.4508	61.7757	66.1138
19.4608	62.0254	66.1258
19.4708	63.0240	66.1377
19.4808	62.9408	66.1495
19.4909	62.1918	66.1613
19.5008	62.8576	66.1731
19.5108	62.1918	66.1848
19.5209	62.7743	66.1964
19.5309	63.2737	66.2081
19.5409	62.6911	66.2196
19.5508	62.7743	66.2311
19.5609	62.7743	66.2426
19.5710	62.9408	66.2540
19.5809	62.3582	66.2654
19.5909	62.6911	66.2767
19.6009	62.7743	66.2879
19.6109	62.9408	66.2991
19.6209	62.5247	66.3103
19.6309	62.0254	66.3214
19.6409	63.1072	66.3324
19.6508	62.4414	66.3434
19.6609	62.9408	66.3543
19.6709	62.6911	66.3651
19.6808	63.0240	66.3759
19.6909	62.9408	66.3867
19.7009	62.6079	66.3974
19.7108	62.6079	66.4080
19.7209	62.6079	66.4185
19.7308	63.1072	66.4291
19.7408	62.9408	66.4395
19.7508	63.0240	66.4499
19.7609	62.9408	66.4602
19.7709	62.9408	66.4705
19.7808	62.4414	66.4807
19.7908	62.6911	66.4908
19.8009	62.2750	66.5009
19.8110	63.1072	66.5109
19.8209	62.6079	66.5209
19.8310	63.1072	66.5308
19.8409	62.7743	66.5406
19.8509	63.1905	66.5504
19.8609	63.2737	66.5602
19.8710	63.1072	66.5698
19.8809	62.8576	66.5795
19.8912	62.9408	66.5890
19.9010	63.2737	66.5985
19.9109	63.1072	66.6080
19.9210	62.7743	66.6174
19.9310	63.2737	66.6268
19.9409	62.9408	66.6361
19.9512	63.1072	66.6453
19.9609	63.1072	66.6545
19.9709	62.7743	66.6636
19.9810	63.1072	66.6727
19.9909	63.1905	66.6818
20.0009	62.9408	66.6908
20.0110	63.6066	66.6997
20.0209	62.9408	66.7086
20.0309	62.9408	66.7174
20.0410	62.9408	66.7262
20.0510	63.1072	66.7349
20.0610	63.1072	66.7436
20.0710	62.6911	66.7523
20.0811	63.0240	66.7608
20.0910	63.0240	66.7694
20.1010	63.2737	66.7778
20.1111	62.6911	66.7863
20.1210	62.9408	66.7946
20.1312	63.4401	66.8029
20.1411	63.1072	66.8112
20.1510	63.1072	66.8194
20.1612	62.9408	66.8276
20.1711	62.9408	66.8357
20.1811	62.5247	66.8438
20.1910	63.1072	66.8518
20.2010	63.2737	66.8598
20.2110	63.0240	66.8677
20.2210	63.6066	66.8755
20.2311	63.3569	66.8834
20.2411	62.8576	66.8911
20.2511	62.7743	66.8988
20.2610	62.6911	66.9065
20.2711	63.1905	66.9141
20.2810	63.1905	66.9216
20.2911	63.1905	66.9291
20.3011	63.0240	66.9366
20.3111	63.1905	66.9440
20.3211	63.1072	66.9513
20.3311	62.9408	66.9586
20.3413	62.6079	66.9659
20.3502	63.1905	66.9731
20.3612	62.9408	66.9803
20.3712	63.0240	66.9874
20.3811	63.4401	66.9944
20.3915	63.0240	67.0014
20.4011	62.6911	67.0084
20.4102	62.9408	67.0153
20.4212	63.1905	67.0222
20.4312	63.1905	67.0290
20.4413	63.6898	67.0358
20.4512	62.7743	67.0425
20.4612	63.3569	67.0492
20.4702	63.4401	67.0558
20.4803	63.4401	67.0624
20.4911	63.6066	67.0690
20.5012	63.1072	67.0755
20.5112	63.4401	67.0820
20.5212	62.7743	67.0884
20.5302	62.9408	67.0947
20.5402	63.6066	67.1011
20.5511	63.1072	67.1073
20.5612	62.9408	67.1136
20.5712	62.6911	67.1198
20.5811	63.1072	67.1259
20.5903	63.3569	67.1320
20.6003	63.0240	67.1381
20.6111	63.2737	67.1442
20.6214	63.5234	67.1501
20.6312	63.4401	67.1561
20.6411	63.4401	67.1620
20.6512	63.4401	67.1679
20.6602	63.6898	67.1738
20.6712	63.2737	67.1796
20.6812	62.8576	67.1853
20.6912	62.9408	67.1911
20.7013	63.1072	67.1968
20.7111	63.1072	67.2024
20.7202	63.4401	67.2081
20.7302	64.1892	67.2137
20.7412	63.0240	67.2192
20.7512	63.4401	67.2248
20.7613	63.1905	67.2303
20.7713	63.3569	67.2357
20.7802	63.4401	67.2412
20.7903	63.0240	67.2466
20.8012	62.9408	67.2520
20.8112	63.4401	67.2573
20.8212	63.4401	67.2626
20.8312	63.4401	67.2679
20.8404	63.2737	67.2732
20.8503	63.6066	67.2784
20.8612	63.1072	67.2836
20.8712	63.5234	67.2888
20.8813	63.7731	67.2939
20.8912	63.1072	67.2991
20.9002	63.2737	67.3042
20.9103	63.6066	67.3092
20.9202	63.4401	67.3143
20.9313	63.1072	67.3193
20.9413	63.2737	67.3243
20.9512	62.8576	67.3292
20.9605	62.9408	67.3342
20.9704	63.1072	67.3391
20.9802	63.6066	67.3440
20.9914	63.4401	67.3488
21.0014	63.2737	67.3537
21.0112	63.3569	67.3585
21.0204	63.6066	67.3633
21.0304	63.6066	67.3681
21.0404	63.7731	67.3728
21.0517	63.8563	67.3775
21.0614	63.2737	67.3823
21.0713	63.1072	67.3869
21.0805	63.2737	67.3916
21.0904	62.7743	67.3963
21.1004	63.3569	67.4009
21.1114	63.4401	67.4055
21.1214	63.1072	67.4101
21.1314	63.7731	67.4147
21.1404	63.7731	67.4193
21.1503	63.6066	67.4238
21.1604	63.6066	67.4284
21.1704	63.2737	67.4329
21.1814	62.9408	67.4374
21.1913	63.0240	67.4419
21.2014	63.4401	67.4463
21.2104	63.3569	67.4508
21.2203	63.2737	67.4552
21.2304	62.9408	67.4596
21.2414	63.2737	67.4640
21.2514	63.1072	67.4684
21.2614	63.2737	67.4728
21.2704	63.5234	67.4771
21.2804	63.3569	67.4815
21.2903	64.1060	67.4858
21.3014	63.4401	67.4902
21.3115	63.1072	67.4945
21.3204	62.6079	67.4988
21.3310	63.4401	67.5031
21.3404	63.6066	67.5074
21.3504	63.4401	67.5116
21.3604	63.4401	67.5159
21.3714	63.4401	67.5202
21.3814	63.5234	67.5244
21.3906	63.6898	67.5286
21.4004	63.6066	67.5329
21.4104	63.1072	67.5371
21.4205	63.4401	67.5413
21.4314	63.9395	67.5455
21.4415	63.6066	67.5497
21.4505	63.2737	67.5539
21.4605	63.7731	67.5581
21.4706	63.8563	67.5623
21.4806	63.4401	67.5665
21.4916	63.1072	67.5707
21.5015	63.1905	67.5748
21.5106	63.2737	67.5790
21.5205	62.9408	67.5832
21.5304	63.6066	67.5874
21.5405	63.6066	67.5915
21.5515	63.1072	67.5957
21.5615	63.3569	67.5999
21.5705	63.4401	67.6041
21.5805	63.5234	67.6082
21.5905	63.9395	67.6124
21.6006	63.7731	67.6166
21.6106	62.9408	67.6208
21.6215	62.9408	67.6250
21.6305	62.8576	67.6291
21.6405	63.4401	67.6333
21.6505	63.2737	67.6375
21.6606	63.7731	67.6417
21.6706	63.6066	67.6459
21.6815	63.6066	67.6501
21.6907	63.4401	67.6543
21.7005	62.9408	67.6585
21.7106	63.6898	67.6627
21.7205	63.6898	67.6670
21.7305	63.0240	67.6712
21.7416	63.6898	67.6754
21.7515	63.6066	67.6796
21.7605	63.6066	67.6838
21.7707	63.7731	67.6881
21.7806	63.3569	67.6923
21.7906	63.6066	67.6965
21.8007	63.4401	67.7007
21.8116	63.4401	67.7050
21.8205	63.2737	67.7092
21.8307	63.7731	67.7134
21.8407	63.4401	67.7176
21.8506	63.5234	67.7219
21.8606	62.6911	67.7261
21.8716	63.4401	67.7303
21.8808	63.2737	67.7345
21.8906	63.3569	67.7387
21.9006	62.9408	67.7430
21.9110	63.5234	67.7472
21.9206	63.4401	67.7514
21.9316	63.5234	67.7556
21.9406	62.9408	67.7598
21.9506	63.2737	67.7641
21.9607	63.4401	67.7683
21.9711	63.9395	67.7725
21.9807	63.6066	67.7767
21.9916	63.2737	67.7809
22.0008	63.5234	67.7852
22.0107	63.1905	67.7894
22.0207	63.7731	67.7936
22.0308	63.6066	67.7978
22.0407	63.6066	67.8021
22.0507	63.2737	67.8063
22.0607	63.7731	67.8105
22.0707	63.1905	67.8147
22.0806	63.2737	67.8189
22.0908	63.3569	67.8232
22.1007	63.3569	67.8274
22.1107	63.4401	67.8316
22.1209	63.6898	67.8358
22.1307	63.7731	67.8401
22.1407	63.2737	67.8443
22.1509	63.6066	67.8485
22.1607	63.6066	67.8528
22.1709	63.4401	67.8570
22.1809	63.3569	67.8612
22.1907	63.2737	67.8654
22.2008	62.9408	67.8697
22.2108	63.2737	67.8739
22.2207	63.4401	67.8781
22.2307	62.7743	67.8823
22.2409	63.4401	67.8866
22.2507	63.7731	67.8908
22.2608	63.2737	67.8950
22.2709	63.6898	67.8993
22.2807	63.5234	67.9035
22.2908	63.1905	67.9077
22.3008	63.4401	67.9120
22.3107	63.7731	67.9162
22.3208	63.1072	67.9204
22.3308	63.8563	67.9247
22.3407	63.4401	67.9289
22.3508	63.5234	67.9331
22.3608	63.9395	67.9374
22.3708	63.4401	67.9416
22.3808	63.0240	67.9458
22.3908	63.5234	67.9501
22.4008	63.2737	67.9543
22.4108	63.3569	67.9586
22.4208	63.4401	67.9628
22.4308	63.6066	67.9671
22.4408	63.4401	67.9713
22.4508	63.2737	67.9756
22.4608	63.5234	67.9798
22.4708	62.9408	67.9841
22.4807	63.6066	67.9883
22.4908	63.4401	67.9926
22.5008	63.6066	67.9968
22.5108	63.6066	68.0011
22.5210	63.6898	68.0053
22.5309	63.5234	68.0096
22.5408	63.4401	68.0139
22.5509	63.1072	68.0181
22.5600	63.2737	68.0224
22.5708	63.3569	68.0267
22.5809	63.8563	68.0309
22.5909	63.5234	68.0352
22.6008	63.4401	68.0395
22.6109	63.1072	68.0438
22.6208	63.7731	68.0480
22.6308	64.1060	68.0523
22.6409	63.6066	68.0566
22.6509	63.6066	68.0609
22.6609	63.7731	68.0652
22.6709	63.4401	68.0695
22.6809	63.6066	68.0738
22.6909	63.6066	68.0781
22.7009	63.1072	68.0824
22.7109	63.6066	68.0867
22.7209	63.6898	68.0910
22.7309	63.6066	68.0952
22.7409	63.4401	68.0996
22.7509	63.6066	68.1039
22.7610	63.8563	68.1082
22.7710	63.7731	68.1125
22.7810	63.5234	68.1168
22.7910	63.7731	68.1211
22.8010	63.3569	68.1254
22.8110	63.4401	68.1297
22.8211	63.3569	68.1340
22.8309	63.1072	68.1383
22.8410	63.6066	68.1427
22.8509	63.2737	68.1470
22.8609	63.3569	68.1513
22.8710	63.1905	68.1556
22.8810	63.6898	68.1600
22.8909	63.5234	68.1643
22.9010	63.5234	68.1686
22.9109	63.6066	68.1729
22.9209	63.1905	68.1773
22.9310	63.4401	68.1816
22.9411	63.6066	68.1860
22.9510	63.3569	68.1903
22.9610	63.1905	68.1946
22.9709	63.8563	68.1990
22.9810	64.0228	68.2033
22.9910	63.0240	68.2077
23.0010	63.6898	68.2120
23.0110	63.9395	68.2164
23.0210	63.4401	68.2207
23.0310	63.6898	68.2251
23.0409	63.7731	68.2295
23.0512	63.5234	68.2338
23.0610	63.5234	68.2382
23.0710	63.7731	68.2425
23.0811	63.5234	68.2469
23.0911	63.4401	68.2513
23.1011	63.1905	68.2556
23.1101	63.5234	68.2600
23.1201	63.6898	68.2644
23.1311	63.2737	68.2687
23.1411	63.7731	68.2731
23.1511	63.2737	68.2775
23.1612	63.5234	68.2819
23.1712	63.3569	68.2862
23.1801	63.6898	68.2906
23.1912	63.6066	68.2950
23.2012	63.9395	68.2994
23.2112	63.1072	68.3038
23.2214	63.3569	68.3082
23.2311	63.2737	68.3125
23.2402	63.4401	68.3169
23.2512	63.4401	68.3213
23.2611	63.3569	68.3257
23.2712	63.1905	68.3301
23.2811	63.6898	68.3345
23.2911	63.7731	68.3389
23.3002	63.5234	68.3433
23.3112	63.1905	68.3477
23.3212	63.1905	68.3521
23.3312	63.3569	68.3565
23.3411	63.6066	68.3609
23.3511	62.9408	68.3653
23.3611	63.0240	68.3697
23.3701	62.7743	68.3741
23.3811	63.3569	68.3785
23.3912	63.4401	68.3830
23.4012	63.9395	68.3874
23.4111	63.6066	68.3918
23.4212	63.6898	68.3962
23.4302	63.7731	68.4006
23.4412	63.6066	68.4051
23.4513	63.0240	68.4095
23.4614	63.2737	68.4139
23.4711	63.9395	68.4184
23.4811	63.2737	68.4228
23.4901	63.2737	68.4272
23.5011	63.7731	68.4317
23.5113	62.9408	68.4361
23.5212	63.6898	68.4406
23.5311	64.0228	68.4450
23.5412	63.4401	68.4495
23.5501	63.1072	68.4539
23.5602	63.4401	68.4583
23.5713	63.1072	68.4628
23.5812	62.7743	68.4673
23.5912	63.6066	68.4717
23.6012	63.3569	68.4762
23.6103	63.1905	68.4806
23.6203	63.2737	68.4851
23.6312	63.6898	68.4895
23.6412	63.7731	68.4940
23.6512	63.8563	68.4985
23.6612	63.1072	68.5029
23.6702	63.3569	68.5074
23.6803	63.5234	68.5119
23.6913	63.0240	68.5164
23.7012	63.6898	68.5208
23.7112	63.1905	68.5253
23.7212	63.2737	68.5298
23.7299	62.8576	68.5343
23.7403	63.7731	68.5388
23.7512	63.4401	68.5433
23.7612	63.6066	68.5478
23.7712	63.3569	68.5522
23.7812	63.4401	68.5567
23.7902	63.2737	68.5612
23.8003	63.6066	68.5657
23.8103	63.0240	68.5702
23.8212	63.4401	68.5747
23.8313	63.8563	68.5792
23.8412	63.2737	68.5837
23.8504	63.3569	68.5883
23.8603	63.5234	68.5928
23.8702	63.3569	68.5973
23.8813	63.2737	68.6018
23.8912	62.9408	68.6063
23.9013	63.6066	68.6108
23.9104	63.4401	68.6154
23.9204	63.1072	68.6199
23.9303	63.4401	68.6244
23.9413	63.6066	68.6289
23.9513	63.5234	68.6335
23.9613	63.0240	68.6380
23.9704	63.5234	68.6425
23.9804	63.9395	68.6471
23.9903	63.3569	68.6516
24.0004	63.4401	68.6561
24.0114	63.6066	68.6607
24.0213	63.0240	68.6652
24.0305	63.2737	68.6698
24.0405	63.6066	68.6743
24.0504	63.4401	68.6789
24.0605	63.6898	68.6834
24.0715	63.1905	68.6880
24.0814	63.8563	68.6925
24.0905	63.7731	68.6971
24.1005	63.7731	68.7016
24.1105	63.4401	68.7062
24.1205	63.3569	68.7108
24.1314	63.1072	68.7153
24.1415	63.2737	68.7199
24.1504	63.3569	68.7245
24.1604	63.7731	68.7290
24.1704	63.5234	68.7336
24.1806	64.1060	68.7382
24.1915	63.6898	68.7427
24.2015	64.0228	68.7473
24.2105	63.1072	68.7519
24.2204	63.6898	68.7565
24.2306	63.4401	68.7611
24.2404	62.9408	68.7657
24.2505	63.4401	68.7702
24.2615	63.2737	68.7748
24.2715	63.1905	68.7794
24.2805	63.6066	68.7840
24.2905	63.4401	68.7886
24.3005	63.6066	68.7932
24.3104	63.3569	68.7978
24.3216	63.8563	68.8024
24.3314	63.4401	68.8070
24.3405	63.6898	68.8116
24.3505	63.1905	68.8162
24.3604	63.1072	68.8208
24.3705	63.6898	68.8254
24.3816	63.3569	68.8301
24.3914	63.9395	68.8347
24.4005	63.7731	68.8393
24.4105	63.7731	68.8439
24.4204	63.7731	68.8485
24.4306	63.6898	68.8531
24.4405	63.2737	68.8577
24.4515	64.0228	68.8624
24.4606	63.4401	68.8670
24.4705	63.8563	68.8716
24.4805	62.6911	68.8762
24.4906	63.7731	68.8809
24.5005	63.1072	68.8855
24.5115	63.6066	68.8902
24.5205	64.1060	68.8948
24.5306	63.2737	68.8994
24.5405	63.4401	68.9041
24.5506	63.0240	68.9087
24.5606	63.7731	68.9134
24.5715	63.0240	68.9181
24.5806	63.6066	68.9227
24.5905	63.3569	68.9274
24.6006	63.7731	68.9320
24.6106	63.2737	68.9367
24.6206	63.6066	68.9414
24.6315	63.2737	68.9460
24.6406	63.6066	68.9507
24.6506	63.4401	68.9554
24.6606	63.9395	68.9600
24.6706	62.7743	68.9647
24.6805	63.1072	68.9694
24.6907	63.6066	68.9740
24.7006	64.1060	68.9787
24.7106	63.1072	68.9834
24.7206	63.2737	68.9881
24.7307	62.9408	68.9928
24.7406	63.6066	68.9974
24.7507	63.1905	69.0021
24.7607	63.5234	69.0068
24.7706	63.4401	69.0115
24.7806	63.2737	69.0162
24.7906	63.5234	69.0209
24.8006	62.6079	69.0256
24.8106	63.3569	69.0303
24.8206	63.1905	69.0349
24.8306	63.6066	69.0396
24.8406	63.5234	69.0443
24.8519	63.6066	69.0490
24.8606	63.6898	69.0537
24.8706	63.9395	69.0584
24.8806	63.2737	69.0631
24.8907	62.7743	69.0679
24.9006	63.1072	69.0726
24.9107	63.4401	69.0773
24.9207	63.2737	69.0820
24.9307	63.5234	69.0867
24.9407	63.4401	69.0914
24.9507	63.1072	69.0961
24.9607	63.6898	69.1009
24.9706	62.9408	69.1056
24.9808	63.3569	69.1103
24.9907	63.3569	69.1150
25.0007	63.1072	69.1197
25.0107	63.1905	69.1245
25.0207	64.1892	69.1292
25.0307	63.2737	69.1339
25.0407	63.2737	69.1387
25.0507	63.9395	69.1434
25.0607	63.2737	69.1481
25.0707	62.8576	69.1529
25.0807	63.2737	69.1576
25.0907	63.4401	69.1623
25.1008	63.6066	69.1671
25.1107	62.9408	69.1718
25.1207	63.1905	69.1766
25.1307	63.7731	69.1813
25.1408	63.5234	69.1861
25.1507	63.1072	69.1908
25.1608	63.8563	69.1956
25.1707	63.6898	69.2003
25.1808	63.6066	69.2051
25.1908	63.4401	69.2098
25.2008	63.7731	69.2146
25.2107	63.3569	69.2193
25.2209	63.1072	69.2241
25.2308	63.6898	69.2288
25.2409	63.6898	69.2336
25.2509	64.1060	69.2384
25.2608	63.1072	69.2432
25.2708	63.2737	69.2479
25.2809	63.7731	69.2527
25.2908	63.6898	69.2575
25.3009	62.9408	69.2623
25.3109	63.7731	69.2670
25.3208	63.5234	69.2718
25.3308	63.6066	69.2766
25.3411	63.4401	69.2814
25.3509	63.6066	69.2862
25.3609	63.7731	69.2910
25.3708	62.9408	69.2958
25.3808	63.5234	69.3006
25.3908	62.8576	69.3054
25.4008	63.4401	69.3102
25.4108	63.2737	69.3150
25.4208	63.1072	69.3198
25.4308	63.6066	69.3246
25.4408	63.7731	69.3294
25.4508	63.6066	69.3342
25.4609	63.6898	69.3390
25.4709	63.4401	69.3439
25.4809	63.6066	69.3487
25.4909	63.6898	69.3535
25.5009	63.3569	69.3583
25.5109	63.3569	69.3632
25.5209	63.6898	69.3680
25.5309	63.4401	69.3728
25.5409	63.8563	69.3777
25.5509	63.1072	69.3825
25.5608	63.4401	69.3874
25.5709	63.4401	69.3922
25.5809	63.5234	69.3970
25.5909	62.6079	69.4019
25.6009	62.9408	69.4067
25.6109	64.1060	69.4116
25.6209	63.7731	69.4164
25.6310	63.1072	69.4213
25.6409	63.3569	69.4261
25.6509	63.3569	69.4310
25.6609	63.4401	69.4358
25.6709	63.5234	69.4407
25.6810	63.1072	69.4456
25.6910	63.6898	69.4504
25.7009	63.5234	69.4553
25.7110	63.6898	69.4601
25.7210	63.1072	69.4650
25.7310	63.0240	69.4699
25.7410	63.6898	69.4747
25.7511	63.2737	69.4796
25.7601	63.6066	69.4845
25.7712	62.7743	69.4894
25.7811	63.2737	69.4942
25.7911	63.8563	69.4991
25.8011	63.5234	69.5040
25.8111	63.4401	69.5089
25.8202	63.7731	69.5138
25.8312	63.4401	69.5187
25.8411	63.3569	69.5236
25.8512	63.2737	69.5284
25.8611	63.5234	69.5333
25.8711	63.9395	69.5382
25.8803	62.9408	69.5431
25.8912	63.7731	69.5481
25.9011	63.4401	69.5530
25.9112	63.9395	69.5579
25.9211	63.2737	69.5628
25.9313	63.2737	69.5677
25.9411	63.4401	69.5726
25.9511	63.7731	69.5776
25.9615	63.6066	69.5825
25.9711	63.2737	69.5874
25.9810	63.6066	69.5923
25.9910	63.5234	69.5972
26.0010	63.1072	69.6022
26.0102	63.8563	69.6071
26.0211	63.6066	69.6120
26.0311	63.4401	69.6169
26.0410	63.7731	69.6219
26.0511	63.6066	69.6268
26.0610	63.7731	69.6317
26.0701	63.2737	69.6367
26.0811	63.4401	69.6417
26.0931	63.6066	69.6466
26.1011	63.8563	69.6516
26.1111	63.4401	69.6565
26.1210	63.2737	69.6615
26.1301	64.2725	69.6664
26.1411	63.5234	69.6713
26.1511	63.1072	69.6763
26.1611	63.2737	69.6812
26.1712	62.6079	69.6862
26.1811	63.7731	69.6912
26.1901	63.6898	69.6961
26.2001	63.6898	69.7011
26.2111	63.4401	69.7061
26.2211	64.0228	69.7111
26.2311	63.2737	69.7161
26.2411	63.3569	69.7210
26.2501	63.5234	69.7260
26.2602	62.7743	69.7310
26.2711	63.6066	69.7360
26.2812	63.6898	69.7409
26.2912	63.1072	69.7459
26.3012	63.2737	69.7509
26.3103	64.0228	69.7559
26.3202	63.6066	69.7609
26.3311	62.8576	69.7659
26.3412	63.1072	69.7709
26.3512	63.6066	69.7759
26.3612	63.1072	69.7809
26.3702	63.2737	69.7859
26.3802	63.1072	69.7909
26.3912	62.6079	69.7959
26.4012	63.4401	69.8010
26.4111	63.2737	69.8060
26.4212	63.3569	69.8110
26.4302	63.7731	69.8160
26.4402	63.6066	69.8210
26.4502	63.6898	69.8261
26.4612	63.6066	69.8311
26.4712	63.1905	69.8361
26.4811	63.6898	69.8411
26.4902	63.2737	69.8462
26.5002	63.4401	69.8512
26.5103	63.6898	69.8562
26.5212	63.6066	69.8613
26.5312	63.2737	69.8663
26.5412	63.6898	69.8713
26.5504	63.6066	69.8763
26.5603	63.6066	69.8814
26.5704	63.6066	69.8864
26.5812	63.2737	69.8915
26.5912	63.5234	69.8965
26.6013	63.4401	69.9015
26.6103	63.1905	69.9066
26.6204	63.1072	69.9116
26.6304	63.6066	69.9167
26.6402	63.4401	69.9217
26.6514	63.2737	69.9268
26.6614	63.4401	69.9319
26.6714	63.9395	69.9369
26.6803	63.0240	69.9420
26.6904	63.6066	69.9470
26.7002	63.6066	69.9521
26.7119	63.5234	69.9572
26.7213	63.4401	69.9622
26.7312	63.7731	69.9673
26.7404	63.3569	69.9724
26.7505	63.1905	69.9774
26.7603	63.3569	69.9825
26.7714	62.8576	69.9876
26.7813	63.4401	69.9927
26.7913	63.3569	69.9978
26.8003	64.1060	70.0028
26.8103	63.0240	70.0079
26.8203	63.2737	70.0130
26.8313	63.6898	70.0181
26.8413	63.4401	70.0232
26.8514	63.9395	70.0283
26.8603	63.3569	70.0334
26.8703	63.4401	70.0385
26.8803	63.5234	70.0436
26.8904	63.6898	70.0487
26.9013	63.7731	70.0538
26.9113	63.3569	70.0589
26.9204	64.1892	70.0640
26.9305	63.8563	70.0691
26.9404	63.4401	70.0742
26.9504	63.5234	70.0793
26.9613	63.8563	70.0844
26.9714	64.2725	70.0896
26.9804	63.2737	70.0947
26.9903	64.2725	70.0998
27.0004	62.9408	70.1049
27.0104	63.7731	70.1100
27.0214	63.4401	70.1152
27.0315	63.5234	70.1203
27.0404	63.3569	70.1254
27.0504	63.6898	70.1305
27.0604	63.9395	70.1357
27.0692	63.6898	70.1408
27.0804	63.6066	70.1459
27.0915	63.3569	70.1511
27.1005	63.1072	70.1562
27.1104	63.8563	70.1614
27.1205	63.5234	70.1665
27.1304	63.6066	70.1717
27.1405	63.2737	70.1768
27.1515	63.5234	70.1820
27.1605	63.6066	70.1871
27.1706	64.0228	70.1923
27.1805	63.4401	70.1974
27.1905	63.7731	70.2026
27.2005	63.1072	70.2077
27.2116	63.7731	70.2129
27.2215	63.3569	70.2181
27.2307	63.6066	70.2232
27.2406	63.4401	70.2284
27.2506	63.6898	70.2336
27.2607	63.6898	70.2387
27.2716	63.2737	70.2439
27.2816	64.1892	70.2491
27.2906	63.6066	70.2543
27.3006	63.8563	70.2595
27.3106	63.6066	70.2647
27.3207	63.7731	70.2698
27.3305	63.5234	70.2750
27.3416	63.8563	70.2802
27.3506	62.6079	70.2854
27.3606	62.9408	70.2906
27.3706	63.7731	70.2958
27.3806	63.7731	70.3010
27.3906	63.1072	70.3062
27.4016	63.5234	70.3114
27.4106	63.6066	70.3166
27.4205	63.6066	70.3218
27.4307	63.2737	70.3270
27.4407	63.9395	70.3322
27.4506	63.6898	70.3374
27.4616	64.0228	70.3426
27.4708	64.0228	70.3478
27.4806	63.9395	70.3531
27.4907	63.3569	70.3583
27.5006	63.5234	70.3635
27.5106	63.0240	70.3687
27.5207	63.6898	70.3739
27.5307	63.4401	70.3791
27.5406	63.2737	70.3844
27.5506	62.9408	70.3896
27.5606	63.2737	70.3948
27.5710	62.9408	70.4001
27.5805	63.6898	70.4053
27.5917	63.4401	70.4105
27.5991	63.1905	70.4158
27.6112	63.2737	70.4210
27.6218	63.4401	70.4262
27.6519	63.2737	70.4315
27.6606	63.2737	70.4367
27.6706	63.4401	70.4420
27.6807	63.7731	70.4472
27.6906	63.8563	70.4525
27.7007	63.1905	70.4577
27.7106	63.1072	70.4630
27.7207	62.9408	70.4682
27.7307	63.7731	70.4735
27.7407	63.4401	70.4788
27.7507	63.1905	70.4840
27.7607	63.3569	70.4893
27.7707	63.7731	70.4946
27.7807	63.2737	70.4998
27.7907	63.6898	70.5051
27.8007	63.9395	70.5104
27.8108	63.2737	70.5156
27.8207	63.2737	70.5209
27.8308	62.9408	70.5262
27.8407	63.7731	70.5315
27.8508	63.7731	70.5368
27.8608	63.1072	70.5420
27.8708	63.5234	70.5473
27.8808	63.2737	70.5526
27.8907	63.6066	70.5579
27.9007	63.2737	70.5632
27.9107	62.9408	70.5685
27.9207	63.1072	70.5738
27.9308	63.3569	70.5791
27.9410	63.3569	70.5844
27.9509	63.7731	70.5897
27.9608	63.1072	70.5950
27.9707	62.6079	70.6003
27.9808	63.6066	70.6056
27.9907	63.6066	70.6109
28.0007	63.0240	70.6162
28.0109	63.5234	70.6216
28.0208	63.5234	70.6269
28.0307	62.8576	70.6322
28.0408	63.4401	70.6375
28.0508	63.3569	70.6428
28.0607	63.1072	70.6481
28.0708	63.9395	70.6535
28.0808	63.6066	70.6588
28.0908	63.7731	70.6641
28.1008	63.6898	70.6695
28.1105	63.6066	70.6748
28.1208	63.4401	70.6802
28.1308	63.3569	70.6855
28.1403	62.9408	70.6908
28.1508	63.2737	70.6962
28.1609	63.4401	70.7015
28.1709	63.2737	70.7069
28.1809	63.3569	70.7122
28.1909	63.6898	70.7176
28.2008	63.3569	70.7229
28.2109	63.2737	70.7283
28.2209	63.2737	70.7336
28.2309	62.8576	70.7390
28.2409	63.1072	70.7443
28.2508	62.9408	70.7497
28.2608	63.2737	70.7551
28.2708	63.6898	70.7604
28.2808	63.9395	70.7658
28.2909	63.3569	70.7712
28.3009	63.9395	70.7765
28.3109	63.1072	70.7819
28.3209	63.4401	70.7873
28.3309	62.8576	70.7926
28.3408	62.6079	70.7980
28.3509	63.9395	70.8034
28.3609	63.6066	70.8088
28.3709	63.6066	70.8142
28.3809	63.4401	70.8195
28.3909	63.7731	70.8249
28.4009	63.1072	70.8303
28.4109	62.6911	70.8357
28.4214	63.6066	70.8411
28.4310	63.3569	70.8465
28.4410	63.2737	70.8519
28.4509	63.1072	70.8573
28.4609	63.1072	70.8627
28.4709	63.8563	70.8681
28.4811	63.6898	70.8735
28.4910	62.9408	70.8790
28.5010	63.6898	70.8844
28.5111	63.6066	70.8898
28.5200	63.1072	70.8952
28.5313	63.6066	70.9007
28.5410	62.6911	70.9061
28.5510	63.4401	70.9115
28.5610	63.1072	70.9170
28.5710	62.9408	70.9224
28.5810	63.6066	70.9278
28.5910	63.0240	70.9333
28.6011	63.2737	70.9387
28.6110	63.4401	70.9442
28.6211	63.0240	70.9496
28.6310	63.4401	70.9550
28.6410	63.1072	70.9605
28.6500	63.6898	70.9659
28.6610	63.5234	70.9714
28.6710	63.4401	70.9768
28.6810	62.9408	70.9823
28.6914	63.9395	70.9877
28.7010	63.9395	70.9932
28.7110	63.6066	70.9986
28.7210	63.5234	71.0041
28.7310	63.7731	71.0095
28.7408	63.1072	71.0150
28.7510	63.4401	71.0204
28.7610	63.4401	71.0259
28.7700	63.2737	71.0313
28.7810	63.1072	71.0368
28.7911	62.9408	71.0423
28.8010	63.2737	71.0477
28.8110	63.2737	71.0532
28.8210	63.7731	71.0587
28.8310	63.6066	71.0642
28.8400	63.6066	71.0696
28.8510	62.8576	71.0751
28.8611	63.7731	71.0806
28.8710	63.2737	71.0861
28.8811	63.7731	71.0915
28.8910	63.4401	71.0970
28.9000	63.4401	71.1025
28.9111	63.1072	71.1080
28.9212	62.8576	71.1134
28.9311	63.6066	71.1189
28.9410	63.1905	71.1244
28.9511	63.1072	71.1299
28.9601	63.2737	71.1354
28.9712	63.5234	71.1409
28.9811	63.1072	71.1463
28.9911	63.0240	71.1518
29.0011	63.6898	71.1573
29.0111	63.4401	71.1628
29.0201	63.7731	71.1683
29.0312	63.6066	71.1738
29.0411	63.6066	71.1793
29.0512	63.7731	71.1848
29.0612	63.2737	71.1904
29.0711	63.0240	71.1959
29.0801	63.9395	71.2014
29.0901	62.9408	71.2069
29.1011	63.6066	71.2124
29.1111	63.4401	71.2179
29.1211	63.2737	71.2234
29.1311	63.2737	71.2290
29.1401	63.2737	71.2345
29.1501	63.1072	71.2400
29.1611	62.4414	71.2455
29.1713	63.7731	71.2511
29.1812	63.7731	71.2566
29.1912	63.1072	71.2621
29.2002	63.1905	71.2676
29.2101	64.0228	71.2732
29.2212	63.1905	71.2787
29.2313	63.4401	71.2842
29.2412	63.7731	71.2898
29.2512	62.9408	71.2953
29.2603	63.4401	71.3008
29.2702	63.1072	71.3064
29.2805	63.9395	71.3119
29.2913	63.1905	71.3175
29.3013	62.4414	71.3230
29.3112	62.7743	71.3286
29.3203	62.9408	71.3341
29.3303	63.4401	71.3397
29.3402	63.6066	71.3453
29.3513	63.3569	71.3508
29.3612	63.7731	71.3564
29.3712	63.1905	71.3619
29.3813	63.7731	71.3675
29.3903	63.2737	71.3731
29.4003	63.7731	71.3786
29.4113	63.6066	71.3842
29.4212	63.5234	71.3898
29.4315	63.7731	71.3954
29.4412	63.4401	71.4009
29.4503	62.9408	71.4065
29.4604	64.1060	71.4121
29.4713	63.7731	71.4177
29.4813	63.6066	71.4233
29.4912	63.6066	71.4289
29.5002	63.2737	71.4345
29.5104	63.1072	71.4401
29.5202	63.6066	71.4456
29.5302	63.6898	71.4512
29.5413	63.3569	71.4568
29.5512	63.2737	71.4624
29.5612	63.7731	71.4680
29.5703	63.7731	71.4737
29.5802	63.6066	71.4793
29.5904	63.1072	71.4849
29.6013	63.4401	71.4905
29.6112	62.6911	71.4961
29.6212	63.4401	71.5017
29.6304	63.7731	71.5073
29.6403	62.7743	71.5129
29.6502	63.7731	71.5186
29.6613	63.4401	71.5242
29.6713	64.1060	71.5298
29.6812	62.9408	71.5355
29.6904	63.5234	71.5411
29.7003	63.1072	71.5467
29.7103	63.0240	71.5524
29.7203	63.5234	71.5580
29.7313	63.6066	71.5636
29.7414	63.8563	71.5693
29.7504	62.8576	71.5749
29.7604	64.0228	71.5806
29.7704	63.6898	71.5862
29.7804	62.9408	71.5918
29.7914	63.5234	71.5975
29.8014	63.6066	71.6031
29.8105	63.4401	71.6088
29.8203	63.3569	71.6144
29.8304	63.8563	71.6201
29.8405	63.7731	71.6257
29.8513	63.2737	71.6314
29.8615	63.1072	71.6371
29.8705	63.1072	71.6427
29.8804	63.2737	71.6484
29.8905	63.7731	71.6541
29.9005	63.3569	71.6597
29.9114	62.7743	71.6654
29.9215	63.2737	71.6711
29.9306	62.9408	71.6768
29.9405	63.2737	71.6824
29.9505	63.9395	71.6881
29.9604	63.6898	71.6938
29.9705	63.5234	71.6995
29.9815	62.9408	71.7052
29.9905	63.7731	71.7109
30.0005	62.9408	71.7165
30.0104	63.4401	71.7222
30.0204	63.6898	71.7279
30.0305	63.7731	71.7336
30.0414	63.1905	71.7393
30.0505	62.8576	71.7450
30.0604	63.3569	71.7507
30.0704	63.1072	71.7564
30.0804	64.2725	71.7621
30.0906	63.6066	71.7678
30.1015	63.1905	71.7735
30.1115	63.7731	71.7792
30.1205	63.6066	71.7850
30.1305	62.7743	71.7907
30.1404	63.6066	71.7964
30.1505	63.1072	71.8021
30.1606	63.6066	71.8078
30.1714	63.4401	71.8135
30.1806	63.4401	71.8193
30.1905	63.2737	71.8250
30.2005	63.4401	71.8307
30.2106	63.4401	71.8364
30.2208	63.5234	71.8422
30.2315	63.2737	71.8479
30.2405	63.6066	71.8536
30.2505	63.1905	71.8594
30.2606	63.5234	71.8651
30.2706	63.4401	71.8709
30.2805	63.7731	71.8766
30.2915	63.4401	71.8824
30.3005	63.4401	71.8881
30.3105	63.1072	71.8938
30.3207	63.1072	71.8996
30.3306	63.6898	71.9053
30.3405	63.7731	71.9111
30.3515	63.5234	71.9168
30.3605	63.7731	71.9226
30.3705	63.4401	71.9284
30.3806	63.9395	71.9341
30.3906	63.6066	71.9399
30.4006	62.7743	71.9456
30.4105	63.1072	71.9514
30.4205	63.6898	71.9572
30.4306	63.8563	71.9629
30.4406	63.6066	71.9687
30.4505	63.6066	71.9745
30.4606	63.2737	71.9802
30.4705	63.6898	71.9860
30.4805	63.6898	71.9918
30.4906	62.7743	71.9976
30.5007	63.0240	72.0033
30.5112	63.4401	72.0091
30.5206	63.4401	72.0149
30.5305	63.1072	72.0207
30.5406	62.9408	72.0265
30.5505	62.9408	72.0323
30.5606	63.4401	72.0381
30.5706	63.6898	72.0439
30.5806	63.1072	72.0497
30.5906	63.2737	72.0555
30.6006	63.4401	72.0613
30.6107	63.6898	72.0671
30.6206	63.4401	72.0729
30.6307	63.4401	72.0787
30.6406	63.2737	72.0845
30.6510	63.7731	72.0903
30.6607	62.6079	72.0961
30.6706	63.9395	72.1019
30.6807	64.0228	72.1077
30.6907	63.7731	72.1135
30.7006	63.6066	72.1194
30.7107	62.9408	72.1252
30.7206	63.6066	72.1310
30.7306	62.7743	72.1368
30.7406	62.9408	72.1426
30.7507	63.5234	72.1485
30.7607	63.1072	72.1543
30.7707	62.9408	72.1601
30.7807	63.2737	72.1660
30.7908	63.2737	72.1718
30.8007	63.8563	72.1776
30.8107	63.6898	72.1835
30.8207	63.2737	72.1893
30.8308	63.8563	72.1952
30.8407	63.6898	72.2010
30.8509	63.1905	72.2068
30.8608	63.6898	72.2127
30.8707	63.1072	72.2185
30.8808	63.2737	72.2244
30.8908	63.3569	72.2303
30.9008	63.4401	72.2361
30.9112	63.3569	72.2420
30.9208	63.6898	72.2478
30.9308	63.1072	72.2537
30.9408	63.2737	72.2595
30.9507	63.2737	72.2654
30.9607	63.1905	72.2713
30.9708	64.1060	72.2771
30.9807	63.9395	72.2830
30.9907	63.6898	72.2889
31.0009	63.4401	72.2948
31.0107	63.7731	72.3006
31.0208	63.4401	72.3065
31.0308	62.9408	72.3124
31.0407	64.0228	72.3183
31.0507	63.5234	72.3241
31.0609	63.6066	72.3300
31.0707	63.6898	72.3359
31.0808	63.6066	72.3418
31.1017	63.8563	72.3477
31.1140	63.7731	72.3536
31.1235	63.6898	72.3595
31.1308	63.4401	72.3654
31.1408	63.4401	72.3713
31.1508	63.6066	72.3772
31.1608	63.8563	72.3831
31.1708	63.9395	72.3890
31.1808	63.4401	72.3949
31.1909	63.7731	72.4008
31.2008	63.1072	72.4067
31.2108	63.1072	72.4126
31.2208	63.1072	72.4185
31.2309	63.6066	72.4244
31.2411	62.8576	72.4303
31.2510	63.9395	72.4362
31.2610	63.6066	72.4422
31.2711	63.4401	72.4481
31.2809	63.1072	72.4540
31.2909	63.9395	72.4599
31.3009	63.1905	72.4658
31.3110	63.2737	72.4718
31.3210	63.4401	72.4777
31.3309	63.3569	72.4836
31.3409	63.1072	72.4896
31.3509	63.1072	72.4955
31.3608	63.4401	72.5014
31.3711	63.1072	72.5074
31.3810	63.6066	72.5133
31.3909	62.9408	72.5193
31.4011	63.3569	72.5252
31.4111	64.1060	72.5311
31.4210	63.4401	72.5371
31.4311	63.9395	72.5430
31.4410	63.6066	72.5490
31.4509	63.8563	72.5550
31.4621	63.2737	72.5609
31.4710	63.7731	72.5669
31.4801	63.4401	72.5728
31.4910	63.4401	72.5788
31.5010	63.5234	72.5847
31.5112	63.3569	72.5907
31.5211	62.9408	72.5967
31.5310	63.3569	72.6026
31.5401	63.7731	72.6086
31.5510	63.4401	72.6146
31.5609	63.4401	72.6206
31.5713	63.4401	72.6265
31.5810	63.1072	72.6325
31.5910	63.6066	72.6385
31.6010	63.4401	72.6445
31.6111	63.6066	72.6505
31.6210	63.4401	72.6564
31.6310	63.6066	72.6624
31.6409	63.4401	72.6684
31.6510	63.6066	72.6744
31.6611	63.1072	72.6804
31.6710	63.3569	72.6864
31.6810	63.7731	72.6924
31.6912	63.1905	72.6984
31.7011	63.1072	72.7044
31.7110	63.7731	72.7104
31.7212	63.2737	72.7164
31.7301	63.1072	72.7224
31.7410	63.7731	72.7284
31.7512	63.1072	72.7344
31.7610	62.9408	72.7404
31.7710	63.7731	72.7464
31.7810	63.5234	72.7525
31.7900	63.6066	72.7585
31.8010	63.1072	72.7645
31.8112	63.4401	72.7705
31.8210	63.8563	72.7765
31.8310	63.5234	72.7826
31.8412	63.6066	72.7886
31.8500	63.4401	72.7946
31.8611	63.0240	72.8007
31.8712	63.6898	72.8067
31.8810	63.5234	72.8127
31.8911	63.4401	72.8188
31.9012	62.8576	72.8248
31.9101	63.8563	72.8308
31.9211	63.5234	72.8369
31.9311	63.2737	72.8429
31.9411	63.7731	72.8490
31.9512	63.4401	72.8550
31.9614	63.6066	72.8611
31.9700	63.2737	72.8671
31.9802	63.7731	72.8732
31.9912	63.6066	72.8793
32.0011	63.1905	72.8853
32.0111	62.7743	72.8914
32.0212	63.3569	72.8975
32.0301	63.7731	72.9035
32.0402	63.6066	72.9096
32.0511	63.1072	72.9156
32.0612	63.5234	72.9217
32.0711	63.3569	72.9278
32.0811	63.2737	72.9339
32.0904	63.8563	72.9399
32.1001	63.9395	72.9460
32.1111	62.9408	72.9521
32.1211	63.7731	72.9582
32.1312	63.4401	72.9643
32.1411	62.7743	72.9704
32.1512	63.6066	72.9764
32.1602	62.9408	72.9825
32.1702	62.9408	72.9886
32.1812	62.8576	72.9947
32.1912	63.4401	73.0008
32.2013	63.5234	73.0069
32.2112	62.9408	73.0130
32.2206	62.8576	73.0191
32.2302	62.9408	73.0252
32.2412	63.4401	73.0313
32.2512	63.6066	73.0374
32.2612	63.4401	73.0435
32.2705	63.1072	73.0496
32.2803	63.2737	73.0557
32.2902	63.6066	73.0618
32.3013	63.4401	73.0680
32.3113	63.9395	73.0741
32.3213	62.5247	73.0802
32.3313	63.4401	73.0863
32.3404	63.2737	73.0924
32.3502	62.7743	73.0986
32.3613	63.0240	73.1047
32.3713	63.6898	73.1108
32.3813	63.4401	73.1170
32.3913	63.1072	73.1231
32.4003	63.9395	73.1292
32.4102	63.5234	73.1354
32.4203	63.4401	73.1415
32.4314	63.2737	73.1476
32.4413	63.1905	73.1538
32.4512	63.6066	73.1599
32.4614	63.2737	73.1661
32.4703	62.6079	73.1722
32.4802	63.1905	73.1784
32.4912	63.3569	73.1845
32.5012	63.0240	73.1907
32.5113	63.4401	73.1968
32.5202	63.7731	73.2030
32.5319	63.5234	73.2091
32.5403	62.6079	73.2153
32.5514	63.2737	73.2214
32.5613	63.6898	73.2276
32.5713	63.1072	73.2338
32.5803	63.6066	73.2399
32.5903	64.1060	73.2461
32.6003	63.2737	73.2523
32.6103	63.3569	73.2584
32.6213	63.6066	73.2646
32.6313	63.7731	73.2708
32.6437	63.1072	73.2769
32.6503	62.9408	73.2831
32.6603	63.6898	73.2893
32.6703	62.6079	73.2955
32.6814	63.1072	73.3016
32.6913	63.5234	73.3078
32.7009	63.2737	73.3140
32.7103	63.4401	73.3202
32.7204	63.7731	73.3264
32.7304	63.1072	73.3326
32.7414	63.1905	73.3388
32.7513	63.0240	73.3449
32.7604	63.7731	73.3511
32.7704	63.1905	73.3573
32.7804	63.6898	73.3635
32.7904	63.1905	73.3697
32.8014	63.6066	73.3759
32.8114	63.1905	73.3821
32.8204	63.4401	73.3883
32.8304	63.7731	73.3945
32.8404	63.5234	73.4007
32.8504	63.7731	73.4070
32.8605	63.8563	73.4132
32.8714	63.4401	73.4194
32.8814	63.3569	73.4256
32.8905	63.6066	73.4318
32.9005	63.1072	73.4380
32.9104	63.3569	73.4443
32.9205	62.6079	73.4505
32.9315	63.5234	73.4567
32.9415	63.4401	73.4629
32.9505	63.2737	73.4692
32.9606	63.1072	73.4754
32.9704	62.9408	73.4816
32.9804	63.3569	73.4878
32.9912	63.4401	73.4941
33.0005	63.3569	73.5003
33.0104	63.7731	73.5065
33.0205	63.0240	73.5128
33.0305	63.6066	73.5190
33.0404	63.3569	73.5253
33.0505	63.7731	73.5315
33.0615	63.6898	73.5378
33.0704	63.4401	73.5440
33.0805	63.4401	73.5503
33.0905	63.4401	73.5565
33.1005	63.6066	73.5628
33.1105	63.9395	73.5690
33.1215	63.1072	73.5753
33.1305	63.4401	73.5815
33.1406	63.6066	73.5878
33.1505	62.6079	73.5941
33.1605	63.3569	73.6003
33.1705	63.6066	73.6066
33.1815	64.1060	73.6129
33.1905	63.2737	73.6192
33.2005	63.2737	73.6254
33.2105	62.9408	73.6317
33.2205	62.2750	73.6380
33.2306	63.1072	73.6443
33.2416	63.1072	73.6506
33.2506	63.7731	73.6568
33.2605	63.3569	73.6631
33.2705	63.4401	73.6694
33.2806	62.7743	73.6757
33.2907	63.2737	73.6820
33.3006	63.2737	73.6883
33.3106	63.7731	73.6946
33.3206	63.1072	73.7009
33.3305	63.3569	73.7072
33.3406	63.0240	73.7135
33.3507	64.0228	73.7198
33.3606	63.2737	73.7261
33.3707	64.2725	73.7324
33.3806	63.1072	73.7388
33.3906	62.8576	73.7451
33.4006	63.3569	73.7514
33.4106	63.5234	73.7577
33.4206	62.6911	73.7640
33.4307	63.6066	73.7703
33.4406	63.4401	73.7767
33.4506	64.1060	73.7830
33.4607	62.9408	73.7893
33.4707	63.1072	73.7957
33.4807	63.3569	73.8020
33.4907	63.3569	73.8083
33.5007	63.4401	73.8147
33.5107	64.1060	73.8210
33.5207	63.2737	73.8273
33.5307	63.3569	73.8337
33.5408	63.6066	73.8400
33.5507	63.4401	73.8463
33.5606	63.3569	73.8527
33.5707	63.6066	73.8590
33.5808	63.6066	73.8654
33.5906	63.7731	73.8717
33.6007	63.4401	73.8781
33.6107	63.7731	73.8844
33.6207	63.2737	73.8908
33.6308	63.4401	73.8971
33.6407	62.8576	73.9035
33.6507	63.6066	73.9098
33.6608	63.1072	73.9162
33.6707	63.1905	73.9226
33.6807	63.3569	73.9289
33.6908	63.5234	73.9353
33.7007	63.3569	73.9417
33.7108	63.4401	73.9480
33.7208	63.2737	73.9544
33.7307	63.1072	73.9608
33.7408	63.1905	73.9671
33.7508	63.2737	73.9735
33.7608	63.1905	73.9799
33.7706	63.4401	73.9863
33.7808	63.6898	73.9927
33.7907	63.5234	73.9990
33.8008	63.4401	74.0054
33.8107	64.2725	74.0118
33.8207	63.2737	74.0182
33.8308	63.3569	74.0246
33.8407	63.2737	74.0310
33.8507	63.7731	74.0374
33.8608	63.6066	74.0438
33.8707	63.3569	74.0502
33.8807	62.7743	74.0566
33.8908	62.6911	74.0630
33.9008	63.6066	74.0694
33.9107	62.9408	74.0758
33.9208	63.4401	74.0822
33.9308	63.7731	74.0886
33.9407	63.1072	74.0950
33.9508	63.9395	74.1014
33.9608	63.1905	74.1078
33.9708	63.4401	74.1142
33.9809	63.5234	74.1207
33.9908	63.2737	74.1271
34.0008	63.6066	74.1335
34.0109	62.9408	74.1399
34.0208	63.1905	74.1463
34.0308	63.1072	74.1528
34.0408	63.1072	74.1592
34.0507	63.1905	74.1656
34.0608	63.2737	74.1721
34.0708	62.6079	74.1785
34.0808	63.1072	74.1849
34.0909	63.1072	74.1914
34.1008	62.9408	74.1978
34.1108	63.2737	74.2043
34.1208	62.6079	74.2107
34.1309	63.4401	74.2172
34.1410	63.1072	74.2236
34.1510	63.0240	74.2301
34.1609	63.2737	74.2365
34.1709	63.2737	74.2430
34.1810	63.5234	74.2494
34.1909	63.6066	74.2559
34.2010	63.5234	74.2623
34.2110	63.0240	74.2688
34.2209	63.6898	74.2752
34.2310	63.3569	74.2817
34.2411	63.7731	74.2882
34.2510	63.6898	74.2946
34.2609	63.6066	74.3011
34.2711	63.1905	74.3076
34.2810	63.6066	74.3140
34.2910	63.1072	74.3205
34.3011	63.4401	74.3270
34.3110	62.6079	74.3335
34.3209	63.6898	74.3399
34.3311	63.4401	74.3464
34.3410	63.4401	74.3529
34.3509	63.5234	74.3594
34.3611	63.4401	74.3659
34.3700	63.5234	74.3724
34.3810	63.3569	74.3789
34.3911	63.6898	74.3854
34.4010	62.9408	74.3919
34.4110	62.6911	74.3984
34.4210	63.6066	74.4049
34.4309	63.4401	74.4114
34.4410	63.7731	74.4179
34.4512	63.4401	74.4244
34.4609	63.4401	74.4309
34.4710	62.9408	74.4374
34.4809	63.9395	74.4439
34.4909	63.4401	74.4504
34.5009	63.2737	74.4569
34.5109	63.6066	74.4635
34.5209	63.7731	74.4700
34.5309	63.7731	74.4765
34.5409	63.2737	74.4830
34.5509	63.1072	74.4895
34.5612	63.2737	74.4961
34.5710	62.7743	74.5026
34.5810	63.0240	74.5091
34.5910	62.6911	74.5157
34.6011	62.9408	74.5222
34.6109	62.6079	74.5287
34.6200	62.8576	74.5353
34.6311	63.1072	74.5418
34.6409	63.4401	74.5483
34.6511	62.6079	74.5549
34.6610	62.7743	74.5614
34.6709	62.9408	74.5680
34.6802	63.4401	74.5745
34.6910	63.3569	74.5811
34.7009	63.2737	74.5876
34.7110	63.4401	74.5942
34.7210	63.1905	74.6007
34.7310	63.4401	74.6073
34.7400	63.7731	74.6138
34.7511	63.2737	74.6204
34.7611	62.7743	74.6270
34.7710	62.9408	74.6335
34.7810	63.2737	74.6401
34.7910	63.5234	74.6467
34.8001	63.4401	74.6532
34.8100	63.6066	74.6598
34.8211	63.6066	74.6664
34.8311	63.6898	74.6730
34.8412	63.7731	74.6796
34.8512	63.7731	74.6861
34.8601	63.2737	74.6927
34.8701	63.9395	74.6993
34.8812	63.2737	74.7059
34.8912	63.6066	74.7125
34.9011	63.2737	74.7191
34.9111	63.6066	74.7257
34.9201	63.3569	74.7323
34.9301	63.1905	74.7389
34.9411	63.4401	74.7455
34.9511	63.3569	74.7521
34.9611	63.3569	74.7587
34.9711	63.3569	74.7653
34.9801	63.6066	74.7719
34.9901	63.0240	74.7785
35.0011	63.3569	74.7851
35.0111	63.2737	74.7917
35.0213	62.8576	74.7983
35.0311	63.5234	74.8050
35.0411	62.9408	74.8116
35.0501	63.4401	74.8182
35.0601	63.2737	74.8248
35.0711	63.2737	74.8314
35.0811	63.2737	74.8381
35.0911	63.1072	74.8447
35.1011	62.9408	74.8513
35.1102	62.7743	74.8579
35.1202	62.7743	74.8646
35.1311	63.2737	74.8712
35.1411	63.1905	74.8778
35.1511	62.7743	74.8845
35.1611	63.4401	74.8911
35.1703	63.3569	74.8978
35.1801	63.6898	74.9044
35.1912	63.1072	74.9111
35.2012	62.8576	74.9177
35.2112	63.0240	74.9244
35.2211	63.5234	74.9310
35.2302	63.1072	74.9377
35.2402	63.7731	74.9443
35.2502	64.0228	74.9510
35.2612	63.5234	74.9576
35.2712	63.4401	74.9643
35.2812	63.1072	74.9709
35.2903	63.1072	74.9776
35.3002	63.4401	74.9843
35.3102	62.9408	74.9909
35.3212	63.2737	74.9976
35.3312	62.6079	75.0043
35.3412	63.4401	75.0110
35.3502	63.1905	75.0176
35.3602	63.6066	75.0243
35.3703	63.1072	75.0310
35.3813	62.6079	75.0377
35.3912	63.1072	75.0444
35.4014	63.2737	75.0510
35.4103	63.4401	75.0577
35.4202	63.1072	75.0644
35.4303	63.1072	75.0711
35.4413	63.6066	75.0778
35.4512	63.1072	75.0845
35.4615	62.8576	75.0912
35.4703	63.3569	75.0979
35.4803	63.6898	75.1046
35.4905	63.6066	75.1113
35.5004	62.6911	75.1180
35.5114	63.7731	75.1247
35.5215	63.2737	75.1314
35.5304	63.7731	75.1381
35.5403	63.6066	75.1449
35.5503	63.2737	75.1516
35.5605	63.0240	75.1583
35.5713	63.3569	75.1650
35.5813	63.0240	75.1717
35.5903	62.6079	75.1785
35.6003	62.9408	75.1852
35.6104	63.4401	75.1919
35.6204	63.3569	75.1986
35.6314	63.0240	75.2054
35.6415	63.0240	75.2121
35.6503	64.1060	75.2188
35.6603	63.1072	75.2256
35.6703	62.8576	75.2323
35.6804	63.1905	75.2391
35.6904	63.3569	75.2458
35.7014	63.2737	75.2525
35.7114	63.1072	75.2593
35.7204	63.4401	75.2660
35.7303	63.8563	75.2728
35.7404	62.9408	75.2795
35.7505	63.4401	75.2863
35.7616	63.6898	75.2930
35.7703	63.1072	75.2998
35.7804	63.2737	75.3066
35.7906	63.1072	75.3133
35.8004	63.6066	75.3201
35.8105	63.3569	75.3268
35.8216	63.2737	75.3336
35.8313	63.8563	75.3404
35.8404	63.6066	75.3471
35.8511	62.9408	75.3539
35.8604	63.5234	75.3607
35.8705	63.1905	75.3675
35.8814	63.7731	75.3742
35.8914	63.4401	75.3810
35.9004	63.1072	75.3878
35.9106	63.6066	75.3946
35.9205	63.4401	75.4014
35.9305	63.1072	75.4081
35.9405	63.7731	75.4149
35.9514	63.6066	75.4217
35.9605	63.6066	75.4285
35.9705	63.4401	75.4353
35.9806	63.4401	75.4421
35.9905	63.2737	75.4489
36.0005	63.1072	75.4557
36.0115	63.2737	75.4625
36.0204	62.9408	75.4693
36.0304	63.1905	75.4761
36.0405	64.1060	75.4829
36.0505	63.6066	75.4897
36.0605	63.1072	75.4965
36.0715	63.1905	75.5033
36.0805	63.4401	75.5101
36.0904	63.0240	75.5170
36.1006	62.6911	75.5238
36.1105	63.2737	75.5306
36.1205	63.6066	75.5374
36.1306	63.6066	75.5442
36.1405	63.4401	75.5511
36.1512	63.6066	75.5579
36.1606	63.7731	75.5647
36.1706	63.1905	75.5715
36.1805	63.5234	75.5784
36.1906	63.9395	75.5852
36.2005	63.4401	75.5920
36.2105	62.9408	75.5989
36.2205	64.2725	75.6057
36.2307	63.2737	75.6126
36.2405	63.8563	75.6194
36.2505	63.6066	75.6262
36.2605	63.5234	75.6331
36.2705	63.5234	75.6399
36.2805	63.2737	75.6468
36.2906	63.6066	75.6536
36.3007	63.2737	75.6605
36.3107	63.7731	75.6673
36.3205	63.7731	75.6742
36.3306	63.4401	75.6811
36.3406	63.2737	75.6879
36.3506	63.4401	75.6948
36.3608	63.3569	75.7016
36.3706	63.5234	75.7085
36.3806	63.0240	75.7154
36.3906	63.1072	75.7222
36.4006	63.1905	75.7291
36.4106	63.8563	75.7360
36.4206	63.1072	75.7429
36.4306	63.2737	75.7497
36.4406	63.8563	75.7566
36.4508	63.2737	75.7635
36.4606	62.7743	75.7704
36.4706	63.8563	75.7773
36.4806	63.1905	75.7842
36.4906	63.2737	75.7910
36.5006	62.6079	75.7979
36.5106	63.4401	75.8048
36.5206	63.7731	75.8117
36.5309	63.2737	75.8186
36.5408	63.0240	75.8255
36.5506	62.7743	75.8324
36.5606	63.7731	75.8393
36.5706	64.0228	75.8462
36.5806	63.7731	75.8531
36.5907	63.8563	75.8600
36.6007	62.8576	75.8669
36.6107	64.0228	75.8738
36.6207	63.4401	75.8807
36.6308	63.4401	75.8876
36.6407	63.1905	75.8945
36.6508	63.3569	75.9014
36.6608	63.6898	75.9084
36.6707	63.1072	75.9153
36.6808	63.8563	75.9222
36.6908	62.8576	75.9291
36.7007	62.8576	75.9360
36.7108	63.2737	75.9430
36.7208	62.9408	75.9499
36.7307	62.6911	75.9568
36.7408	63.7731	75.9637
36.7507	62.9408	75.9707
36.7607	63.6066	75.9776
36.7708	63.1905	75.9845
36.7807	63.9395	75.9915
36.7908	63.1905	75.9984
36.8008	63.2737	76.0054
36.8107	62.7743	76.0123
36.8207	63.1072	76.0192
36.8308	62.8576	76.0262
36.8407	63.6066	76.0331
36.8509	63.6066	76.0401
36.8609	63.2737	76.0470
36.8708	63.2737	76.0540
36.8808	63.3569	76.0610
36.8909	63.2737	76.0679
36.9009	63.2737	76.0749
36.9110	63.4401	76.0818
36.9210	62.7743	76.0888
36.9308	63.6066	76.0958
36.9409	63.6066	76.1027
36.9509	62.9408	76.1097
36.9609	63.9395	76.1167
36.9711	63.6066	76.1236
36.9809	63.6066	76.1306
36.9909	63.2737	76.1376
37.0011	63.7731	76.1446
37.0099	63.1905	76.1516
37.0212	63.2737	76.1585
37.0310	63.2737	76.1655
37.0409	62.9408	76.1725
37.0509	63.4401	76.1795
37.0609	63.0240	76.1865
37.0709	64.0228	76.1935
37.0818	63.4401	76.2005
37.0911	63.7731	76.2075
37.1009	63.7731	76.2145
37.1109	62.9408	76.2215
37.1210	64.2725	76.2285
37.1309	63.1905	76.2355
37.1410	63.1072	76.2425
37.1509	63.2737	76.2495
37.1612	63.7731	76.2565
37.1710	63.3569	76.2635
37.1808	63.1072	76.2706
37.1909	63.4401	76.2776
37.2010	63.2737	76.2846
37.2108	63.3569	76.2916
37.2209	63.7731	76.2987
37.2309	63.1072	76.3057
37.2408	63.2737	76.3127
37.2509	62.7743	76.3198
37.2609	63.7731	76.3268
37.2710	62.2750	76.3338
37.2810	63.3569	76.3409
37.2909	63.1072	76.3479
37.3010	62.6079	76.3550
37.3109	63.7731	76.3620
37.3209	62.9408	76.3691
37.3309	63.2737	76.3761
37.3410	63.0240	76.3832
37.3510	63.1905	76.3902
37.3610	63.6066	76.3973
37.3710	62.8576	76.4044
37.3809	63.7731	76.4114
37.3909	62.6079	76.4185
37.4010	63.1072	76.4255
37.4109	63.3569	76.4326
37.4209	64.6887	76.4397
37.4310	63.1905	76.4467
37.4409	63.6066	76.4538
37.4500	63.7731	76.4609
37.4611	63.6898	76.4680
37.4710	63.2737	76.4751
37.4809	62.9408	76.4821
37.4910	62.6079	76.4892
37.5010	63.2737	76.4963
37.5100	62.5247	76.5034
37.5211	63.7731	76.5105
37.5313	63.2737	76.5176
37.5410	62.7743	76.5247
37.5511	62.9408	76.5318
37.5610	63.7731	76.5389
37.5701	63.3569	76.5460
37.5811	63.6066	76.5531
37.5911	63.7731	76.5602
37.6012	63.1072	76.5673
37.6111	62.9408	76.5744
37.6210	63.4401	76.5815
37.6301	63.5234	76.5886
37.6410	63.9395	76.5957
37.6510	63.4401	76.6028
37.6612	63.2737	76.6099
37.6711	63.2737	76.6171
37.6811	63.2737	76.6242
37.6902	62.9408	76.6313
37.7006	63.5234	76.6384
37.7110	64.1892	76.6456
37.7211	63.2737	76.6527
37.7311	63.3569	76.6598
37.7410	63.1905	76.6670
37.7502	63.4401	76.6741
37.7601	63.0240	76.6812
37.7711	62.9408	76.6884
37.7813	63.4401	76.6955
37.7911	63.5234	76.7026
37.8011	63.4401	76.7098
37.8102	63.4401	76.7169
37.8201	63.1905	76.7241
37.8311	63.6898	76.7312
37.8413	63.6066	76.7384
37.8518	62.9408	76.7455
37.8612	63.7731	76.7527
37.8701	64.0228	76.7598
37.8801	63.4401	76.7670
37.8902	63.3569	76.7742
37.9011	63.3569	76.7813
37.9111	63.6898	76.7885
37.9212	63.4401	76.7956
37.9302	63.2737	76.8028
37.9402	63.7731	76.8100
37.9504	63.0240	76.8172
37.9613	63.4401	76.8243
37.9711	63.6066	76.8315
37.9812	63.1905	76.8387
37.9913	63.8563	76.8459
38.0002	63.0240	76.8531
38.0102	63.1905	76.8602
38.0213	63.9395	76.8674
38.0311	63.2737	76.8746
38.0412	63.8563	76.8818
38.0513	63.1072	76.8890
38.0601	63.6898	76.8962
38.0704	63.1072	76.9034
38.0811	63.3569	76.9106
38.0911	63.1905	76.9178
38.1011	63.2737	76.9250
38.1111	63.1905	76.9322
38.1202	63.8563	76.9394
38.1301	63.6898	76.9466
38.1401	62.9408	76.9538
38.1514	63.7731	76.9610
38.1612	63.6898	76.9682
38.1716	62.9408	76.9754
38.1802	63.9395	76.9827
38.1902	63.6066	76.9899
38.2002	63.5234	76.9971
38.2113	63.1072	77.0043
38.2212	63.9395	77.0115
38.2312	63.6066	77.0188
38.2402	62.9408	77.0260
38.2502	62.9408	77.0332
38.2602	63.6898	77.0405
38.2712	63.4401	77.0477
38.2813	63.3569	77.0550
38.2912	63.4401	77.0622
38.3004	63.0240	77.0694
38.3103	63.3569	77.0767
38.3202	63.6898	77.0839
38.3302	63.2737	77.0912
38.3413	63.0240	77.0984
38.3512	63.8563	77.1057
38.3603	63.4401	77.1130
38.3703	63.2737	77.1202
38.3803	63.3569	77.1275
38.3903	63.6066	77.1347
38.4012	63.1072	77.1420
38.4113	62.4414	77.1493
38.4204	63.2737	77.1565
38.4305	63.1072	77.1638
38.4403	63.0240	77.1711
38.4504	63.9395	77.1784
38.4616	62.8576	77.1856
38.4714	63.2737	77.1929
38.4803	63.1072	77.2002
38.4903	63.2737	77.2075
38.5003	63.0240	77.2148
38.5104	62.6911	77.2220
38.5213	63.6898	77.2293
38.5313	63.4401	77.2366
38.5403	62.7743	77.2439
38.5503	63.1072	77.2512
38.5604	63.6898	77.2585
38.5703	62.9408	77.2658
38.5803	63.1905	77.2731
38.5913	63.5234	77.2804
38.6003	63.4401	77.2877
38.6103	62.8576	77.2950
38.6204	63.2737	77.3023
38.6303	63.4401	77.3097
38.6405	63.2737	77.3170
38.6514	62.8576	77.3243
38.6604	63.3569	77.3316
38.6704	63.6066	77.3389
38.6804	63.6898	77.3462
38.6904	63.0240	77.3536
38.7006	63.6898	77.3609
38.7115	63.3569	77.3682
38.7214	63.4401	77.3755
38.7305	63.2737	77.3829
38.7405	62.9408	77.3902
38.7504	63.4401	77.3975
38.7605	63.4401	77.4049
38.7705	63.1072	77.4122
38.7814	63.1072	77.4196
38.7905	62.7743	77.4269
38.8005	63.7731	77.4342
38.8112	63.1072	77.4416
38.8205	63.1072	77.4489
38.8305	63.6898	77.4563
38.8414	63.5234	77.4636
38.8505	63.4401	77.4710
38.8604	63.9395	77.4783
38.8704	63.1072	77.4857
38.8806	63.7731	77.4931
38.8905	63.4401	77.5004
38.9015	62.7743	77.5078
38.9106	63.9395	77.5152
38.9206	62.9408	77.5225
38.9305	63.3569	77.5299
38.9406	62.9408	77.5373
38.9505	62.8576	77.5446
38.9614	63.6066	77.5520
38.9714	63.6066	77.5594
38.9805	63.4401	77.5668
38.9905	63.1072	77.5742
39.0006	63.7731	77.5815
39.0105	63.7731	77.5889
39.0205	63.3569	77.5963
39.0305	62.5247	77.6037
39.0405	63.1072	77.6111
39.0506	63.1072	77.6185
39.0606	63.1072	77.6259
39.0705	63.6066	77.6333
39.0806	63.2737	77.6407
39.0906	63.3569	77.6481
39.1005	62.7743	77.6555
39.1106	63.3569	77.6629
39.1205	63.6066	77.6703
39.1305	63.4401	77.6777
39.1406	63.1072	77.6851
39.1505	62.6079	77.6925
39.1605	63.4401	77.6999
39.1707	62.7743	77.7073
39.1807	63.7731	77.7147
39.1907	63.1905	77.7221
39.2008	63.2737	77.7295
39.2105	63.4401	77.7370
39.2208	63.2737	77.7444
39.2306	63.3569	77.7518
39.2406	63.0240	77.7592
39.2507	63.1072	77.7666
39.2606	63.4401	77.7741
39.2705	62.8576	77.7815
39.2806	63.4401	77.7889
39.2908	63.4401	77.7964
39.3006	63.1072	77.8038
39.3106	63.1905	77.8112
39.3206	64.3557	77.8187
39.3306	62.9408	77.8261
39.3406	63.4401	77.8336
39.3508	63.1905	77.8410
39.3607	63.5234	77.8484
39.3707	62.7743	77.8559
39.3807	63.9395	77.8633
39.3906	63.1072	77.8708
39.4006	63.4401	77.8782
39.4107	63.1905	77.8857
39.4208	62.8576	77.8931
39.4306	64.1892	77.9006
39.4407	64.2725	77.9081
39.4507	63.4401	77.9155
39.4607	63.2737	77.9230
39.4706	63.2737	77.9304
39.4808	63.4401	77.9379
39.4907	63.4401	77.9454
39.5006	63.2737	77.9528
39.5108	63.1072	77.9603
39.5208	63.2737	77.9678
39.5306	63.3569	77.9752
39.5407	63.2737	77.9827
39.5508	64.0228	77.9902
39.5607	63.5234	77.9977
39.5707	63.0240	78.0052
39.5808	63.7731	78.0126
39.5907	63.2737	78.0201
39.6007	62.6079	78.0276
39.6108	63.2737	78.0351
39.6207	62.9408	78.0426
39.6307	63.1072	78.0501
39.6408	62.6079	78.0576
39.6507	63.5234	78.0651
39.6608	62.6079	78.0726
39.6710	63.3569	78.0801
39.6808	63.2737	78.0876
39.6909	63.5234	78.0951
39.7008	63.0240	78.1026
39.7108	62.2750	78.1101
39.7209	63.6066	78.1176
39.7308	63.1072	78.1251
39.7408	63.1072	78.1326
39.7509	63.2737	78.1401
39.7608	63.4401	78.1477
39.7709	63.1072	78.1552
39.7809	62.8576	78.1627
39.7908	63.5234	78.1702
39.8009	63.1905	78.1777
39.8109	63.1072	78.1852
39.8208	63.3569	78.1928
39.8310	63.7731	78.2003
39.8409	63.9395	78.2078
39.8509	63.4401	78.2153
39.8609	62.8576	78.2229
39.8709	62.6911	78.2304
39.8808	63.2737	78.2379
39.8909	63.1072	78.2455
39.9008	62.6079	78.2530
39.9108	62.7743	78.2606
39.9209	63.6066	78.2681
39.9308	63.1072	78.2757
39.9408	63.2737	78.2832
39.9510	63.1072	78.2908
39.9608	62.4414	78.2983
39.9710	63.4401	78.3059
39.9809	63.4401	78.3134
39.9909	63.2737	78.3210
40.0008	63.1905	78.3286
40.0109	63.1072	78.3361
40.0209	64.0228	78.3437
40.0308	62.8576	78.3513
40.0410	63.6066	78.3588
40.0514	63.0240	78.3664
40.0608	62.7743	78.3740
40.0709	63.6066	78.3816
40.0808	64.0228	78.3891
40.0908	63.0240	78.3967
40.1008	63.2737	78.4043
40.1117	63.7731	78.4119
40.1209	63.5234	78.4195
40.1308	63.4401	78.4271
40.1408	62.9408	78.4346
40.1498	63.1905	78.4422
40.1609	63.7731	78.4498
40.1710	63.3569	78.4574
40.1809	62.6079	78.4650
40.1909	63.1072	78.4726
40.2009	63.0240	78.4802
40.2109	63.3569	78.4878
40.2209	63.4401	78.4954
40.2309	63.9395	78.5030
40.2411	63.1072	78.5107
40.2509	63.1905	78.5183
40.2609	63.6066	78.5259
40.2709	63.1072	78.5335
40.2809	63.1905	78.5411
40.2911	62.9408	78.5487
40.3011	62.7743	78.5564
40.3109	63.9395	78.5640
40.3209	63.1905	78.5716
40.3299	63.1072	78.5792
40.3399	63.1905	78.5869
40.3510	63.8563	78.5945
40.3609	63.6066	78.6021
40.3709	63.3569	78.6098
40.3810	63.4401	78.6174
40.3909	63.1905	78.6251
40.4000	63.4401	78.6327
40.4111	63.3569	78.6404
40.4210	64.1060	78.6480
40.4310	63.1072	78.6557
40.4411	62.7743	78.6633
40.4511	63.2737	78.6710
40.4600	63.2737	78.6786
40.4710	62.7743	78.6863
40.4811	63.6898	78.6940
40.4913	63.5234	78.7016
40.5010	64.0228	78.7093
40.5111	63.0240	78.7170
40.5201	63.5234	78.7246
40.5314	63.4401	78.7323
40.5410	63.9395	78.7400
40.5510	63.2737	78.7477
40.5611	63.1905	78.7553
40.5710	62.9408	78.7630
40.5801	62.7743	78.7707
40.5901	63.4401	78.7784
40.6010	63.4401	78.7861
40.6111	62.8576	78.7938
40.6211	63.4401	78.8015
40.6310	63.2737	78.8092
40.6401	63.7731	78.8169
40.6501	63.1072	78.8246
40.6612	63.1072	78.8322
40.6712	63.1905	78.8399
40.6812	63.3569	78.8476
40.6912	63.6898	78.8554
40.7001	62.7743	78.8631
40.7101	62.5247	78.8708
40.7210	62.3582	78.8785
40.7311	63.1905	78.8862
40.7411	63.4401	78.8939
40.7510	63.5234	78.9016
40.7601	63.2737	78.9093
40.7701	63.8563	78.9170
40.7801	63.8563	78.9248
40.7911	63.2737	78.9325
40.8011	63.8563	78.9402
40.8111	62.7743	78.9479
40.8201	63.2737	78.9557
40.8301	63.0240	78.9634
40.8400	62.9408	78.9711
40.8511	63.6066	78.9789
40.8611	63.0240	78.9866
40.8711	62.8576	78.9943
40.8801	63.4401	79.0021
40.8901	63.1072	79.0098
40.9001	63.0240	79.0175
40.9112	62.8576	79.0253
40.9212	62.9408	79.0330
40.9313	62.7743	79.0408
40.9412	63.6066	79.0485
40.9501	63.6898	79.0563
40.9602	63.3569	79.0640
40.9712	63.6066	79.0718
40.9811	63.1905	79.0796
40.9914	64.0228	79.0873
41.0012	63.1072	79.0951
41.0101	63.1905	79.1028
41.0201	63.2737	79.1106
41.0301	64.0228	79.1184
41.0411	64.0228	79.1261
41.0511	62.4414	79.1339
41.0602	62.6079	79.1417
41.0702	63.1905	79.1494
41.0802	62.7743	79.1572
41.0902	62.5247	79.1650
41.1012	62.9408	79.1728
41.1114	62.6911	79.1805
41.1212	63.6066	79.1883
41.1301	63.5234	79.1961
41.1402	63.6066	79.2039
41.1502	62.6911	79.2117
41.1612	63.3569	79.2195
41.1712	63.3569	79.2273
41.1812	62.8576	79.2351
41.1903	63.2737	79.2429
41.2003	63.0240	79.2507
41.2102	63.2737	79.2585
41.2202	63.7731	79.2663
41.2313	63.3569	79.2741
41.2412	63.2737	79.2819
41.2502	62.6911	79.2897
41.2602	63.1072	79.2975
41.2703	62.7743	79.3053
41.2803	63.6066	79.3131
41.2913	63.4401	79.3209
41.3012	63.8563	79.3287
41.3103	63.3569	79.3365
41.3202	63.2737	79.3444
41.3302	64.3557	79.3522
41.3403	63.2737	79.3600
41.3512	63.2737	79.3678
41.3613	64.0228	79.3756
41.3703	63.1072	79.3835
41.3803	63.2737	79.3913
41.3903	63.2737	79.3991
41.4007	63.1072	79.4069
41.4112	63.3569	79.4148
41.4215	63.4401	79.4226
41.4305	63.2737	79.4305
41.4403	63.1905	79.4383
41.4509	63.4401	79.4461
41.4603	63.2737	79.4540
41.4703	63.4401	79.4618
41.4813	63.3569	79.4697
41.4903	64.3557	79.4775
41.5003	63.6898	79.4854
41.5105	62.8576	79.4932
41.5204	63.6898	79.5011
41.5303	62.6079	79.5089
41.5414	63.0240	79.5168
41.5514	63.6066	79.5246
41.5603	63.0240	79.5325
41.5705	63.1072	79.5404
41.5803	63.0240	79.5482
41.5904	63.6066	79.5561
41.6016	63.2737	79.5640
41.6116	63.5234	79.5718
41.6204	62.9408	79.5797
41.6305	63.1072	79.5876
41.6403	63.9395	79.5955
41.6504	63.4401	79.6033
41.6604	63.4401	79.6112
41.6704	62.6911	79.6191
41.6804	62.7743	79.6270
41.6905	62.8576	79.6349
41.7003	63.9395	79.6428
41.7104	63.1072	79.6507
41.7205	63.8563	79.6586
41.7315	63.1072	79.6665
41.7405	63.0240	79.6744
41.7504	63.4401	79.6823
41.7605	62.8576	79.6902
41.7706	63.2737	79.6981
41.7805	63.0240	79.7060
41.7915	63.5234	79.7139
41.8005	62.7743	79.7218
41.8105	63.6898	79.7297
41.8206	63.6898	79.7376
41.8306	62.9408	79.7455
41.8406	63.1905	79.7535
41.8517	63.6898	79.7614
41.8606	63.8563	79.7693
41.8705	63.4401	79.7772
41.8805	62.6911	79.7852
41.8906	63.1072	79.7931
41.9005	63.1072	79.8010
41.9105	64.0228	79.8090
41.9206	63.4401	79.8169
41.9305	63.6066	79.8248
41.9407	62.7743	79.8328
41.9506	63.5234	79.8407
41.9605	62.7743	79.8486
41.9705	63.3569	79.8566
41.9806	63.1905	79.8645
41.9905	62.8576	79.8725
42.0005	63.1072	79.8804
42.0106	63.6898	79.8884
42.0205	62.9408	79.8964
42.0306	63.8563	79.9043
42.0405	62.4414	79.9123
42.0505	63.5234	79.9202
42.0605	63.2737	79.9282
42.0706	63.3569	79.9362
42.0805	63.8563	79.9441
42.0908	62.7743	79.9521
42.1005	62.8576	79.9601
42.1105	62.9408	79.9680
42.1206	63.1072	79.9760
42.1306	64.5222	79.9840
42.1407	63.2737	79.9920
42.1506	63.6898	80.0000
42.1606	62.9408	80.0080
42.1706	62.8576	80.0159
42.1806	63.5234	80.0239
42.1906	63.1072	80.0319
42.2006	63.2737	80.0399
42.2107	63.6066	80.0479
42.2206	63.0240	80.0559
42.2305	63.0240	80.0639
42.2406	63.5234	80.0719
42.2506	63.7731	80.0799
42.2606	63.1905	80.0879
42.2706	63.4401	80.0959
42.2806	63.6898	80.1039
42.2905	63.6898	80.1119
42.3006	63.2737	80.1199
42.3106	62.6911	80.1279
42.3206	63.1905	80.1359
42.3306	63.8563	80.1440
42.3407	62.6911	80.1520
42.3506	63.5234	80.1600
42.3606	63.2737	80.1680
42.3706	63.6898	80.1761
42.3808	63.2737	80.1841
42.3906	63.6066	80.1921
42.4006	63.5234	80.2001
42.4107	62.8576	80.2082
42.4207	63.2737	80.2162
42.4307	63.8563	80.2242
42.4408	62.9408	80.2323
42.4507	63.5234	80.2403
42.4606	62.6911	80.2484
42.4709	64.0228	80.2564
42.4808	64.0228	80.2645
42.4908	63.5234	80.2725
42.5010	63.9395	80.2806
42.5108	63.1072	80.2886
42.5207	63.5234	80.2967
42.5308	63.1072	80.3047
42.5407	64.1892	80.3128
42.5508	64.1892	80.3208
42.5609	62.7743	80.3289
42.5708	63.3569	80.3370
42.5808	63.1072	80.3451
42.5909	63.5234	80.3531
42.6008	63.2737	80.3612
42.6108	64.0228	80.3693
42.6209	63.3569	80.3774
42.6308	63.8563	80.3855
42.6409	63.0240	80.3935
42.6509	63.6898	80.4016
42.6609	63.1072	80.4097
42.6709	63.2737	80.4178
42.6809	63.6066	80.4259
42.6909	63.2737	80.4340
42.7009	63.2737	80.4421
42.7109	63.5234	80.4502
42.7210	63.5234	80.4583
42.7308	63.9395	80.4664
42.7408	63.5234	80.4744
42.7508	63.2737	80.4825
42.7610	63.5234	80.4906
42.7709	63.8563	80.4987
42.7807	63.1072	80.5068
42.7908	63.6898	80.5150
42.8008	63.5234	80.5231
42.8108	62.4414	80.5312
42.8209	64.2725	80.5393
42.8308	63.9395	80.5474
42.8410	63.8563	80.5555
42.8509	64.6887	80.5637
42.8609	62.9408	80.5718
42.8709	63.2737	80.5799
42.8809	63.5234	80.5880
42.8910	63.8563	80.5962
42.9009	62.7743	80.6043
42.9109	62.7743	80.6124
42.9210	63.5234	80.6206
42.9309	63.8563	80.6287
42.9409	63.1072	80.6369
42.9508	62.9408	80.6450
42.9611	63.7731	80.6531
42.9709	63.4401	80.6613
42.9808	63.9395	80.6694
42.9914	63.2737	80.6776
43.0009	63.5234	80.6857
43.0108	63.6898	80.6939
43.0209	63.2737	80.7020
43.0309	63.6898	80.7102
43.0398	63.2737	80.7184
43.0510	63.6898	80.7265
43.0609	63.1072	80.7347
43.0709	63.1072	80.7429
43.0810	63.5234	80.7510
43.0909	63.2737	80.7592
43.1000	63.5234	80.7674
43.1110	63.8563	80.7755
43.1211	63.1072	80.7837
43.1310	63.3569	80.7919
43.1409	63.5234	80.8001
43.1510	63.1905	80.8083
43.1610	63.2737	80.8165
43.1709	63.9395	80.8246
43.1809	63.8563	80.8328
43.1909	64.1892	80.8410
43.2010	63.1072	80.8492
43.2109	63.4401	80.8574
43.2209	62.9408	80.8656
43.2299	63.1072	80.8738
43.2409	63.2737	80.8820
43.2510	63.3569	80.8902
43.2609	63.6066	80.8984
43.2709	63.5234	80.9067
43.2810	63.5234	80.9149
43.2899	62.7743	80.9231
43.3009	63.1905	80.9313
43.3110	63.6066	80.9395
43.3211	63.0240	80.9477
43.3310	63.2737	80.9560
43.3410	63.5234	80.9642
43.3500	63.8563	80.9725
43.3610	62.6079	80.9808
43.3709	63.6898	80.9891
43.3810	63.4401	80.9974
43.3912	63.1072	81.0058
43.4010	63.5234	81.0141
43.4100	63.6898	81.0224
43.4200	63.0240	81.0308
43.4311	63.0240	81.0391
43.4410	62.9408	81.0475
43.4510	64.0228	81.0558
43.4610	63.6898	81.0642
43.4700	63.6898	81.0725
43.4800	62.9408	81.0809
43.4911	62.9408	81.0893
43.5010	63.0240	81.0976
43.5110	63.4401	81.1060
43.5211	63.3569	81.1144
43.5300	62.6079	81.1228
43.5402	63.6898	81.1312
43.5511	63.6898	81.1396
43.5610	62.9408	81.1479
43.5711	63.8563	81.1563
43.5810	64.1892	81.1647
43.5901	63.2737	81.1731
43.6002	62.6079	81.1815
43.6111	62.9408	81.1898
43.6210	63.5234	81.1982
43.6311	63.2737	81.2066
43.6410	63.1905	81.2149
43.6501	63.0240	81.2233
43.6601	63.1072	81.2316
43.6700	62.9408	81.2400
43.6811	63.6898	81.2483
43.6912	63.6066	81.2567
43.7010	62.9408	81.2651
43.7102	62.8576	81.2734
43.7201	63.6898	81.2818
43.7300	63.0240	81.2901
43.7411	62.9408	81.2985
43.7513	62.8576	81.3069
43.7611	63.1072	81.3152
43.7703	63.2737	81.3236
43.7802	63.1905	81.3320
43.7901	63.6066	81.3403
43.8011	62.7743	81.3487
43.8111	63.3569	81.3571
43.8211	63.7731	81.3655
43.8302	63.5234	81.3738
43.8401	63.5234	81.3822
43.8502	62.7743	81.3906
43.8602	63.1905	81.3990
43.8712	62.8576	81.4073
43.8811	63.1072	81.4157
43.8902	63.6898	81.4241
43.9005	63.6898	81.4325
43.9103	63.1072	81.4409
43.9201	62.4414	81.4493
43.9312	63.3569	81.4577
43.9413	63.8563	81.4661
43.9512	62.2750	81.4745
43.9602	63.1072	81.4830
43.9702	63.4401	81.4914
43.9802	63.5234	81.4998
43.9913	63.4401	81.5082
44.0012	63.9395	81.5167
44.0113	63.6898	81.5251
44.0202	63.3569	81.5336
44.0303	63.3569	81.5421
44.0402	63.2737	81.5506
44.0512	63.1905	81.5591
44.0613	62.7743	81.5676
44.0712	63.2737	81.5761
44.0804	63.5234	81.5846
44.0902	63.1905	81.5932
44.1002	63.1905	81.6018
44.1107	63.3569	81.6104
44.1212	63.3569	81.6190
44.1312	63.7731	81.6276
44.1402	63.9395	81.6362
44.1502	63.1905	81.6449
44.1602	62.9408	81.6536
44.1702	62.8576	81.6623
44.1812	63.8563	81.6711
44.1912	62.6911	81.6799
44.2003	63.3569	81.6886
44.2103	64.0228	81.6975
44.2202	62.9408	81.7063
44.2303	63.6898	81.7152
44.2413	62.8576	81.7241
44.2512	63.1072	81.7330
44.2603	63.4401	81.7420
44.2702	62.7743	81.7510
44.2802	63.1905	81.7600
44.2903	63.6898	81.7690
44.3003	64.1892	81.7781
44.3120	62.4414	81.7872
44.3203	63.3569	81.7963
44.3303	62.8576	81.8055
44.3404	62.9408	81.8146
44.3503	63.6898	81.8239
44.3604	63.5234	81.8331
44.3713	63.1905	81.8424
44.3804	62.8576	81.8517
44.3903	63.6898	81.8611
44.4004	63.2737	81.8705
44.4104	63.9395	81.8799
44.4203	63.6898	81.8893
44.4316	64.1892	81.8988
44.4404	63.2737	81.9084
44.4503	63.5234	81.9180
44.4603	63.1072	81.9276
44.4704	62.8576	81.9372
44.4804	63.8563	81.9469
44.4914	63.2737	81.9567
44.5014	63.1905	81.9664
44.5104	63.3569	81.9763
44.5204	63.6898	81.9861
44.5304	63.2737	81.9960
44.5408	62.9408	82.0060
44.5505	63.1072	82.0160
44.5614	63.1072	82.0261
44.5704	63.6898	82.0362
44.5804	63.6898	82.0463
44.5904	63.2737	82.0565
44.6005	63.3569	82.0668
44.6105	63.1905	82.0771
44.6204	63.4401	82.0874
44.6305	64.0228	82.0978
44.6405	63.5234	82.1083
44.6504	63.1905	82.1187
44.6605	63.0240	82.1293
44.6706	63.1905	82.1399
44.6815	62.9408	82.1505
44.6906	63.3569	82.1613
44.7005	62.8576	82.1720
44.7104	63.7731	82.1828
44.7205	62.9408	82.1937
44.7305	63.6066	82.2047
44.7405	63.4401	82.2157
44.7505	63.4401	82.2267
44.7604	63.6898	82.2379
44.7704	63.7731	82.2490
44.7805	62.7743	82.2603
44.7905	64.0228	82.2716
44.8005	63.5234	82.2829
44.8105	63.9395	82.2944
44.8205	62.9408	82.3059
44.8307	63.9395	82.3174
44.8406	63.2737	82.3290
44.8505	63.6898	82.3407
44.8606	63.6066	82.3524
44.8705	62.7743	82.3643
44.8805	62.9408	82.3761
44.8905	64.1060	82.3881
44.9006	63.7731	82.4001
44.9106	63.7731	82.4122
44.9205	63.7731	82.4243
44.9305	64.3557	82.4365
44.9406	64.1060	82.4488
44.9506	63.3569	82.4612
44.9606	63.1072	82.4736
44.9705	63.3569	82.4861
44.9806	62.8576	82.4986
44.9905	62.9408	82.5112
45.0005	63.4401	82.5239
45.0106	63.7731	82.5366
45.0205	63.8563	82.5494
45.0305	63.6898	82.5623
45.0406	63.6898	82.5753
45.0506	62.6911	82.5883
45.0608	62.7743	82.6013
45.0706	63.6066	82.6145
45.0806	63.3569	82.6277
45.0907	63.2737	82.6409
45.1006	63.1072	82.6543
45.1106	63.3569	82.6677
45.1207	63.4401	82.6811
45.1307	63.4401	82.6947
45.1406	63.5234	82.7083
45.1507	63.6898	82.7219
45.1606	63.1072	82.7356
45.1705	64.0228	82.7494
45.1806	63.3569	82.7632
45.1906	63.5234	82.7772
45.2006	63.1905	82.7911
45.2107	63.7731	82.8052
45.2207	63.4401	82.8193
45.2306	63.5234	82.8334
45.2406	63.4401	82.8477
45.2506	63.8563	82.8620
45.2606	64.0228	82.8763
45.2709	63.1905	82.8907
45.2807	63.5234	82.9052
45.2907	63.1905	82.9197
45.3007	63.6898	82.9343
45.3107	63.4401	82.9490
45.3210	63.8563	82.9637
45.3307	63.1072	82.9785
45.3407	63.6898	82.9934
45.3507	63.6066	83.0083
45.3607	63.6066	83.0233
45.3709	63.3569	83.0383
45.3808	63.1072	83.0534
45.3907	63.2737	83.0686
45.4007	63.8563	83.0839
45.4109	63.4401	83.0992
45.4207	64.0228	83.1145
45.4307	63.1905	83.1300
45.4409	63.9395	83.1455
45.4508	63.3569	83.1610
45.4607	63.4401	83.1766
45.4707	63.1905	83.1923
45.4808	63.8563	83.2081
45.4908	63.9395	83.2239
45.5008	62.9408	83.2398
45.5108	63.3569	83.2557
45.5207	63.6066	83.2717
45.5310	63.7731	83.2878
45.5408	63.9395	83.3039
45.5508	63.0240	83.3201
45.5608	63.7731	83.3364
45.5709	63.1905	83.3527
45.5808	63.6898	83.3691
45.5908	63.6898	83.3855
45.6007	63.9395	83.4020
45.6108	63.6898	83.4185
45.6208	64.4389	83.4351
45.6307	64.0228	83.4518
45.6408	63.8563	83.4685
45.6508	63.4401	83.4853
45.6607	63.9395	83.5021
45.6708	64.6054	83.5190
45.6809	63.7731	83.5359
45.6908	63.8563	83.5529
45.7009	64.5222	83.5699
45.7108	63.6066	83.5870
45.7207	63.6898	83.6041
45.7308	63.6898	83.6213
45.7409	63.5234	83.6386
45.7508	63.7731	83.6559
45.7609	64.0228	83.6732
45.7709	63.3569	83.6906
45.7809	63.7731	83.7080
45.7909	64.6054	83.7254
45.8009	63.6898	83.7429
45.8109	63.6898	83.7605
45.8209	64.6054	83.7781
45.8309	63.9395	83.7957
45.8409	63.5234	83.8134
45.8509	63.5234	83.8311
45.8608	64.1060	83.8488
45.8700	63.2737	83.8666
45.8808	64.3557	83.8844
45.8908	63.6066	83.9023
45.9009	63.6066	83.9202
45.9109	64.2725	83.9381
45.9209	63.5234	83.9561
45.9298	63.8563	83.9741
45.9409	64.1060	83.9921
45.9509	63.8563	84.0102
45.9609	64.0228	84.0283
45.9708	64.1892	84.0464
45.9808	64.5222	84.0646
45.9899	63.8563	84.0828
46.0009	63.8563	84.1010
46.0109	63.8563	84.1193
46.0209	64.5222	84.1375
46.0309	64.5222	84.1559
46.0408	64.1892	84.1742
46.0500	64.1892	84.1925
46.0609	63.7731	84.2109
46.0709	63.7731	84.2293
46.0810	64.5222	84.2477
46.0909	64.1892	84.2662
46.1009	64.5222	84.2847
46.1100	64.1060	84.3032
46.1199	63.8563	84.3217
46.1309	64.6054	84.3402
46.1409	63.6898	84.3588
46.1509	64.5222	84.3774
46.1610	64.8551	84.3960
46.1709	64.0228	84.4146
46.1801	64.5222	84.4333
46.1911	64.8551	84.4519
46.2010	64.0228	84.4706
46.2109	64.0228	84.4893
46.2209	64.1892	84.5080
46.2310	64.6887	84.5268
46.2401	64.3557	84.5455
46.2510	64.5222	84.5642
46.2610	64.5222	84.5830
46.2710	64.0228	84.6018
46.2810	64.1060	84.6206
46.2910	63.6898	84.6394
46.3001	64.3557	84.6582
46.3101	64.5222	84.6770
46.3210	64.1892	84.6958
46.3310	63.8563	84.7147
46.3410	64.5222	84.7335
46.3510	65.0216	84.7524
46.3600	64.2725	84.7712
46.3701	64.8551	84.7901
46.3811	64.3557	84.8090
46.3910	64.2725	84.8279
46.4011	64.3557	84.8468
46.4111	64.4389	84.8657
46.4201	64.6887	84.8846
46.4301	64.1892	84.9035
46.4411	64.4389	84.9224
46.4512	64.3557	84.9414
46.4612	64.2725	84.9603
46.4710	65.2713	84.9792
46.4801	64.5222	84.9981
46.4901	64.6887	85.0170
46.5010	64.3557	85.0359
46.5111	63.8563	85.0548
46.5211	64.1892	85.0737
46.5311	64.3557	85.0926
46.5402	64.1892	85.1115
46.5501	64.6887	85.1304
46.5600	64.6054	85.1493
46.5711	64.5222	85.1681
46.5811	64.1060	85.1870
46.5910	64.3557	85.2059
46.6002	64.5222	85.2247
46.6101	65.0216	85.2436
46.6201	65.0216	85.2625
46.6311	65.1881	85.2813
46.6411	64.5222	85.3002
46.6511	64.5222	85.3191
46.6602	65.3546	85.3379
46.6701	64.8551	85.3568
46.6801	65.0216	85.3757
46.6911	65.2713	85.3945
46.7011	64.7719	85.4134
46.7111	65.0216	85.4322
46.7202	64.6887	85.4511
46.7302	64.5222	85.4699
46.7402	65.0216	85.4888
46.7501	64.5222	85.5076
46.7615	64.7719	85.5265
46.7711	65.1049	85.5453
46.7802	64.6054	85.5642
46.7902	65.1049	85.5830
46.8002	64.7719	85.6019
46.8101	64.5222	85.6207
46.8212	65.1881	85.6396
46.8312	65.1049	85.6584
46.8402	65.3546	85.6773
46.8502	64.3557	85.6961
46.8602	64.7719	85.7150
46.8702	64.6887	85.7338
46.8812	64.6887	85.7527
46.8912	65.1049	85.7716
46.9002	64.8551	85.7904
46.9102	64.8551	85.8093
46.9202	65.1049	85.8281
46.9303	64.9384	85.8470
46.9413	64.5222	85.8659
46.9512	65.3546	85.8847
46.9603	65.5211	85.9036
46.9703	64.5222	85.9224
46.9802	65.4378	85.9413
46.9902	64.3557	85.9601
47.0003	65.0216	85.9790
47.0112	65.3546	85.9978
47.0203	65.5211	86.0167
47.0302	65.1049	86.0355
47.0403	64.6887	86.0543
47.0503	65.6043	86.0732
47.0604	64.9384	86.0920
47.0713	64.9384	86.1109
47.0814	65.3546	86.1297
47.0904	65.5211	86.1485
47.1003	65.6876	86.1674
47.1104	64.7719	86.1862
47.1203	65.6043	86.2051
47.1312	64.9384	86.2239
47.1414	65.9373	86.2428
47.1503	65.1049	86.2616
47.1602	65.1881	86.2804
47.1703	65.1049	86.2992
47.1803	64.9384	86.3181
47.1903	65.1881	86.3369
47.2012	64.8551	86.3557
47.2103	65.3546	86.3745
47.2203	65.3546	86.3933
47.2303	65.2713	86.4122
47.2403	65.4378	86.4310
47.2503	65.3546	86.4498
47.2615	65.6876	86.4686
47.2703	65.6876	86.4875
47.2807	65.6876	86.5063
47.2903	65.5211	86.5251
47.3003	65.7708	86.5440
47.3106	65.5211	86.5628
47.3214	65.0216	86.5817
47.3303	65.2713	86.6005
47.3410	65.1049	86.6193
47.3504	65.9373	86.6382
47.3604	65.3546	86.6570
47.3704	65.1881	86.6758
47.3815	66.0206	86.6947
47.3904	65.1881	86.7135
47.4005	65.0216	86.7324
47.4104	65.8541	86.7512
47.4204	65.1881	86.7701
47.4305	65.7708	86.7890
47.4404	65.5211	86.8079
47.4504	65.6043	86.8267
47.4606	65.8541	86.8456
47.4704	65.8541	86.8645
47.4804	65.8541	86.8834
47.4905	65.5211	86.9023
47.5005	65.4378	86.9212
47.5104	65.5211	86.9401
47.5205	65.8541	86.9590
47.5305	65.6876	86.9779
47.5405	65.6043	86.9968
47.5506	65.5211	87.0156
47.5604	65.5211	87.0345
47.5705	65.1881	87.0534
47.5805	65.1881	87.0723
47.5904	65.3546	87.0912
47.6005	65.8541	87.1100
47.6105	64.9384	87.1289
47.6206	65.7708	87.1477
47.6306	66.0206	87.1666
47.6406	66.0206	87.1854
47.6504	66.0206	87.2042
47.6606	65.4378	87.2230
47.6705	65.6876	87.2418
47.6805	65.8541	87.2606
47.6906	65.6876	87.2793
47.7005	66.1038	87.2981
47.7104	66.0206	87.3168
47.7205	65.8541	87.3356
47.7306	65.8541	87.3543
47.7404	65.6876	87.3730
47.7506	65.8541	87.3916
47.7606	66.0206	87.4103
47.7708	66.0206	87.4289
47.7806	66.2703	87.4475
47.7906	66.0206	87.4661
47.8007	65.6043	87.4847
47.8105	65.7708	87.5032
47.8205	65.1049	87.5218
47.8305	65.6043	87.5403
47.8406	65.6043	87.5588
47.8506	66.0206	87.5772
47.8606	66.0206	87.5956
47.8705	65.5211	87.6140
47.8805	65.9373	87.6324
47.8906	66.1871	87.6507
47.9005	65.6876	87.6691
47.9106	65.1881	87.6874
47.9207	66.5201	87.7056
47.9306	65.6876	87.7239
47.9405	65.8541	87.7421
47.9507	65.7708	87.7602
47.9609	65.9373	87.7784
47.9707	65.9373	87.7965
47.9808	66.0206	87.8146
47.9908	66.2703	87.8327
48.0006	66.0206	87.8507
48.0108	66.2703	87.8687
48.0208	66.0206	87.8866
48.0307	65.5211	87.9045
48.0407	66.1871	87.9224
48.0507	65.3546	87.9402
48.0607	66.2703	87.9581
48.0706	65.2713	87.9758
48.0806	66.1038	87.9935
48.0907	66.1871	88.0112
48.1007	65.8541	88.0289
48.1107	65.9373	88.0465
48.1208	66.4368	88.0641
48.1307	66.2703	88.0816
48.1406	66.7698	88.0991
48.1508	66.6033	88.1166
48.1607	65.9373	88.1340
48.1707	66.0206	88.1514
48.1808	65.8541	88.1687
48.1906	66.8531	88.1860
48.2007	66.3536	88.2032
48.2107	65.8541	88.2204
48.2207	66.5201	88.2376
48.2307	65.8541	88.2547
48.2408	66.1038	88.2717
48.2507	66.3536	88.2887
48.2606	65.8541	88.3057
48.2708	66.1871	88.3226
48.2806	66.1871	88.3394
48.2908	66.1038	88.3562
48.3007	66.1038	88.3730
48.3107	66.2703	88.3897
48.3208	66.1871	88.4063
48.3307	65.6876	88.4229
48.3407	66.2703	88.4395
48.3509	66.5201	88.4560
48.3607	66.5201	88.4724
48.3708	66.2703	88.4888
48.3809	66.4368	88.5051
48.3907	66.1871	88.5213
48.4007	66.3536	88.5375
48.4108	66.1871	88.5536
48.4207	66.4368	88.5697
48.4307	66.1871	88.5857
48.4408	66.1038	88.6016
48.4507	66.0206	88.6175
48.4607	66.6866	88.6333
48.4709	66.0206	88.6491
48.4807	66.5201	88.6648
48.4907	65.8541	88.6804
48.5008	66.6033	88.6960
48.5107	66.7698	88.7116
48.5205	66.6866	88.7270
48.5309	66.3536	88.7424
48.5407	66.3536	88.7578
48.5508	66.9364	88.7731
48.5608	66.6866	88.7883
48.5708	66.8531	88.8035
48.5808	66.2703	88.8186
48.5908	67.0196	88.8337
48.6008	66.7698	88.8487
48.6108	66.4368	88.8637
48.6210	66.1871	88.8786
48.6307	66.3536	88.8934
48.6409	66.3536	88.9082
48.6509	66.3536	88.9229
48.6608	66.1871	88.9376
48.6708	66.5201	88.9522
48.6809	66.5201	88.9668
48.6908	66.1038	88.9813
48.7009	66.8531	88.9958
48.7108	66.2703	89.0102
48.7208	66.5201	89.0246
48.7308	66.6033	89.0389
48.7408	66.0206	89.0532
48.7508	66.0206	89.0674
48.7598	66.3536	89.0816
48.7708	66.3536	89.0957
48.7808	66.5201	89.1098
48.7909	67.0196	89.1238
48.8009	66.6033	89.1377
48.8109	66.8531	89.1516
48.8199	66.7698	89.1654
48.8309	66.6033	89.1792
48.8409	66.6033	89.1929
48.8509	66.6866	89.2066
48.8610	66.6866	89.2202
48.8709	66.9364	89.2338
48.8799	66.5201	89.2473
48.8908	67.0196	89.2608
48.9010	66.7698	89.2742
48.9109	66.8531	89.2876
48.9208	66.7698	89.3009
48.9309	66.8531	89.3142
48.9399	66.5201	89.3274
48.9499	66.4368	89.3405
48.9609	66.8531	89.3536
48.9709	66.3536	89.3667
48.9810	66.2703	89.3797
48.9909	66.9364	89.3927
48.9999	66.8531	89.4056
49.0100	66.6866	89.4184
49.0209	67.1029	89.4312
49.0309	66.8531	89.4440
49.0410	66.6033	89.4567
49.0509	66.8531	89.4694
49.0601	66.8531	89.4820
49.0699	66.9364	89.4945
49.0810	66.6866	89.5071
49.0909	66.5201	89.5195
49.1010	66.3536	89.5319
49.1109	66.7698	89.5443
49.1199	66.6866	89.5566
49.1300	66.2703	89.5689
49.1410	66.4368	89.5811
49.1509	66.8531	89.5932
49.1610	66.5201	89.6053
49.1709	66.6033	89.6174
49.1802	67.0196	89.6294
49.1901	66.2703	89.6414
49.1999	66.8531	89.6533
49.2110	66.6866	89.6651
49.2210	66.6866	89.6769
49.2310	67.1861	89.6886
49.2410	66.7698	89.7003
49.2501	66.7698	89.7119
49.2600	67.0196	89.7235
49.2711	66.5201	89.7350
49.2811	66.3536	89.7465
49.2911	66.6866	89.7579
49.3010	66.8531	89.7693
49.3100	66.6866	89.7806
49.3201	67.1861	89.7919
49.3311	67.0196	89.8031
49.3411	66.8531	89.8142
49.3510	66.6866	89.8254
49.3610	67.1861	89.8364
49.3700	67.0196	89.8474
49.3801	67.3526	89.8584
49.3911	67.6857	89.8694
49.4011	66.7698	89.8803
49.4111	66.8531	89.8911
49.4210	67.1861	89.9019
49.4301	67.4359	89.9127
49.4401	66.3536	89.9235
49.4501	66.8531	89.9342
49.4611	67.0196	89.9449
49.4710	66.3536	89.9555
49.4812	67.1029	89.9661
49.4901	66.9364	89.9767
49.5001	67.1861	89.9873
49.5103	66.6866	89.9978
49.5211	66.8531	90.0083
49.5311	67.1861	90.0187
49.5411	67.0196	90.0292
49.5502	67.5192	90.0396
49.5602	66.8531	90.0500
49.5701	66.8531	90.0603
49.5811	67.1861	90.0706
49.5912	67.1861	90.0809
49.6011	67.0196	90.0912
49.6102	66.5201	90.1014
49.6203	66.3536	90.1116
49.6301	66.8531	90.1218
49.6402	66.8531	90.1320
49.6512	66.9364	90.1421
49.6611	67.5192	90.1522
49.6702	66.9364	90.1623
49.6802	67.1861	90.1724
49.6901	66.8531	90.1824
49.7002	67.2694	90.1925
49.7113	66.8531	90.2025
49.7213	67.5192	90.2125
49.7303	66.6033	90.2224
49.7402	67.2694	90.2324
49.7503	66.6033	90.2423
49.7602	66.7698	90.2522
49.7711	66.1871	90.2620
49.7811	67.8522	90.2719
49.7902	66.6866	90.2817
49.8002	66.8531	90.2915
49.8100	67.1861	90.3013
49.8202	66.8531	90.3111
49.8313	67.1861	90.3209
49.8412	66.7698	90.3306
49.8502	66.8531	90.3404
49.8602	67.3526	90.3501
49.8702	67.1861	90.3598
49.8803	66.8531	90.3695
49.8903	66.7698	90.3792
49.9012	66.7698	90.3888
49.9103	66.5201	90.3985
49.9202	67.1861	90.4081
49.9303	67.1029	90.4178
49.9403	67.0196	90.4274
49.9502	67.0196	90.4370
49.9613	66.5201	90.4466
49.9703	67.3526	90.4562
49.9805	66.5201	90.4658
49.9903	67.1029	90.4754
50.0004	67.0196	90.4850
50.0102	66.7698	90.4946
50.0218	67.1861	90.5041
50.0314	67.1861	90.5137
50.0403	67.1861	90.5233
50.0503	66.6033	90.5328
50.0603	66.5201	90.5424
50.0703	66.6866	90.5519
50.0803	67.4359	90.5614
50.0913	66.8531	90.5710
50.1003	66.7698	90.5805
50.1103	67.1861	90.5901
50.1203	67.1029	90.5996
50.1305	67.0196	90.6092
50.1404	67.1029	90.6187
50.1513	67.1861	90.6283
50.1604	66.2703	90.6378
50.1704	66.7698	90.6474
50.1803	67.1861	90.6570
50.1903	66.6866	90.6665
50.2004	66.7698	90.6761
50.2114	66.5201	90.6856
50.2205	66.6866	90.6952
50.2305	66.9364	90.7048
50.2403	67.5192	90.7143
50.2504	67.1861	90.7239
50.2604	67.1861	90.7335
50.2713	67.1861	90.7431
50.2805	67.1029	90.7526
50.2905	66.6866	90.7622
50.3003	66.6033	90.7718
50.3104	66.7698	90.7814
50.3204	67.1861	90.7910
50.3303	67.1861	90.8005
50.3406	66.8531	90.8101
50.3505	67.1861	90.8197
50.3604	67.0196	90.8293
50.3706	67.0196	90.8389
50.3804	66.5201	90.8485
50.3904	67.0196	90.8581
50.4006	67.3526	90.8677
50.4105	67.5192	90.8773
50.4204	67.1029	90.8869
50.4306	66.6866	90.8965
50.4405	66.8531	90.9061
50.4504	66.7698	90.9156
50.4606	66.6866	90.9252
50.4704	66.2703	90.9348
50.4805	66.8531	90.9444
50.4907	66.9364	90.9540
50.5005	66.8531	90.9636
50.5105	67.2694	90.9731
50.5205	67.1029	90.9827
50.5304	67.5192	90.9923
50.5405	66.7698	91.0019
50.5507	67.1029	91.0115
50.5604	67.1861	91.0211
50.5707	66.7698	91.0307
50.5805	67.5192	91.0402
50.5904	66.6866	91.0498
50.6006	67.0196	91.0594
50.6106	67.5192	91.0690
50.6205	67.0196	91.0786
50.6305	66.7698	91.0882
50.6407	66.8531	91.0978
50.6505	66.8531	91.1074
50.6606	67.5192	91.1169
50.6705	66.7698	91.1265
50.6805	67.1029	91.1361
50.6906	66.6866	91.1457
50.7006	67.1861	91.1553
50.7105	66.6866	91.1649
50.7206	67.0196	91.1745
50.7305	67.0196	91.1841
50.7405	66.6033	91.1937
50.7505	67.6024	91.2033
50.7606	67.0196	91.2129
50.7710	66.6866	91.2225
50.7807	66.9364	91.2321
50.7906	67.2694	91.2417
50.8007	66.7698	91.2513
50.8107	67.1861	91.2609
50.8207	66.7698	91.2705
50.8306	66.8531	91.2801
50.8407	66.6866	91.2897
50.8508	66.8531	91.2993
50.8606	66.8531	91.3090
50.8707	66.6033	91.3186
50.8807	66.5201	91.3282
50.8907	67.0196	91.3378
50.9006	66.6033	91.3474
50.9106	66.6866	91.3570
50.9207	66.6866	91.3666
50.9306	66.8531	91.3763
50.9406	66.6866	91.3859
50.9506	66.6866	91.3955
50.9606	67.1861	91.4051
50.9707	67.0196	91.4148
50.9806	67.0196	91.4244
50.9906	67.4359	91.4340
51.0006	66.7698	91.4436
51.0106	66.5201	91.4533
51.0206	67.0196	91.4629
51.0306	67.2694	91.4725
51.0407	67.6024	91.4822
51.0507	67.2694	91.4918
51.0606	66.6033	91.5015
51.0707	67.6857	91.5111
51.0807	66.6033	91.5208
51.0906	66.8531	91.5304
51.1007	66.7698	91.5401
51.1108	66.5201	91.5497
51.1207	67.3526	91.5594
51.1307	66.6866	91.5690
51.1406	66.6866	91.5787
51.1508	66.7698	91.5883
51.1607	66.6866	91.5980
51.1708	66.6033	91.6077
51.1806	66.6033	91.6173
51.1907	67.5192	91.6270
51.2007	66.7698	91.6367
51.2107	67.6024	91.6463
51.2207	66.1871	91.6560
51.2307	67.0196	91.6657
51.2407	66.6866	91.6754
51.2507	66.7698	91.6850
51.2607	67.3526	91.6947
51.2707	66.9364	91.7044
51.2808	67.0196	91.7141
51.2907	66.7698	91.7238
51.3008	67.0196	91.7335
51.3108	66.6866	91.7431
51.3207	67.3526	91.7528
51.3307	67.1029	91.7625
51.3407	66.9364	91.7722
51.3507	67.1029	91.7819
51.3609	66.6033	91.7916
51.3707	66.8531	91.8013
51.3807	66.8531	91.8110
51.3907	66.7698	91.8207
51.3997	66.6866	91.8304
51.4108	66.6033	91.8401
51.4207	66.5201	91.8498
51.4307	67.0196	91.8595
51.4410	66.6033	91.8693
51.4508	67.2694	91.8790
51.4607	66.5201	91.8887
51.4710	66.9364	91.8984
51.4808	67.1861	91.9081
51.4908	67.1861	91.9179
51.5009	67.4359	91.9276
51.5108	66.6866	91.9373
51.5208	66.6866	91.9470
51.5309	67.6024	91.9568
51.5408	66.9364	91.9665
51.5508	66.8531	91.9763
51.5610	67.0196	91.9860
51.5708	66.5201	91.9957
51.5808	67.2694	92.0055
51.5910	67.1861	92.0152
51.6008	66.6866	92.0250
51.6108	67.3526	92.0347
51.6208	67.0196	92.0445
51.6308	67.2694	92.0542
51.6408	66.5201	92.0640
51.6499	66.8531	92.0738
51.6608	67.1861	92.0835
51.6709	66.9364	92.0933
51.6808	67.2694	92.1030
51.6909	67.0196	92.1128
51.7008	67.2694	92.1226
51.7100	66.9364	92.1323
51.7209	67.4359	92.1421
51.7309	66.8531	92.1519
51.7409	66.6866	92.1617
51.7509	66.7698	92.1714
51.7608	66.6866	92.1812
51.7699	66.8531	92.1910
51.7809	66.8531	92.2008
51.7911	66.8531	92.2106
51.8009	66.6866	92.2204
51.8109	67.1029	92.2301
51.8209	66.6033	92.2399
51.8299	66.5201	92.2497
51.8399	67.0196	92.2595
51.8512	66.9364	92.2693
51.8610	67.1029	92.2791
51.8709	66.9364	92.2889
51.8809	67.1861	92.2987
51.8900	67.5192	92.3085
51.8999	67.1861	92.3183
51.9109	66.8531	92.3281
51.9210	67.1861	92.3379
51.9309	66.7698	92.3478
51.9409	67.0196	92.3576
51.9500	66.9364	92.3674
51.9599	66.8531	92.3772
51.9709	67.1861	92.3870
51.9810	67.2694	92.3968
51.9910	66.6866	92.4066
52.0010	67.1029	92.4165
52.0100	66.7698	92.4263
52.0200	66.6866	92.4361
52.0310	67.0196	92.4460
52.0409	66.7698	92.4558
52.0513	66.7698	92.4656
52.0610	67.0196	92.4755
52.0700	66.9364	92.4853
52.0800	67.1861	92.4951
52.0900	66.5201	92.5050
52.1010	66.6866	92.5148
52.1110	66.8531	92.5247
52.1211	66.6866	92.5345
52.1300	67.0196	92.5444
52.1400	67.1861	92.5542
52.1500	67.3526	92.5641
52.1610	66.6866	92.5739
52.1710	67.1029	92.5838
52.1810	67.5192	92.5937
52.1900	66.6866	92.6035
52.2001	66.8531	92.6134
52.2100	67.0196	92.6233
52.2210	67.0196	92.6331
52.2311	67.2694	92.6430
52.2410	67.0196	92.6529
52.2501	67.3526	92.6628
52.2600	66.9364	92.6726
52.2701	67.4359	92.6825
52.2801	67.1029	92.6924
52.2911	66.6033	92.7023
52.3010	66.7698	92.7122
52.3101	67.1029	92.7220
52.3201	67.1029	92.7319
52.3301	66.9364	92.7418
52.3401	67.4359	92.7517
52.3511	67.0196	92.7616
52.3611	66.7698	92.7715
52.3711	66.8531	92.7814
52.3801	67.2694	92.7913
52.3901	67.1861	92.8012
52.4002	67.0196	92.8111
52.4111	66.6866	92.8210
52.4211	66.8531	92.8309
52.4313	66.7698	92.8409
52.4402	67.1861	92.8508
52.4501	67.6024	92.8607
52.4602	66.6033	92.8706
52.4713	66.6866	92.8805
52.4811	67.0196	92.8904
52.4912	67.0196	92.9004
52.5002	67.0196	92.9103
52.5101	66.6033	92.9202
52.5203	67.4359	92.9302
52.5301	67.3526	92.9401
52.5411	66.4368	92.9500
52.5513	67.1861	92.9600
52.5602	66.6033	92.9699
52.5702	67.6024	92.9799
52.5802	67.3526	92.9898
52.5902	66.8531	92.9998
52.6012	66.3536	93.0097
52.6112	67.6024	93.0197
52.6201	67.0196	93.0296
52.6303	66.5201	93.0396
52.6402	67.0196	93.0495
52.6502	67.1861	93.0595
52.6614	67.1029	93.0695
52.6713	66.5201	93.0794
52.6802	66.8531	93.0894
52.6904	67.1861	93.0993
52.7003	66.9364	93.1093
52.7102	66.8531	93.1193
52.7205	67.0196	93.1293
52.7312	67.1861	93.1392
52.7406	67.3526	93.1492
52.7503	66.9364	93.1592
52.7602	67.2694	93.1692
52.7703	66.5201	93.1791
52.7803	66.8531	93.1891
52.7912	66.6866	93.1991
52.8003	66.3536	93.2091
52.8103	66.8531	93.2191
52.8202	66.7698	93.2291
52.8303	67.0196	93.2391
52.8403	66.6866	93.2491
52.8512	67.1029	93.2591
52.8604	67.2694	93.2691
52.8703	67.1029	93.2791
52.8802	66.7698	93.2891
52.8903	66.8531	93.2991
52.9003	67.2694	93.3091
52.9112	66.7698	93.3191
52.9203	67.3526	93.3291
52.9302	67.1029	93.3391
52.9403	66.8531	93.3491
52.9504	67.5192	93.3591
52.9603	66.5201	93.3692
52.9702	67.3526	93.3792
52.9813	67.3526	93.3892
52.9903	66.9364	93.3992
53.0003	66.5201	93.4092
53.0104	66.3536	93.4192
53.0203	67.0196	93.4293
53.0304	67.1861	93.4393
53.0413	67.0196	93.4493
53.0503	66.9364	93.4593
53.0604	66.8531	93.4694
53.0704	66.8531	93.4794
53.0803	67.1861	93.4894
53.0904	67.1861	93.4995
53.1014	67.1861	93.5095
53.1103	67.0196	93.5195
53.1204	66.8531	93.5296
53.1304	66.6033	93.5396
53.1403	66.6866	93.5497
53.1504	66.7698	93.5597
53.1614	67.1861	93.5698
53.1703	67.4359	93.5798
53.1804	67.0196	93.5899
53.1904	67.1861	93.5999
53.2004	67.0196	93.6100
53.2104	67.2694	93.6201
53.2205	66.6866	93.6301
53.2304	67.3526	93.6402
53.2404	67.1029	93.6502
53.2504	67.0196	93.6603
53.2604	66.8531	93.6704
53.2704	66.1038	93.6804
53.2804	67.1861	93.6905
53.2904	67.8522	93.7006
53.3004	66.3536	93.7106
53.3104	67.1861	93.7207
53.3205	66.6866	93.7308
53.3304	67.0196	93.7409
53.3404	66.4368	93.7509
53.3505	66.6866	93.7610
53.3604	67.4359	93.7711
53.3704	67.2694	93.7812
53.3804	67.0196	93.7913
53.3904	66.8531	93.8014
53.4004	66.8531	93.8114
53.4105	67.1861	93.8215
53.4204	67.1861	93.8316
53.4304	66.8531	93.8417
53.4405	67.0196	93.8518
53.4505	67.1861	93.8619
53.4605	67.0196	93.8720
53.4705	67.1029	93.8821
53.4805	66.7698	93.8922
53.4906	66.5201	93.9023
53.5006	66.6866	93.9124
53.5106	67.1861	93.9225
53.5207	66.6866	93.9326
53.5305	67.1861	93.9428
53.5406	66.9364	93.9529
53.5506	67.8522	93.9630
53.5606	67.2694	93.9731
53.5706	67.2694	93.9832
53.5806	66.9364	93.9933
53.5906	67.1029	94.0035
53.6005	66.9364	94.0136
53.6106	67.3526	94.0237
53.6206	66.6866	94.0338
53.6306	67.0196	94.0440
53.6407	66.9364	94.0541
53.6506	66.4368	94.0642
53.6605	67.3526	94.0744
53.6706	67.1861	94.0845
53.6806	66.9364	94.0947
53.6906	66.7698	94.1048
53.7006	66.9364	94.1150
53.7106	66.5201	94.1251
53.7205	66.6866	94.1353
53.7306	66.6866	94.1454
53.7407	66.7698	94.1556
53.7506	67.1029	94.1657
53.7606	67.4359	94.1759
53.7707	67.0196	94.1861
53.7807	67.3526	94.1962
53.7906	67.1029	94.2064
53.8006	66.8531	94.2165
53.8108	67.0196	94.2267
53.8211	67.2694	94.2368
53.8306	67.1861	94.2470
53.8406	66.7698	94.2572
53.8516	67.4359	94.2673
53.8606	67.0196	94.2775
53.8707	67.3526	94.2877
53.8806	66.4368	94.2979
53.8906	67.1861	94.3080
53.9007	66.8531	94.3182
53.9110	66.6866	94.3284
53.9206	66.5201	94.3386
53.9307	67.0196	94.3488
53.9407	66.7698	94.3589
53.9506	66.6866	94.3691
53.9608	66.8531	94.3793
53.9709	67.0196	94.3895
53.9806	67.1861	94.3997
53.9907	66.6866	94.4099
54.0008	66.7698	94.4201
54.0107	66.8531	94.4303
54.0207	66.6033	94.4405
54.0308	67.4359	94.4507
54.0407	66.6033	94.4609
54.0510	67.2694	94.4711
54.0607	66.8531	94.4814
54.0707	67.0196	94.4916
54.0807	66.8531	94.5018
54.0907	66.9364	94.5120
54.1007	67.1029	94.5222
54.1107	67.0196	94.5324
54.1207	66.6866	94.5426
54.1307	66.7698	94.5529
54.1407	66.0206	94.5631
54.1507	67.0196	94.5733
54.1607	67.2694	94.5835
54.1708	68.0187	94.5937
54.1807	67.2694	94.6040
54.1907	66.8531	94.6142
54.2008	67.2694	94.6244
54.2107	67.1861	94.6346
54.2207	66.9364	94.6449
54.2308	66.8531	94.6551
54.2407	67.0196	94.6653
54.2508	66.8531	94.6756
54.2608	66.9364	94.6858
54.2717	66.5201	94.6961
54.2808	67.1861	94.7063
54.2899	66.6866	94.7166
54.3010	66.8531	94.7268
54.3108	67.0196	94.7371
54.3207	67.1861	94.7473
54.3308	66.6033	94.7575
54.3408	66.5201	94.7678
54.3498	66.0206	94.7780
54.3608	66.6033	94.7883
54.3708	66.8531	94.7986
54.3818	67.3526	94.8088
54.3908	67.0196	94.8191
54.4008	67.5192	94.8293
54.4098	67.2694	94.8396
54.4208	67.0196	94.8499
54.4308	66.9364	94.8602
54.4408	67.0196	94.8704
54.4508	67.0196	94.8807
54.4609	66.6033	94.8910
54.4698	66.5201	94.9012
54.4809	67.0196	94.9115
54.4908	66.5201	94.9218
54.5008	66.6033	94.9321
54.5109	66.9364	94.9424
54.5208	66.6866	94.9527
54.5298	67.0196	94.9630
54.5399	66.6033	94.9732
54.5509	66.4368	94.9835
54.5608	66.5201	94.9938
54.5709	67.0196	95.0041
54.5809	67.0196	95.0144
54.5908	67.0196	95.0247
54.5999	66.7698	95.0350
54.6109	67.2694	95.0453
54.6209	66.6866	95.0556
54.6310	66.6866	95.0660
54.6409	66.9364	95.0763
54.6509	67.1861	95.0866
54.6599	66.4368	95.0969
54.6709	66.6866	95.1072
54.6809	66.7698	95.1176
54.6910	67.0196	95.1279
54.7008	66.6033	95.1382
54.7109	66.7698	95.1485
54.7199	67.6024	95.1589
54.7299	67.1029	95.1692
54.7409	67.1861	95.1795
54.7510	66.6866	95.1899
54.7609	66.7698	95.2002
54.7709	67.0196	95.2105
54.7799	66.6866	95.2209
54.7902	66.8531	95.2312
54.8009	67.4359	95.2416
54.8110	67.4359	95.2519
54.8209	66.9364	95.2622
54.8310	67.4359	95.2726
54.8399	66.6866	95.2829
54.8500	67.6024	95.2933
54.8610	67.1029	95.3036
54.8710	67.0196	95.3140
54.8809	67.1861	95.3243
54.8910	66.6866	95.3347
54.9000	67.5192	95.3451
54.9101	67.0196	95.3554
54.9211	66.8531	95.3658
54.9310	66.8531	95.3762
54.9411	66.5201	95.3865
54.9511	66.9364	95.3969
54.9609	67.0196	95.4073
54.9702	67.4359	95.4176
54.9800	67.0196	95.4280
54.9917	67.1861	95.4384
55.0009	66.6866	95.4488
55.0110	66.9364	95.4592
55.0200	66.6866	95.4696
55.0300	66.5201	95.4799
55.0400	66.8531	95.4903
55.0510	66.9364	95.5007
55.0610	67.4359	95.5111
55.0711	67.6024	95.5215
55.0801	66.9364	95.5319
55.0900	66.6866	95.5423
55.1000	67.0196	95.5527
55.1110	66.7698	95.5631
55.1210	67.0196	95.5735
55.1310	67.0196	95.5839
55.1400	66.9364	95.5943
55.1500	67.0196	95.6047
55.1600	67.4359	95.6152
55.1700	67.2694	95.6256
55.1810	67.6024	95.6360
55.1910	67.0196	95.6464
55.2001	66.8531	95.6568
55.2100	67.2694	95.6672
55.2201	67.1861	95.6777
55.2300	67.4359	95.6881
55.2411	66.6866	95.6985
55.2510	67.1861	95.7089
55.2601	66.7698	95.7194
55.2701	66.7698	95.7298
55.2801	66.5201	95.7402
55.2901	67.1861	95.7507
55.3011	66.7698	95.7611
55.3111	66.8531	95.7715
55.3212	67.0196	95.7820
55.3301	67.4359	95.7924
55.3403	66.8531	95.8029
55.3501	66.7698	95.8133
55.3611	66.6866	95.8237
55.3711	67.1861	95.8342
55.3810	66.6866	95.8446
55.3901	67.2694	95.8551
55.4001	67.3526	95.8655
55.4101	67.6024	95.8760
55.4201	67.1861	95.8864
55.4311	67.0196	95.8969
55.4411	66.8531	95.9073
55.4501	67.0196	95.9178
55.4602	66.9364	95.9283
55.4702	66.5201	95.9387
55.4802	67.5192	95.9492
55.4913	66.6033	95.9597
55.5012	66.5201	95.9701
55.5102	67.1029	95.9806
55.5201	66.9364	95.9911
55.5301	67.3526	96.0015
55.5402	66.5201	96.0120
55.5511	67.0196	96.0225
55.5612	67.0196	96.0330
55.5703	67.6857	96.0434
55.5802	66.8531	96.0539
55.5901	67.6857	96.0644
55.6003	66.9364	96.0749
55.6103	67.0196	96.0854
55.6212	67.0196	96.0959
55.6304	66.6033	96.1064
55.6403	66.9364	96.1169
55.6502	66.1871	96.1274
55.6604	66.8531	96.1379
55.6703	67.1861	96.1484
55.6812	67.0196	96.1589
55.6903	67.0196	96.1694
55.7006	67.1029	96.1799
55.7102	67.6024	96.1904
55.7202	67.0196	96.2009
55.7303	67.1861	96.2114
55.7413	66.9364	96.2219
55.7502	67.0196	96.2325
55.7603	67.4359	96.2430
55.7702	67.1029	96.2535
55.7804	67.1861	96.2640
55.7902	66.6866	96.2746
55.8012	67.1029	96.2851
55.8103	67.6024	96.2956
55.8203	67.0196	96.3061
55.8302	66.8531	96.3167
55.8403	67.0196	96.3272
55.8503	66.7698	96.3377
55.8604	67.1861	96.3483
55.8703	66.6866	96.3588
55.8813	66.6033	96.3693
55.8903	67.4359	96.3799
55.9004	66.6866	96.3904
55.9103	66.2703	96.4010
55.9203	67.1861	96.4115
55.9312	66.6866	96.4221
55.9403	67.4359	96.4326
55.9503	66.7698	96.4432
55.9603	67.1861	96.4537
55.9704	67.2694	96.4643
55.9804	67.0196	96.4748
55.9913	66.8531	96.4854
56.0004	66.9364	96.4960
56.0104	66.5201	96.5065
56.0203	67.4359	96.5171
56.0304	67.1861	96.5277
56.0404	67.3526	96.5382
56.0514	66.8531	96.5488
56.0606	66.8531	96.5594
56.0703	67.4359	96.5699
56.0804	67.0196	96.5805
56.0904	67.4359	96.5911
56.1004	67.1029	96.6017
56.1104	66.8531	96.6123
56.1204	66.6866	96.6229
56.1303	67.1861	96.6335
56.1404	67.5192	96.6440
56.1505	67.1029	96.6546
56.1604	67.1029	96.6652
56.1704	67.5192	96.6758
56.1805	66.8531	96.6864
56.1904	66.4368	96.6970
56.2003	67.2694	96.7076
56.2104	66.6866	96.7182
56.2204	66.8531	96.7288
56.2304	67.1861	96.7395
56.2404	66.8531	96.7501
56.2504	66.8531	96.7607
56.2605	67.3526	96.7713
56.2705	66.8531	96.7819
56.2805	67.6024	96.7925
56.2906	67.2694	96.8031
56.3004	67.0196	96.8138
56.3105	66.8531	96.8244
56.3206	66.9364	96.8350
56.3305	67.0196	96.8456
56.3405	66.5201	96.8563
56.3506	66.3536	96.8669
56.3605	67.9355	96.8775
56.3706	67.0196	96.8882
56.3805	66.6866	96.8988
56.3905	66.9364	96.9095
56.4005	66.8531	96.9201
56.4105	67.5192	96.9307
56.4205	67.4359	96.9414
56.4317	66.6866	96.9520
56.4405	66.4368	96.9627
56.4505	67.0196	96.9733
56.4605	67.2694	96.9840
56.4706	66.8531	96.9946
56.4806	67.1029	97.0053
56.4911	66.9364	97.0159
56.5006	66.7698	97.0266
56.5106	67.0196	97.0373
56.5207	66.8531	97.0479
56.5305	67.0196	97.0586
56.5406	67.0196	97.0692
56.5506	67.0196	97.0799
56.5605	67.0196	97.0906
56.5706	67.0196	97.1012
56.5806	66.6866	97.1119
56.5905	67.2694	97.1226
56.6005	66.8531	97.1333
56.6106	66.6033	97.1439
56.6205	67.1029	97.1546
56.6306	67.3526	97.1653
56.6408	66.8531	97.1760
56.6506	67.1029	97.1867
56.6606	67.3526	97.1974
56.6707	66.7698	97.2080
56.6805	67.6024	97.2187
56.6905	67.4359	97.2294
56.7006	66.7698	97.2401
56.7105	67.0196	97.2508
56.7207	66.9364	97.2615
56.7306	66.6866	97.2722
56.7405	66.6866	97.2829
56.7505	66.5201	97.2936
56.7606	66.8531	97.3043
56.7706	66.5201	97.3150
56.7806	67.2694	97.3258
56.7906	66.8531	97.3365
56.8006	66.8531	97.3472
56.8106	67.6024	97.3579
56.8206	66.8531	97.3686
56.8306	66.6866	97.3793
56.8406	67.6024	97.3901
56.8506	66.7698	97.4008
56.8606	66.8531	97.4115
56.8707	66.5201	97.4222
56.8816	66.8531	97.4330
56.8907	66.9364	97.4437
56.9006	66.8531	97.4544
56.9107	66.8531	97.4651
56.9207	66.8531	97.4759
56.9307	67.1861	97.4866
56.9407	66.9364	97.4974
56.9506	66.7698	97.5081
56.9607	66.6866	97.5188
56.9707	67.1029	97.5296
56.9806	67.1861	97.5403
56.9907	67.0196	97.5511
57.0007	66.8531	97.5618
57.0107	66.7698	97.5726
57.0206	66.6866	97.5834
57.0306	67.0196	97.5941
57.0407	67.2694	97.6049
57.0506	67.0196	97.6156
57.0607	67.4359	97.6264
57.0707	66.6033	97.6372
57.0807	66.8531	97.6479
57.0907	66.6866	97.6587
57.1007	66.3536	97.6695
57.1106	67.1029	97.6802
57.1206	67.0196	97.6910
57.1307	66.6866	97.7018
57.1407	67.2694	97.7126
57.1507	67.0196	97.7233
57.1607	66.8531	97.7341
57.1707	66.9364	97.7449
57.1808	67.2694	97.7557
57.1907	67.5192	97.7665
57.2008	67.2694	97.7773
57.2107	67.2694	97.7880
57.2208	66.8531	97.7988
57.2307	67.4359	97.8096
57.2407	67.4359	97.8204
57.2509	67.0196	97.8312
57.2608	66.6866	97.8420
57.2708	66.6866	97.8528
57.2809	66.8531	97.8636
57.2907	67.6024	97.8745
57.2999	67.3526	97.8853
57.3109	67.3526	97.8961
57.3208	67.6024	97.9069
57.3308	67.4359	97.9177
57.3408	66.8531	97.9285
57.3507	67.0196	97.9393
57.3608	67.0196	97.9501
57.3708	67.0196	97.9610
57.3808	66.6866	97.9718
57.3909	67.0196	97.9826
57.4008	67.5192	97.9934
57.4108	67.4359	98.0043
57.4208	67.0196	98.0151
57.4298	67.1861	98.0259
57.4408	67.4359	98.0367
57.4508	67.4359	98.0476
57.4608	67.3526	98.0584
57.4708	67.3526	98.0692
57.4808	66.0206	98.0801
57.4898	67.0196	98.0909
57.5010	66.6033	98.1018
57.5108	67.4359	98.1126
57.5208	66.8531	98.1235
57.5309	67.0196	98.1343
57.5409	66.8531	98.1452
57.5499	66.9364	98.1560
57.5609	67.1029	98.1669
57.5709	67.2694	98.1777
57.5808	67.1861	98.1886
57.5911	67.3526	98.1995
57.6009	67.2694	98.2103
57.6099	66.8531	98.2212
57.6199	67.0196	98.2321
57.6309	66.6866	98.2430
57.6409	67.5192	98.2538
57.6509	67.1861	98.2647
57.6608	67.2694	98.2756
57.6699	66.5201	98.2865
57.6799	66.6033	98.2973
57.6909	67.4359	98.3082
57.7009	66.8531	98.3191
57.7109	67.7690	98.3300
57.7208	66.6866	98.3409
57.7299	67.9355	98.3518
57.7400	66.7698	98.3627
57.7509	67.0196	98.3736
57.7609	67.2694	98.3845
57.7709	67.2694	98.3954
57.7809	67.3526	98.4063
57.7899	66.5201	98.4172
57.8000	67.0196	98.4281
57.8109	66.8531	98.4390
57.8209	66.8531	98.4499
57.8310	67.2694	98.4608
57.8409	67.1029	98.4717
57.8500	67.2694	98.4826
57.8600	67.0196	98.4935
57.8699	67.0196	98.5044
57.8809	67.8522	98.5154
57.8910	67.0196	98.5263
57.9010	66.7698	98.5372
57.9099	67.6857	98.5481
57.9199	67.3526	98.5590
57.9300	67.1861	98.5700
57.9411	67.4359	98.5809
57.9510	67.3526	98.5918
57.9610	67.6024	98.6028
57.9700	67.3526	98.6137
57.9801	67.2694	98.6246
57.9900	67.2694	98.6356
58.0011	66.7698	98.6465
58.0111	66.8531	98.6574
58.0210	67.2694	98.6684
58.0303	67.0196	98.6793
58.0399	67.1029	98.6903
58.0501	67.0196	98.7012
58.0600	67.4359	98.7122
58.0710	66.7698	98.7231
58.0809	67.0196	98.7341
58.0909	66.3536	98.7450
58.1000	67.0196	98.7560
58.1100	66.6866	98.7669
58.1200	66.8531	98.7779
58.1310	66.9364	98.7888
58.1411	67.1029	98.7998
58.1510	67.0196	98.8108
58.1601	67.2694	98.8217
58.1701	66.8531	98.8327
58.1800	67.1029	98.8437
58.1910	67.3526	98.8547
58.2010	67.6024	98.8656
58.2110	67.3526	98.8766
58.2201	67.1861	98.8876
58.2300	66.9364	98.8985
58.2400	66.6866	98.9095
58.2511	66.7698	98.9205
58.2611	67.2694	98.9315
58.2710	67.2694	98.9424
58.2801	66.6866	98.9534
58.2900	66.7698	98.9644
58.3000	67.4359	98.9753
58.3101	67.3526	98.9863
58.3211	66.6866	98.9973
58.3311	67.4359	99.0083
58.3402	67.2694	99.0193
58.3501	67.3526	99.0303
58.3601	67.2694	99.0413
58.3702	67.4359	99.0523
58.3811	66.9364	99.0633
58.3911	67.2694	99.0743
58.4002	66.6033	99.0853
58.4101	67.0196	99.0963
58.4202	66.8531	99.1073
58.4302	67.0196	99.1183
58.4411	66.6866	99.1293
58.4511	66.8531	99.1403
58.4602	67.2694	99.1514
58.4701	67.1029	99.1624
58.4801	67.4359	99.1734
58.4902	66.6866	99.1844
58.5001	67.6024	99.1955
58.5111	67.2694	99.2065
58.5201	67.2694	99.2175
58.5301	67.2694	99.2286
58.5401	66.7698	99.2396
58.5502	66.9364	99.2507
58.5602	67.2694	99.2617
58.5712	67.4359	99.2727
58.5802	66.5201	99.2838
58.5905	66.9364	99.2948
58.6003	67.4359	99.3059
58.6103	67.0196	99.3169
58.6204	67.2694	99.3280
58.6313	67.2694	99.3390
58.6403	67.1029	99.3501
58.6502	66.8531	99.3612
58.6603	67.1029	99.3722
58.6702	66.8531	99.3833
58.6803	66.3536	99.3944
58.6914	67.0196	99.4054
58.7013	67.1029	99.4165
58.7103	67.4359	99.4276
58.7205	67.1029	99.4386
58.7303	67.1029	99.4497
58.7403	66.7698	99.4608
58.7504	67.1861	99.4719
58.7612	66.9364	99.4829
58.7703	67.4359	99.4940
58.7804	67.5192	99.5051
58.7902	67.2694	99.5162
58.8003	66.5201	99.5273
58.8102	67.2694	99.5384
58.8212	67.1029	99.5495
58.8302	66.7698	99.5606
58.8402	67.2694	99.5717
58.8503	66.7698	99.5828
58.8604	67.1861	99.5939
58.8704	67.1029	99.6050
58.8813	67.2694	99.6161
58.8904	67.5192	99.6272
58.9004	66.8531	99.6383
58.9103	66.6866	99.6494
58.9204	67.2694	99.6605
58.9304	67.1029	99.6716
58.9415	67.2694	99.6827
58.9503	67.0196	99.6939
58.9603	67.2694	99.7050
58.9703	67.1029	99.7161
58.9804	66.7698	99.7272
58.9903	67.1029	99.7383
59.0003	67.3526	99.7495
59.0104	66.9364	99.7606
59.0203	67.0196	99.7717
59.0303	67.3526	99.7828
59.0404	66.7698	99.7940
59.0503	67.5192	99.8051
59.0606	67.1029	99.8162
59.0704	67.1029	99.8274
59.0803	67.1861	99.8385
59.0904	67.4359	99.8497
59.1004	67.0196	99.8608
59.1104	66.5201	99.8719
59.1204	67.5192	99.8831
59.1306	67.6857	99.8942
59.1405	67.1029	99.9054
59.1505	67.4359	99.9166
59.1606	67.2694	99.9277
59.1705	66.4368	99.9389
59.1805	67.1029	99.9500
59.1905	67.2694	99.9612
59.2005	67.3526	99.9723
59.2105	66.9364	99.9835
59.2205	67.1861	99.9947
59.2305	66.8531	100.0059
59.2405	66.7698	100.0170
59.2504	67.2694	100.0282
59.2605	66.7698	100.0394
59.2705	67.1861	100.0505
59.2805	67.3526	100.0617
59.2905	67.2694	100.0729
59.3005	67.0196	100.0841
59.3105	67.2694	100.0953
59.3206	67.1029	100.1064
59.3306	67.4359	100.1176
59.3405	67.1029	100.1288
59.3506	66.8531	100.1400
59.3605	66.7698	100.1512
59.3705	67.1029	100.1624
59.3805	67.2694	100.1736
59.3904	67.0196	100.1848
59.4005	67.1029	100.1960
59.4105	67.4359	100.2072
59.4205	67.2694	100.2184
59.4305	67.4359	100.2296
59.4405	67.1861	100.2408
59.4505	67.1861	100.2520
59.4605	67.2694	100.2632
59.4705	67.2694	100.2744
59.4805	67.1029	100.2856
59.4905	67.3526	100.2969
59.5005	67.5192	100.3081
59.5105	67.2694	100.3193
59.5210	67.0196	100.3305
59.5305	66.7698	100.3417
59.5405	67.4359	100.3529
59.5505	67.1029	100.3642
59.5605	66.8531	100.3754
59.5706	67.1861	100.3866
59.5806	67.6024	100.3979
59.5906	67.5192	100.4091
59.6005	67.6857	100.4203
59.6106	67.3526	100.4316
59.6206	67.6857	100.4428
59.6305	66.7698	100.4540
59.6406	66.8531	100.4653
59.6505	67.0196	100.4765
59.6606	67.1029	100.4878
59.6707	67.0196	100.4990
59.6805	67.2694	100.5103
59.6906	67.1861	100.5215
59.7007	67.0196	100.5328
59.7106	67.4359	100.5440
59.7206	67.1861	100.5553
59.7308	67.0196	100.5665
59.7406	67.1029	100.5778
59.7506	67.4359	100.5890
59.7606	67.0196	100.6003
59.7706	67.0196	100.6116
59.7807	66.9364	100.6228
59.7908	66.5201	100.6341
59.8007	66.2703	100.6454
59.8107	67.4359	100.6566
59.8208	66.7698	100.6679
59.8306	67.6024	100.6792
59.8408	67.2694	100.6904
59.8510	66.9364	100.7017
59.8606	67.4359	100.7130
59.8706	66.9364	100.7242
59.8807	67.1861	100.7355
59.8906	67.6024	100.7468
59.9007	66.9364	100.7581
59.9107	66.9364	100.7694
59.9206	67.1029	100.7807
59.9307	67.1029	100.7919
59.9407	67.7690	100.8032
59.9507	67.7690	100.8145
59.9607	66.8531	100.8258
59.9706	67.1861	100.8371
59.9806	67.6024	100.8484
59.9907	67.4359	100.8597
60.0007	67.0196	100.8710
60.0107	67.0196	100.8823
60.0207	67.1029	100.8936
60.0307	67.2694	100.9049
60.0407	66.5201	100.9162
60.0507	67.1029	100.9275
60.0607	67.1861	100.9389
60.0698	67.6024	100.9502
60.0809	67.7690	100.9615
60.0907	67.1029	100.9728
60.1007	67.4359	100.9841
60.1107	67.0196	100.9955
60.1207	67.3526	101.0068
60.1298	67.0196	101.0181
60.1407	67.1861	101.0295
60.1508	66.7698	101.0408
60.1608	66.8531	101.0521
60.1707	66.8531	101.0635
60.1808	67.3526	101.0748
60.1898	67.1861	101.0862
60.2009	67.4359	101.0975
60.2107	67.0196	101.1088
60.2208	67.1861	101.1202
60.2309	67.2694	101.1315
60.2407	67.2694	101.1429
60.2498	67.0196	101.1542
60.2608	67.2694	101.1656
60.2708	67.2694	101.1769
60.2809	67.1029	101.1883
60.2908	67.2694	101.1996
60.3009	67.1861	101.2110
60.3108	66.9364	101.2224
60.3198	67.4359	101.2337
60.3308	66.6033	101.2451
60.3409	67.5192	101.2564
60.3509	67.1861	101.2678
60.3608	67.3526	101.2792
60.3708	66.7698	101.2906
60.3799	67.5192	101.3019
60.3910	67.1861	101.3133
60.4010	67.2694	101.3247
60.4109	66.7698	101.3360
60.4209	66.7698	101.3474
60.4299	67.2694	101.3588
60.4399	67.2694	101.3702
60.4509	67.4359	101.3816
60.4610	67.1861	101.3929
60.4709	67.8522	101.4043
60.4810	67.2694	101.4157
60.4909	67.1029	101.4271
60.4999	67.1029	101.4385
60.5099	66.0206	101.4499
60.5210	67.1861	101.4613
60.5308	67.1029	101.4727
60.5411	67.0196	101.4840
60.5509	67.2694	101.4954
60.5599	67.4359	101.5068
60.5700	67.4359	101.5183
60.5809	67.1029	101.5297
60.5909	66.9364	101.5411
60.6009	67.1029	101.5525
60.6109	66.7698	101.5639
60.6199	67.5192	101.5753
60.6300	66.8531	101.5867
60.6410	67.2694	101.5981
60.6509	67.1861	101.6096
60.6610	67.6024	101.6210
60.6710	66.7698	101.6324
60.6800	66.9364	101.6438
60.6900	66.7698	101.6552
60.7010	66.9364	101.6667
60.7110	67.1029	101.6781
60.7209	66.8531	101.6895
60.7309	66.9364	101.7010
60.7401	67.6857	101.7124
60.7500	66.9364	101.7238
60.7600	66.6033	101.7353
60.7710	67.1029	101.7467
60.7810	67.2694	101.7581
60.7910	67.2694	101.7696
60.8001	67.2694	101.7810
60.8100	67.2694	101.7925
60.8200	67.6024	101.8039
60.8312	67.2694	101.8154
60.8410	67.1029	101.8268
60.8509	67.1861	101.8383
60.8600	66.9364	101.8498
60.8700	67.1029	101.8612
60.8800	67.6024	101.8727
60.8911	67.6024	101.8841
60.9011	67.3526	101.8956
60.9110	66.7698	101.9071
60.9202	66.7698	101.9185
60.9300	67.0196	101.9300
60.9401	67.2694	101.9415
60.9501	66.9364	101.9530
60.9610	67.2694	101.9644
60.9710	66.9364	101.9759
60.9800	67.3526	101.9874
60.9901	67.3526	101.9989
61.0000	67.1029	102.0104
61.0100	66.7698	102.0219
61.0211	67.1029	102.0334
61.0311	67.1029	102.0448
61.0400	67.2694	102.0563
61.0510	67.2694	102.0678
61.0601	66.3536	102.0793
61.0701	67.0196	102.0908
61.0810	67.5192	102.1023
61.0911	67.2694	102.1138
61.1000	67.3526	102.1253
61.1102	67.1029	102.1368
61.1202	67.3526	102.1483
61.1301	66.9364	102.1598
61.1411	66.7698	102.1713
61.1512	66.9364	102.1828
61.1601	67.6024	102.1943
61.1701	67.6857	102.2058
61.1802	66.9364	102.2174
61.1901	67.1029	102.2289
61.2002	67.2694	102.2404
61.2111	67.2694	102.2519
61.2213	66.8531	102.2634
61.2302	67.4359	102.2749
61.2402	66.6033	102.2865
61.2502	66.9364	102.2980
61.2602	67.4359	102.3095
61.2711	67.4359	102.3211
61.2811	67.2694	102.3326
61.2903	66.9364	102.3441
61.3001	66.1038	102.3557
61.3101	67.2694	102.3672
61.3202	67.7690	102.3787
61.3312	67.1029	102.3903
61.3401	67.1029	102.4018
61.3503	66.9364	102.4134
61.3602	66.9364	102.4249
61.3701	67.6024	102.4365
61.3802	67.0196	102.4480
61.3904	67.0196	102.4596
61.4012	67.4359	102.4711
61.4103	66.9364	102.4827
61.4204	67.1029	102.4943
61.4303	67.2694	102.5058
61.4403	66.5201	102.5174
61.4502	67.3526	102.5290
61.4613	67.1029	102.5405
61.4702	66.9364	102.5521
61.4802	67.4359	102.5637
61.4903	67.2694	102.5752
61.5003	67.1029	102.5868
61.5102	67.2694	102.5984
61.5214	67.2694	102.6100
61.5302	67.0196	102.6216
61.5402	67.2694	102.6331
61.5503	67.4359	102.6447
61.5603	67.2694	102.6563
61.5702	67.2694	102.6679
61.5813	67.1029	102.6795
61.5902	66.9364	102.6911
61.6003	66.9364	102.7027
61.6104	67.1861	102.7143
61.6203	67.7690	102.7259
61.6304	67.1029	102.7375
61.6403	66.6033	102.7491
61.6503	66.9364	102.7607
61.6605	66.9364	102.7723
61.6703	67.2694	102.7839
61.6803	66.7698	102.7956
61.6904	67.1029	102.8072
61.7003	67.2694	102.8188
61.7103	67.5192	102.8304
61.7203	67.6024	102.8420
61.7303	66.7698	102.8537
61.7403	67.1861	102.8653
61.7504	67.2694	102.8769
61.7603	67.1861	102.8886
61.7703	67.1861	102.9002
61.7804	67.2694	102.9118
61.7904	67.1029	102.9235
61.8004	66.6033	102.9351
61.8106	66.9364	102.9467
61.8206	67.9355	102.9584
61.8305	67.1861	102.9700
61.8405	67.0196	102.9817
61.8505	67.0196	102.9933
61.8605	67.0196	103.0050
61.8706	66.9364	103.0166
61.8804	67.6024	103.0283
61.8904	67.4359	103.0399
61.9004	67.1029	103.0516
61.9106	67.1861	103.0632
61.9203	67.2694	103.0749
61.9305	66.6866	103.0866
61.9403	67.2694	103.0982
61.9499	66.4368	103.1099
61.9604	67.2694	103.1216
61.9704	67.1029	103.1332
61.9804	66.6033	103.1449
61.9904	67.1029	103.1566
62.0004	67.2694	103.1682
62.0104	67.3526	103.1799
62.0204	66.9364	103.1916
62.0304	66.6866	103.2032
62.0405	67.5192	103.2149
62.0505	66.6866	103.2266
62.0604	67.0196	103.2383
62.0704	66.6866	103.2500
62.0804	66.9364	103.2617
62.0904	66.6866	103.2734
62.1005	67.1861	103.2850
62.1104	67.0196	103.2967
62.1204	67.2694	103.3084
62.1304	66.8531	103.3201
62.1404	67.1029	103.3318
62.1504	67.2694	103.3435
62.1605	67.1029	103.3552
62.1705	66.6866	103.3669
62.1804	67.1029	103.3786
62.1905	66.4368	103.3904
62.2005	66.9364	103.4021
62.2104	66.8531	103.4138
62.2205	67.4359	103.4255
62.2305	67.1029	103.4372
62.2404	66.9364	103.4489
62.2505	66.9364	103.4606
62.2605	66.8531	103.4724
62.2705	67.4359	103.4841
62.2806	66.9364	103.4958
62.2905	67.5192	103.5075
62.3005	67.1861	103.5192
62.3108	67.9355	103.5310
62.3205	67.5192	103.5427
62.3305	67.1029	103.5544
62.3405	67.1861	103.5662
62.3506	67.4359	103.5779
62.3605	67.2694	103.5896
62.3705	67.6857	103.6014
62.3805	66.9364	103.6131
62.3906	66.9364	103.6249
62.4005	66.6033	103.6366
62.4105	67.2694	103.6483
62.4205	66.9364	103.6601
62.4305	67.4359	103.6718
62.4405	67.4359	103.6836
62.4506	67.4359	103.6953
62.4606	67.2694	103.7071
62.4709	67.1029	103.7188
62.4806	67.1029	103.7306
62.4908	66.7698	103.7423
62.5007	67.4359	103.7541
62.5106	67.3526	103.7659
62.5207	66.9364	103.7776
62.5307	67.2694	103.7894
62.5406	67.4359	103.8012
62.5507	66.4368	103.8129
62.5607	66.9364	103.8247
62.5706	67.4359	103.8365
62.5806	67.2694	103.8482
62.5907	67.0196	103.8600
62.6007	66.9364	103.8718
62.6106	67.2694	103.8836
62.6206	67.2694	103.8953
62.6307	67.1029	103.9071
62.6406	66.3536	103.9189
62.6506	67.2694	103.9307
62.6607	67.2694	103.9425
62.6706	66.7698	103.9543
62.6806	66.9364	103.9661
62.6907	67.1029	103.9778
62.7007	67.1029	103.9896
62.7107	66.7698	104.0014
62.7207	67.2694	104.0132
62.7308	66.9364	104.0250
62.7407	66.7698	104.0368
62.7507	66.9364	104.0487
62.7606	67.1861	104.0605
62.7707	67.2694	104.0723
62.7808	67.1029	104.0841
62.7907	67.7690	104.0959
62.8007	66.6033	104.1077
62.8106	67.1861	104.1195
62.8207	67.1029	104.1313
62.8308	66.9364	104.1432
62.8407	66.7698	104.1550
62.8507	66.6033	104.1668
62.8608	66.6866	104.1786
62.8707	67.0196	104.1905
62.8807	67.4359	104.2023
62.8908	67.2694	104.2141
62.9007	67.1861	104.2260
62.9109	66.4368	104.2378
62.9214	67.1029	104.2496
62.9307	67.2694	104.2615
62.9407	67.1029	104.2733
62.9507	67.3526	104.2852
62.9597	67.4359	104.2970
62.9708	67.2694	104.3088
62.9808	67.3526	104.3207
62.9907	67.1029	104.3325
63.0009	67.1861	104.3444
63.0107	67.4359	104.3563
63.0197	66.4368	104.3681
63.0308	67.4359	104.3800
63.0408	67.7690	104.3918
63.0507	66.6866	104.4037
63.0609	67.3526	104.4156
63.0708	67.1861	104.4274
63.0797	67.2694	104.4393
63.0907	67.2694	104.4512
63.1008	66.7698	104.4630
63.1107	66.7698	104.4749
63.1208	66.5201	104.4868
63.1308	67.5192	104.4987
63.1398	66.9364	104.5105
63.1510	67.2694	104.5224
63.1608	67.1029	104.5343
63.1708	66.7698	104.5462
63.1808	67.2694	104.5581
63.1908	66.1038	104.5700
63.1999	66.9364	104.5819
63.2098	66.7698	104.5938
63.2208	67.0196	104.6057
63.2318	67.0196	104.6176
63.2409	67.6024	104.6295
63.2508	67.4359	104.6414
63.2598	67.4359	104.6533
63.2699	67.2694	104.6652
63.2808	66.8531	104.6771
63.2909	67.2694	104.6890
63.3010	66.6866	104.7009
63.3108	67.3526	104.7129
63.3199	67.6024	104.7248
63.3299	67.4359	104.7367
63.3409	67.4359	104.7486
63.3509	66.9364	104.7606
63.3610	67.1029	104.7725
63.3708	67.4359	104.7844
63.3801	66.9364	104.7963
63.3900	67.1861	104.8083
63.3998	67.6024	104.8202
63.4111	67.2694	104.8321
63.4209	66.9364	104.8441
63.4309	66.7698	104.8560
63.4409	67.4359	104.8680
63.4500	67.1029	104.8799
63.4599	67.1029	104.8918
63.4710	67.2694	104.9038
63.4809	66.9364	104.9157
63.4909	67.1029	104.9277
63.4999	67.2694	104.9396
63.5098	67.6857	104.9516
63.5198	66.9364	104.9636
63.5309	67.0196	104.9755
63.5410	67.1029	104.9875
63.5509	66.7698	104.9995
63.5599	67.1029	105.0114
63.5699	66.5201	105.0234
63.5799	66.6866	105.0354
63.5910	66.7698	105.0473
63.6009	67.9355	105.0593
63.6110	67.1029	105.0713
63.6211	67.1029	105.0832
63.6299	66.9364	105.0952
63.6401	66.8531	105.1072
63.6500	66.9364	105.1192
63.6610	66.9364	105.1312
63.6710	66.7698	105.1432
63.6811	66.9364	105.1551
63.6899	66.7698	105.1671
63.7000	66.7698	105.1791
63.7100	67.6024	105.1911
63.7210	67.2694	105.2031
63.7310	67.1029	105.2151
63.7400	66.4368	105.2271
63.7500	67.6024	105.2391
63.7601	67.4359	105.2511
63.7700	67.6024	105.2631
63.7810	66.1038	105.2751
63.7910	67.1861	105.2871
63.8010	67.1029	105.2991
63.8101	66.7698	105.3111
63.8201	66.7698	105.3231
63.8300	67.1029	105.3351
63.8401	67.4359	105.3471
63.8511	66.9364	105.3591
63.8610	66.9364	105.3711
63.8701	66.8531	105.3831
63.8800	67.4359	105.3952
63.8900	66.9364	105.4072
63.9000	66.8531	105.4192
63.9111	66.9364	105.4312
63.9210	66.6033	105.4433
63.9301	67.1029	105.4553
63.9401	67.1029	105.4673
63.9500	67.2694	105.4794
63.9601	67.1029	105.4914
63.9712	67.4359	105.5034
63.9810	66.6033	105.5155
63.9901	66.9364	105.5275
64.0002	67.2694	105.5395
64.0101	67.1861	105.5516
64.0201	67.0196	105.5636
64.0311	67.2694	105.5757
64.0410	66.9364	105.5877
64.0501	67.1029	105.5998
64.0602	67.2694	105.6118
64.0701	67.6024	105.6239
64.0801	67.1029	105.6359
64.0901	66.7698	105.6480
64.1012	67.5192	105.6600
64.1101	67.0196	105.6721
64.1201	67.2694	105.6842
64.1301	67.2694	105.6962
64.1401	66.9364	105.7083
64.1501	67.4359	105.7203
64.1611	67.2694	105.7324
64.1711	67.4359	105.7445
64.1801	67.2694	105.7565
64.1901	67.1029	105.7686
64.2001	67.2694	105.7807
64.2101	67.4359	105.7928
64.2211	66.9364	105.8048
64.2311	67.2694	105.8169
64.2402	67.1029	105.8290
64.2503	67.2694	105.8411
64.2602	66.3536	105.8532
64.2703	66.9364	105.8652
64.2811	67.1861	105.8773
64.2902	67.2694	105.8894
64.3002	67.1861	105.9015
64.3102	67.3526	105.9136
64.3201	67.2694	105.9257
64.3303	66.4368	105.9378
64.3402	68.2685	105.9499
64.3512	67.4359	105.9620
64.3604	67.2694	105.9741
64.3702	67.1861	105.9862
64.3802	67.2694	105.9983
64.3902	66.9364	106.0104
64.4003	67.2694	106.0225
64.4112	67.1861	106.0346
64.4203	66.8531	106.0467
64.4303	67.1029	106.0588
64.4402	67.0196	106.0709
64.4503	66.6866	106.0831
64.4602	67.1029	106.0952
64.4712	66.6866	106.1073
64.4802	66.7698	106.1194
64.4902	66.7698	106.1315
64.5002	66.9364	106.1437
64.5102	66.8531	106.1558
64.5202	67.1029	106.1679
64.5301	67.1029	106.1800
64.5402	67.2694	106.1922
64.5503	67.2694	106.2043
64.5604	66.7698	106.2164
64.5703	67.3526	106.2286
64.5804	66.4368	106.2407
64.5904	66.7698	106.2529
64.6005	67.4359	106.2650
64.6104	66.6033	106.2771
64.6204	67.1029	106.2893
64.6306	66.6033	106.3014
64.6403	67.1029	106.3136
64.6504	67.2694	106.3258
64.6604	66.7698	106.3379
64.6704	67.5192	106.3501
64.6804	66.9364	106.3622
64.6904	67.2694	106.3744
64.7003	67.2694	106.3866
64.7105	67.1861	106.3987
64.7204	66.9364	106.4109
64.7304	67.6024	106.4231
64.7404	66.7698	106.4353
64.7504	66.6033	106.4474
64.7606	67.1029	106.4596
64.7704	67.3526	106.4718
64.7803	67.1029	106.4840
64.7904	66.9364	106.4961
64.8004	66.6033	106.5083
64.8104	67.1029	106.5205
64.8204	67.1029	106.5327
64.8304	66.9364	106.5449
64.8404	66.9364	106.5571
64.8505	67.4359	106.5693
64.8604	67.4359	106.5815
64.8704	67.3526	106.5937
64.8805	66.6866	106.6059
64.8905	66.4368	106.6181
64.9004	67.2694	106.6303
64.9104	67.2694	106.6425
64.9204	67.6024	106.6547
64.9305	67.0196	106.6669
64.9405	67.1861	106.6791
64.9505	67.2694	106.6914
64.9608	66.6866	106.7036
64.9704	67.1029	106.7158
64.9805	67.1029	106.7280
64.9904	66.7698	106.7402
65.0005	66.9364	106.7524
65.0105	66.6033	106.7647
65.0204	67.0196	106.7769
65.0305	67.6857	106.7891
65.0404	66.6033	106.8013
65.0505	67.2694	106.8136
65.0605	66.9364	106.8258
65.0705	66.7698	106.8380
65.0805	67.4359	106.8503
65.0905	67.2694	106.8625
65.1005	67.1029	106.8747
65.1105	67.3526	106.8870
65.1206	67.1861	106.8992
65.1305	67.3526	106.9115
65.1405	67.1029	106.9237
65.1506	67.2694	106.9360
65.1606	67.5192	106.9482
65.1706	67.6857	106.9605
65.1805	67.0196	106.9727
65.1905	67.8522	106.9850
65.2006	66.1038	106.9972
65.2105	67.1029	107.0095
65.2205	67.1861	107.0217
65.2306	66.9364	107.0340
65.2405	67.4359	107.0463
65.2505	66.9364	107.0585
65.2606	66.9364	107.0708
65.2705	67.1029	107.0831
65.2805	66.9364	107.0953
65.2906	66.6033	107.1076
65.3006	66.7698	107.1199
65.3106	67.1029	107.1321
65.3206	67.4359	107.1444
65.3306	67.2694	107.1567
65.3406	67.2694	107.1690
65.3506	67.2694	107.1813
65.3606	66.7698	107.1936
65.3706	67.2694	107.2058
65.3806	66.6033	107.2181
65.3905	66.7698	107.2304
65.4006	67.3526	107.2427
65.4105	67.2694	107.2550
65.4207	67.1029	107.2673
65.4307	67.4359	107.2796
65.4406	67.1029	107.2919
65.4506	67.1861	107.3042
65.4607	66.8531	107.3165
65.4706	67.2694	107.3288
65.4806	67.2694	107.3411
65.4907	67.2694	107.3535
65.5007	67.1029	107.3658
65.5106	67.1029	107.3781
65.5208	66.8531	107.3904
65.5307	67.2694	107.4027
65.5406	66.9364	107.4150
65.5507	66.6033	107.4274
65.5606	66.9364	107.4397
65.5706	66.6866	107.4520
65.5810	66.6866	107.4644
65.5906	66.1871	107.4767
65.6006	66.5201	107.4890
65.6107	66.9364	107.5014
65.6207	66.7698	107.5137
65.6308	67.3526	107.5260
65.6408	67.6024	107.5384
65.6506	66.4368	107.5507
65.6598	66.3536	107.5630
65.6707	66.7698	107.5754
65.6807	66.9364	107.5877
65.6907	66.9364	107.6001
65.7007	66.9364	107.6124
65.7107	67.6024	107.6248
65.7197	66.9364	107.6371
65.7307	66.9364	107.6495
65.7407	67.1029	107.6618
65.7515	67.0196	107.6742
65.7610	67.0196	107.6866
65.7707	67.1861	107.6989
65.7798	66.7698	107.7113
65.7908	66.9364	107.7237
65.8008	66.9364	107.7360
65.8108	67.1861	107.7484
65.8209	67.6857	107.7608
65.8307	67.0196	107.7732
65.8400	66.9364	107.7855
65.8498	67.3526	107.7979
65.8609	66.9364	107.8103
65.8708	66.6866	107.8227
65.8808	66.6033	107.8351
65.8909	66.9364	107.8474
65.9000	66.7698	107.8598
65.9098	67.1861	107.8722
65.9209	66.9364	107.8846
65.9309	67.6857	107.8970
65.9408	67.0196	107.9094
65.9509	67.5192	107.9218
65.9608	66.7698	107.9343
65.9698	66.4368	107.9467
65.9809	66.2703	107.9591
65.9909	67.3526	107.9715
66.0008	67.1029	107.9839
66.0108	67.0196	107.9963
66.0209	67.2694	108.0087
66.0300	66.9364	108.0212
66.0409	66.8531	108.0336
66.0508	66.9364	108.0460
66.0610	66.7698	108.0584
66.0709	66.8531	108.0708
66.0808	66.5201	108.0833
66.0899	66.8531	108.0957
66.0998	67.3526	108.1081
66.1108	67.4359	108.1206
66.1209	66.7698	108.1330
66.1309	67.1029	108.1455
66.1398	66.9364	108.1579
66.1499	67.3526	108.1703
66.1598	66.6033	108.1828
66.1708	67.3526	108.1952
66.1809	67.0196	108.2077
66.1908	67.2694	108.2201
66.2008	67.1861	108.2326
66.2099	66.7698	108.2450
66.2199	66.9364	108.2575
66.2309	66.7698	108.2699
66.2409	67.0196	108.2824
66.2509	66.9364	108.2948
66.2609	66.3536	108.3073
66.2699	66.9364	108.3197
66.2799	67.6024	108.3322
66.2909	67.2694	108.3446
66.3010	66.6866	108.3571
66.3109	67.4359	108.3696
66.3209	67.1029	108.3820
66.3299	67.0196	108.3945
66.3399	67.0196	108.4070
66.3499	66.7698	108.4195
66.3609	67.2694	108.4319
66.3709	67.2694	108.4444
66.3810	67.1861	108.4569
66.3899	67.0196	108.4693
66.3999	67.1029	108.4818
66.4100	67.1861	108.4943
66.4209	67.2694	108.5068
66.4310	67.1029	108.5193
66.4410	66.7698	108.5318
66.4500	66.8531	108.5443
66.4599	66.9364	108.5568
66.4699	67.3526	108.5692
66.4809	67.6024	108.5817
66.4909	66.8531	108.5942
66.5011	66.8531	108.6068
66.5100	67.2694	108.6193
66.5200	67.1029	108.6318
66.5300	66.9364	108.6443
66.5401	66.6033	108.6568
66.5510	66.7698	108.6693
66.5610	67.4359	108.6818
66.5699	67.2694	108.6943
66.5800	67.0196	108.7068
66.5899	67.1029	108.7194
66.6001	67.1861	108.7319
66.6109	67.6857	108.7444
66.6210	67.6024	108.7569
66.6300	66.8531	108.7694
66.6401	67.1029	108.7820
66.6500	66.9364	108.7945
66.6600	67.1861	108.8070
66.6710	67.1861	108.8196
66.6810	66.4368	108.8321
66.6900	67.2694	108.8446
66.7001	66.7698	108.8572
66.7102	66.7698	108.8697
66.7200	67.2694	108.8823
66.7311	67.0196	108.8948
66.7411	67.0196	108.9074
66.7511	67.3526	108.9199
66.7601	67.0196	108.9325
66.7701	67.3526	108.9450
66.7800	67.0196	108.9576
66.7901	67.1029	108.9701
66.8011	67.3526	108.9827
66.8110	66.6866	108.9953
66.8201	67.4359	109.0078
66.8300	66.9364	109.0204
66.8401	67.3526	109.0329
66.8501	67.4359	109.0455
66.8610	66.9364	109.0581
66.8702	66.9364	109.0706
66.8801	66.8531	109.0832
66.8901	66.5201	109.0958
66.9001	67.3526	109.1084
66.9102	66.7698	109.1209
66.9213	67.2694	109.1335
66.9312	66.7698	109.1461
66.9402	66.9364	109.1587
66.9501	67.1029	109.1713
66.9601	66.6033	109.1838
66.9702	67.4359	109.1964
66.9801	67.7690	109.2090
66.9911	67.2694	109.2216
67.0001	67.6024	109.2342
67.0101	67.3526	109.2468
67.0201	67.8522	109.2594
67.0301	66.7698	109.2720
67.0402	66.7698	109.2846
67.0512	67.1861	109.2972
67.0602	67.3526	109.3098
67.0701	67.2694	109.3224
67.0802	67.4359	109.3350
67.0902	66.5201	109.3477
67.1002	67.1029	109.3603
67.1112	67.1029	109.3729
67.1202	66.8531	109.3855
67.1301	67.1861	109.3981
67.1402	66.9364	109.4108
67.1502	67.4359	109.4234
67.1602	67.1861	109.4360
67.1712	67.1861	109.4487
67.1802	66.9364	109.4613
67.1902	66.9364	109.4739
67.2002	67.5192	109.4866
67.2102	67.4359	109.4992
67.2210	66.6033	109.5119
67.2302	67.1029	109.5245
67.2402	66.1871	109.5371
67.2502	66.4368	109.5498
67.2603	66.6866	109.5624
67.2703	67.2694	109.5751
67.2804	67.6024	109.5877
67.2903	67.4359	109.6004
67.3005	67.2694	109.6130
67.3104	67.4359	109.6257
67.3203	66.4368	109.6384
67.3303	66.7698	109.6510
67.3404	67.4359	109.6637
67.3503	66.7698	109.6763
67.3603	66.6866	109.6890
67.3705	67.1029	109.7017
67.3804	66.9364	109.7144
67.3903	66.8531	109.7270
67.4004	67.9355	109.7397
67.4103	66.8531	109.7524
67.4203	67.1029	109.7651
67.4304	67.2694	109.7777
67.4404	66.7698	109.7904
67.4503	66.7698	109.8031
67.4604	66.7698	109.8158
67.4704	66.7698	109.8285
67.4803	67.1861	109.8412
67.4904	67.4359	109.8539
67.5003	67.1029	109.8666
67.5103	67.1861	109.8793
67.5205	66.9364	109.8920
67.5304	66.6033	109.9047
67.5403	67.4359	109.9174
67.5505	66.8531	109.9301
67.5604	66.7698	109.9428
67.5704	67.6024	109.9555
67.5804	66.9364	109.9682
67.5904	67.3526	109.9809
67.6004	67.5192	109.9936
67.6104	67.1029	110.0064
67.6204	66.6033	110.0191
67.6304	66.9364	110.0318
67.6404	67.2694	110.0445
67.6504	67.4359	110.0572
67.6605	67.1029	110.0700
67.6704	67.1861	110.0827
67.6803	67.2694	110.0954
67.6905	66.9364	110.1082
67.7004	67.1861	110.1209
67.7104	67.4359	110.1337
67.7204	66.9364	110.1464
67.7304	67.3526	110.1591
67.7404	67.1029	110.1719
67.7506	67.1861	110.1846
67.7604	67.0196	110.1974
67.7704	66.9364	110.2101
67.7805	67.1029	110.2229
67.7904	67.1029	110.2357
67.8004	67.1029	110.2484
67.8105	66.9364	110.2612
67.8205	67.4359	110.2740
67.8304	66.7698	110.2867
67.8407	66.9364	110.2995
67.8505	66.6033	110.3123
67.8604	67.6024	110.3250
67.8704	67.1029	110.3378
67.8805	67.0196	110.3506
67.8905	67.7690	110.3634
67.9005	67.5192	110.3761
67.9105	67.5192	110.3889
67.9205	66.7698	110.4017
67.9304	67.1029	110.4145
67.9405	67.2694	110.4273
67.9505	67.1029	110.4401
67.9605	66.6033	110.4529
67.9704	66.6033	110.4657
67.9805	66.9364	110.4784
67.9905	67.1029	110.4912
68.0006	67.2694	110.5040
68.0106	67.1029	110.5168
68.0205	66.9364	110.5297
68.0305	67.6857	110.5425
68.0406	66.7698	110.5553
68.0507	66.9364	110.5681
68.0606	66.9364	110.5809
68.0705	66.9364	110.5937
68.0806	67.3526	110.6065
68.0905	67.3526	110.6193
68.1006	66.9364	110.6321
68.1105	66.9364	110.6450
68.1205	67.1029	110.6578
68.1306	67.4359	110.6706
68.1405	67.1029	110.6834
68.1505	67.0196	110.6963
68.1606	67.1029	110.7091
68.1705	66.9364	110.7219
68.1806	66.7698	110.7348
68.1906	67.5192	110.7476
68.2007	67.1029	110.7604
68.2106	66.7698	110.7733
68.2205	67.1029	110.7861
68.2306	67.0196	110.7990
68.2406	67.1029	110.8118
68.2506	66.9364	110.8247
68.2606	67.2694	110.8375
68.2706	66.9364	110.8504
68.2807	67.1029	110.8632
68.2906	67.1029	110.8761
68.3007	66.8531	110.8889
68.3115	67.1029	110.9018
68.3206	66.4368	110.9147
68.3306	67.7690	110.9275
68.3406	66.9364	110.9404
68.3506	67.3526	110.9533
68.3606	67.1861	110.9662
68.3706	67.2694	110.9790
68.3806	67.1029	110.9919
68.3908	66.9364	111.0048
68.4006	66.9364	111.0177
68.4106	66.7698	111.0306
68.4206	66.6033	111.0435
68.4307	67.4359	111.0564
68.4406	67.2694	111.0693
68.4507	67.1029	111.0822
68.4607	67.5192	111.0951
68.4707	67.1029	111.1080
68.4807	67.6024	111.1209
68.4908	67.1029	111.1338
68.5008	66.6866	111.1467
68.5107	66.6866	111.1596
68.5206	67.0196	111.1725
68.5306	67.2694	111.1854
68.5407	66.7698	111.1983
68.5497	67.2694	111.2112
68.5607	66.6033	111.2242
68.5707	67.4359	111.2371
68.5807	67.3526	111.2500
68.5907	67.1029	111.2629
68.6007	67.2694	111.2758
68.6097	67.3526	111.2888
68.6208	67.0196	111.3017
68.6308	66.6033	111.3146
68.6407	66.9364	111.3276
68.6508	66.9364	111.3405
68.6607	67.3526	111.3534
68.6698	66.9364	111.3664
68.6808	66.5201	111.3793
68.6907	66.7698	111.3923
68.7008	67.1029	111.4052
68.7108	66.9364	111.4181
68.7209	67.3526	111.4311
68.7297	67.1861	111.4441
68.7408	66.7698	111.4570
68.7507	67.2694	111.4700
68.7608	67.2694	111.4830
68.7707	67.1029	111.4959
68.7810	67.6024	111.5089
68.7897	66.6033	111.5219
68.7998	67.0196	111.5349
68.8107	66.2703	111.5478
68.8208	67.3526	111.5608
68.8309	67.2694	111.5738
68.8407	66.7698	111.5868
68.8498	66.8531	111.5998
68.8598	67.1029	111.6128
68.8708	66.3536	111.6258
68.8810	67.1029	111.6388
68.8908	67.4359	111.6518
68.9008	67.1029	111.6648
68.9099	66.7698	111.6778
68.9197	67.1029	111.6908
68.9308	66.8531	111.7038
68.9416	67.2694	111.7168
68.9508	67.1029	111.7298
68.9609	66.9364	111.7428
68.9707	66.6033	111.7558
68.9798	66.2703	111.7689
68.9898	67.1029	111.7819
69.0008	67.1861	111.7949
69.0109	66.9364	111.8079
69.0209	67.0196	111.8209
69.0299	67.8522	111.8340
69.0398	67.1029	111.8470
69.0498	67.3526	111.8600
69.0609	67.4359	111.8730
69.0708	67.2694	111.8861
69.0808	66.9364	111.8991
69.0898	66.3536	111.9121
69.0998	67.2694	111.9252
69.1099	67.4359	111.9382
69.1209	66.9364	111.9512
69.1308	66.6866	111.9643
69.1408	67.1029	111.9773
69.1509	66.9364	111.9904
69.1599	66.6033	112.0034
69.1700	67.5192	112.0165
69.1810	67.2694	112.0295
69.1909	66.8531	112.0426
69.2008	67.1029	112.0556
69.2109	66.9364	112.0687
69.2199	67.0196	112.0818
69.2299	67.2694	112.0948
69.2399	67.4359	112.1079
69.2509	67.1029	112.1210
69.2609	67.1029	112.1340
69.2699	66.7698	112.1471
69.2800	67.1861	112.1602
69.2899	66.4368	112.1732
69.2999	66.6033	112.1863
69.3110	66.8531	112.1994
69.3209	67.2694	112.2125
69.3310	67.2694	112.2256
69.3400	67.3526	112.2386
69.3500	66.7698	112.2517
69.3599	67.2694	112.2648
69.3710	66.9364	112.2779
69.3811	66.9364	112.2910
69.3910	65.9373	112.3041
69.4000	67.5192	112.3172
69.4101	66.1038	112.3303
69.4200	66.9364	112.3434
69.4300	66.8531	112.3565
69.4410	66.6866	112.3696
69.4509	66.8531	112.3827
69.4600	66.7698	112.3958
69.4700	67.1029	112.4089
69.4800	67.2694	112.4220
69.4900	67.1029	112.4351
69.5010	67.2694	112.4482
69.5110	66.4368	112.4613
69.5200	66.6033	112.4744
69.5301	66.6866	112.4875
69.5401	67.0196	112.5007
69.5502	67.5192	112.5138
69.5611	67.2694	112.5269
69.5711	67.5192	112.5400
69.5800	66.1038	112.5532
69.5900	66.3536	112.5663
69.6001	67.5192	112.5794
69.6101	66.8531	112.5925
69.6212	67.0196	112.6057
69.6311	67.8522	112.6188
69.6401	67.4359	112.6319
69.6503	66.7698	112.6451
69.6601	67.4359	112.6582
69.6701	66.6033	112.6714
69.6801	67.6857	112.6845
69.6911	67.8522	112.6976
69.7000	67.4359	112.7108
69.7101	67.1029	112.7239
69.7201	67.7690	112.7371
69.7300	66.7698	112.7502
69.7402	67.7690	112.7634
69.7510	67.0196	112.7765
69.7601	67.2694	112.7897
69.7702	67.2694	112.8028
69.7801	66.4368	112.8160
69.7901	66.7698	112.8292
69.8001	67.6024	112.8423
69.8111	67.1861	112.8555
69.8201	67.1861	112.8687
69.8301	67.3526	112.8818
69.8401	67.4359	112.8950
69.8501	67.1029	112.9082
69.8603	66.6866	112.9213
69.8702	66.6866	112.9345
69.8811	66.6866	112.9477
69.8903	66.9364	112.9609
69.9001	67.1029	112.9741
69.9102	67.1029	112.9872
69.9202	67.1861	113.0004
69.9302	67.1861	113.0136
69.9414	66.5201	113.0268
69.9503	67.0196	113.0400
69.9601	66.5201	113.0532
69.9702	67.1861	113.0664
69.9802	66.9364	113.0796
69.9902	66.8531	113.0928
70.0012	67.1861	113.1060
70.0103	67.4359	113.1192
70.0201	67.1861	113.1324
70.0303	66.6866	113.1456
70.0404	67.1861	113.1588
70.0503	67.5192	113.1720
70.0603	67.1861	113.1852
70.0704	66.7698	113.1984
70.0803	67.4359	113.2117
70.0905	66.9364	113.2249
70.1004	66.9364	113.2381
70.1103	66.2703	113.2513
70.1204	66.2703	113.2645
70.1303	66.8531	113.2777
70.1402	66.6866	113.2909
70.1504	67.1029	113.3041
70.1603	67.1029	113.3173
70.1704	67.6024	113.3306
70.1805	66.4368	113.3438
70.1903	67.4359	113.3570
70.2004	67.4359	113.3702
70.2105	67.4359	113.3834
70.2203	67.2694	113.3967
70.2304	66.4368	113.4099
70.2404	66.6866	113.4231
70.2503	67.2694	113.4363
70.2604	67.8522	113.4495
70.2704	66.8531	113.4628
70.2804	67.9355	113.4760
70.2903	67.6024	113.4892
70.3003	67.1029	113.5025
70.3103	67.7690	113.5157
70.3204	67.3526	113.5290
70.3305	67.4359	113.5422
70.3403	67.2694	113.5554
70.3504	67.2694	113.5687
70.3604	67.2694	113.5819
70.3703	66.5201	113.5952
70.3803	67.1861	113.6084
70.3903	67.1861	113.6217
70.4003	67.1861	113.6349
70.4104	67.2694	113.6482
70.4203	66.9364	113.6615
70.4303	67.1861	113.6747
70.4404	67.0196	113.6880
70.4503	67.3526	113.7013
70.4603	67.5192	113.7146
70.4704	66.9364	113.7278
70.4804	66.6033	113.7411
70.4904	67.4359	113.7544
70.5004	66.4368	113.7677
70.5104	67.7690	113.7809
70.5205	67.1029	113.7942
70.5303	67.1029	113.8075
70.5404	66.8531	113.8208
70.5504	67.8522	113.8341
70.5604	67.7690	113.8474
70.5705	67.1029	113.8607
70.5803	66.4368	113.8740
70.5903	66.7698	113.8873
70.6003	67.1029	113.9006
70.6103	66.7698	113.9139
70.6204	67.1029	113.9272
70.6303	67.1029	113.9405
70.6404	67.5192	113.9539
70.6504	66.6866	113.9672
70.6603	67.0196	113.9805
70.6704	67.2694	113.9938
70.6804	67.2694	114.0072
70.6904	67.1861	114.0205
70.7005	67.6024	114.0338
70.7105	66.9364	114.0471
70.7217	67.4359	114.0605
70.7305	67.0196	114.0738
70.7404	66.9364	114.0871
70.7504	67.4359	114.1005
70.7604	66.4368	114.1138
70.7704	67.2694	114.1272
70.7804	66.3536	114.1405
70.7909	66.9364	114.1538
70.8004	66.9364	114.1672
70.8105	66.8531	114.1805
70.8204	67.2694	114.1939
70.8304	67.2694	114.2072
70.8406	67.2694	114.2206
70.8505	66.7698	114.2339
70.8604	66.5201	114.2472
70.8706	67.4359	114.2606
70.8804	67.3526	114.2739
70.8904	66.9364	114.2873
70.9005	66.8531	114.3007
70.9105	66.6866	114.3140
70.9205	67.6024	114.3274
70.9305	67.1029	114.3407
70.9405	67.5192	114.3541
70.9505	67.4359	114.3674
70.9606	66.6033	114.3808
70.9705	66.8531	114.3942
70.9805	66.7698	114.4075
70.9906	66.8531	114.4209
71.0005	67.1861	114.4343
71.0105	66.7698	114.4476
71.0205	67.3526	114.4610
71.0305	67.6024	114.4744
71.0405	67.1861	114.4878
71.0505	67.6024	114.5011
71.0605	67.1861	114.5145
71.0705	66.6033	114.5279
71.0806	67.1861	114.5413
71.0905	66.9364	114.5547
71.1006	67.1861	114.5681
71.1106	66.9364	114.5814
71.1205	67.1861	114.5948
71.1306	66.7698	114.6082
71.1406	67.0196	114.6216
71.1506	67.1861	114.6350
71.1606	67.3526	114.6484
71.1707	67.2694	114.6618
71.1806	67.6024	114.6752
71.1906	67.0196	114.6886
71.2006	67.4359	114.7020
71.2106	66.8531	114.7154
71.2209	66.6033	114.7288
71.2306	67.5192	114.7422
71.2406	66.8531	114.7556
71.2507	67.2694	114.7691
71.2607	67.1029	114.7825
71.2706	66.7698	114.7959
71.2806	66.7698	114.8093
71.2906	66.9364	114.8227
71.3006	67.1029	114.8361
71.3107	66.7698	114.8496
71.3206	67.2694	114.8630
71.3306	67.6024	114.8764
71.3406	67.6857	114.8898
71.3507	67.1861	114.9033
71.3606	67.4359	114.9167
71.3711	67.4359	114.9301
71.3807	67.6024	114.9436
71.3906	67.4359	114.9570
71.4007	66.2703	114.9704
71.4107	67.1861	114.9839
71.4207	67.2694	114.9973
71.4308	66.8531	115.0108
71.4396	67.3526	115.0242
71.4509	66.9364	115.0377
71.4608	66.9364	115.0511
71.4706	66.9364	115.0646
71.4807	66.7698	115.0780
71.4907	67.2694	115.0915
71.4996	67.3526	115.1049
71.5107	67.2694	115.1184
71.5207	66.5201	115.1319
71.5307	67.4359	115.1453
71.5407	66.9364	115.1588
71.5509	66.9364	115.1722
71.5597	66.8531	115.1857
71.5707	67.4359	115.1992
71.5807	67.6024	115.2127
71.5907	66.9364	115.2261
71.6007	67.4359	115.2396
71.6107	67.0196	115.2531
71.6198	66.7698	115.2666
71.6308	66.7698	115.2800
71.6407	66.7698	115.2935
71.6508	67.1029	115.3070
71.6607	67.4359	115.3205
71.6707	67.1861	115.3340
71.6798	66.9364	115.3475
71.6898	67.0196	115.3609
71.7007	66.9364	115.3744
71.7108	67.1029	115.3879
71.7208	67.2694	115.4014
71.7307	67.1029	115.4149
71.7399	67.6024	115.4284
71.7499	66.7698	115.4419
71.7608	67.2694	115.4554
71.7709	67.0196	115.4689
71.7809	66.7698	115.4824
71.7916	66.3536	115.4959
71.7999	67.2694	115.5095
71.8099	67.1029	115.5230
71.8208	67.1029	115.5365
71.8309	66.7698	115.5500
71.8407	67.8522	115.5635
71.8508	67.4359	115.5770
71.8598	67.6857	115.5906
71.8697	66.9364	115.6041
71.8798	67.2694	115.6176
71.8908	67.1861	115.6311
71.9008	66.8531	115.6447
71.9108	67.2694	115.6582
71.9208	66.9364	115.6717
71.9308	66.9364	115.6853
71.9398	66.9364	115.6988
71.9508	67.5192	115.7123
71.9608	67.2694	115.7259
71.9708	66.7698	115.7395
71.9799	67.1861	115.7531
71.9898	66.6033	115.7668
71.9999	67.4359	115.7804
72.0109	67.1029	115.7941
72.0209	66.5201	115.8078
72.0311	67.2694	115.8214
72.0398	67.1029	115.8351
72.0499	66.6033	115.8488
72.0599	67.0196	115.8625
72.0708	66.6033	115.8762
72.0809	67.0196	115.8899
72.0910	67.1029	115.9036
72.1008	67.5192	115.9173
72.1099	67.2694	115.9310
72.1199	66.6033	115.9448
72.1298	67.1861	115.9585
72.1410	66.6033	115.9722
72.1509	67.1029	115.9860
72.1608	66.8531	115.9997
72.1700	67.6024	116.0135
72.1799	67.6024	116.0272
72.1899	66.6866	116.0409
72.2010	67.4359	116.0547
72.2110	66.7698	116.0684
72.2209	67.2694	116.0821
72.2299	67.0196	116.0958
72.2399	66.3536	116.1096
72.2500	66.9364	116.1233
72.2609	66.9364	116.1370
72.2711	67.4359	116.1507
72.2809	66.7698	116.1643
72.2900	66.9364	116.1780
72.2999	67.1861	116.1917
72.3099	67.1029	116.2054
72.3201	67.1029	116.2191
72.3310	67.4359	116.2328
72.3410	66.6033	116.2465
72.3500	67.1861	116.2602
72.3601	67.1861	116.2739
72.3700	67.2694	116.2876
72.3801	66.9364	116.3013
72.3910	67.0196	116.3150
72.4011	67.1029	116.3288
72.4102	67.1029	116.3425
72.4200	67.1029	116.3562
72.4301	66.6033	116.3699
72.4401	67.1029	116.3836
72.4510	67.6024	116.3973
72.4610	66.6033	116.4110
72.4700	67.1029	116.4247
72.4801	66.9364	116.4384
72.4901	67.2694	116.4521
72.5001	66.7698	116.4658
72.5111	67.1861	116.4796
72.5211	67.1029	116.4933
72.5300	66.7698	116.5070
72.5401	66.8531	116.5207
72.5501	67.2694	116.5345
72.5600	66.6866	116.5482
72.5701	67.1029	116.5619
72.5810	67.2694	116.5756
72.5902	67.1029	116.5893
72.6000	67.2694	116.6030
72.6100	67.9355	116.6167
72.6204	67.7690	116.6304
72.6300	67.1029	116.6441
72.6412	67.5192	116.6578
72.6511	66.9364	116.6715
72.6601	67.6857	116.6851
72.6701	67.1029	116.6988
72.6801	66.9364	116.7124
72.6901	67.2694	116.7261
72.7011	66.8531	116.7397
72.7101	67.1861	116.7534
72.7201	66.8531	116.7670
72.7301	66.7698	116.7806
72.7402	66.6033	116.7943
72.7502	67.2694	116.8079
72.7611	67.4359	116.8215
72.7702	66.8531	116.8352
72.7802	67.3526	116.8488
72.7901	66.7698	116.8624
72.8003	67.4359	116.8759
72.8101	67.6024	116.8895
72.8202	67.1029	116.9031
72.8304	66.9364	116.9166
72.8403	67.4359	116.9301
72.8502	67.7690	116.9436
72.8603	67.6024	116.9571
72.8703	67.2694	116.9705
72.8802	67.6024	116.9839
72.8904	66.9364	116.9973
72.9002	67.2694	117.0107
72.9102	66.7698	117.0240
72.9204	67.1029	117.0373
72.9303	67.6024	117.0506
72.9403	66.7698	117.0638
72.9503	66.9364	117.0770
72.9602	66.6033	117.0902
72.9703	67.0196	117.1034
72.9803	66.6033	117.1165
72.9903	66.8531	117.1296
73.0004	67.2694	117.1427
73.0103	66.9364	117.1558
73.0202	67.2694	117.1688
73.0302	67.1029	117.1818
73.0403	66.7698	117.1947
73.0502	67.2694	117.2077
73.0603	67.3526	117.2205
73.0703	66.9364	117.2334
73.0803	67.4359	117.2462
73.0903	67.1861	117.2589
73.1002	67.2694	117.2716
73.1103	67.1029	117.2843
73.1202	66.7698	117.2969
73.1302	66.9364	117.3095
73.1411	66.4368	117.3220
73.1503	66.6033	117.3345
73.1603	66.6033	117.3470
73.1703	66.1871	117.3594
73.1804	66.7698	117.3717
73.1903	67.1029	117.3840
73.2003	67.1029	117.3963
73.2104	66.9364	117.4085
73.2202	67.3526	117.4207
73.2304	66.7698	117.4328
73.2404	67.1029	117.4449
73.2502	67.4359	117.4569
73.2603	67.4359	117.4689
73.2703	67.0196	117.4808
73.2803	67.0196	117.4927
73.2903	67.2694	117.5046
73.3004	67.5192	117.5164
73.3103	67.1029	117.5281
73.3203	67.1029	117.5398
73.3303	66.4368	117.5514
73.3404	66.7698	117.5630
73.3505	66.7698	117.5745
73.3603	66.7698	117.5860
73.3704	66.9364	117.5974
73.3806	66.6033	117.6088
73.3903	67.3526	117.6201
73.4004	67.1029	117.6313
73.4105	67.1029	117.6425
73.4204	67.4359	117.6536
73.4304	67.2694	117.6646
73.4404	67.4359	117.6756
73.4503	67.4359	117.6866
73.4603	66.9364	117.6974
73.4704	67.1861	117.7083
73.4804	67.3526	117.7190
73.4904	67.1861	117.7297
73.5004	66.8531	117.7403
73.5103	66.4368	117.7508
73.5204	67.0196	117.7613
73.5304	67.4359	117.7717
73.5404	66.4368	117.7821
73.5504	66.5201	117.7924
73.5604	66.7698	117.8027
73.5704	67.1029	117.8128
73.5804	66.9364	117.8229
73.5904	67.4359	117.8330
73.6006	66.6033	117.8430
73.6104	67.4359	117.8529
73.6204	66.6033	117.8627
73.6304	67.0196	117.8725
73.6404	67.1029	117.8822
73.6504	66.6033	117.8919
73.6604	67.4359	117.9014
73.6704	67.6024	117.9110
73.6804	67.1861	117.9204
73.6905	66.9364	117.9298
73.7005	66.6866	117.9392
73.7104	67.1029	117.9484
73.7205	67.1029	117.9577
73.7304	66.9364	117.9668
73.7404	66.6866	117.9759
73.7505	67.1029	117.9850
73.7604	67.4359	117.9939
73.7704	66.9364	118.0028
73.7807	67.1029	118.0117
73.7904	66.5201	118.0205
73.8006	66.7698	118.0292
73.8105	66.7698	118.0379
73.8204	67.1029	118.0465
73.8305	67.1029	118.0551
73.8405	66.6866	118.0636
73.8505	67.0196	118.0720
73.8605	67.3526	118.0804
73.8705	67.1861	118.0888
73.8805	66.8531	118.0970
73.8905	67.1029	118.1052
73.9006	66.6866	118.1134
73.9105	67.2694	118.1214
73.9206	68.1020	118.1295
73.9306	66.6033	118.1374
73.9405	67.2694	118.1453
73.9505	66.7698	118.1532
73.9606	67.1029	118.1609
73.9705	66.1038	118.1686
73.9806	66.7698	118.1763
73.9906	66.6033	118.1839
74.0006	67.0196	118.1914
74.0106	66.7698	118.1989
74.0207	66.9364	118.2063
74.0305	67.5192	118.2136
74.0406	66.4368	118.2209
74.0506	66.7698	118.2281
74.0606	67.3526	118.2353
74.0706	67.1029	118.2424
74.0807	66.6866	118.2494
74.0907	67.2694	118.2564
74.1006	67.1029	118.2633
74.1107	66.4368	118.2702
74.1207	67.0196	118.2770
74.1307	66.4368	118.2837
74.1396	66.0206	118.2904
74.1507	67.4359	118.2970
74.1606	66.2703	118.3036
74.1706	66.9364	118.3101
74.1807	66.8531	118.3165
74.1906	66.4368	118.3229
74.1996	66.7698	118.3292
74.2108	66.6866	118.3355
74.2206	67.3526	118.3417
74.2306	66.7698	118.3479
74.2407	67.1861	118.3540
74.2507	66.7698	118.3600
74.2606	67.1029	118.3660
74.2707	66.5201	118.3720
74.2807	66.6866	118.3779
74.2908	66.6033	118.3838
74.3008	66.1038	118.3896
74.3107	67.1029	118.3954
74.3198	66.4368	118.4011
74.3297	66.0206	118.4068
74.3408	67.1861	118.4124
74.3508	66.6033	118.4180
74.3607	67.2694	118.4236
74.3706	66.7698	118.4291
74.3797	66.9364	118.4345
74.3897	66.6033	118.4399
74.4007	66.6033	118.4453
74.4108	66.9364	118.4506
74.4207	66.4368	118.4559
74.4307	66.1038	118.4612
74.4407	66.6866	118.4664
74.4497	67.0196	118.4716
74.4607	66.8531	118.4767
74.4707	67.1861	118.4819
74.4807	66.8531	118.4869
74.4907	66.9364	118.4920
74.5008	66.3536	118.4970
74.5097	66.5201	118.5020
74.5208	66.8531	118.5069
74.5308	66.7698	118.5119
74.5407	66.5201	118.5167
74.5510	66.6033	118.5216
74.5598	66.7698	118.5264
74.5697	66.7698	118.5312
74.5797	66.0206	118.5359
74.5907	67.2694	118.5406
74.6007	66.7698	118.5453
74.6109	66.6866	118.5500
74.6207	66.6033	118.5546
74.6298	67.1861	118.5592
74.6398	66.7698	118.5638
74.6508	66.7698	118.5684
74.6607	67.2694	118.5729
74.6709	66.1871	118.5775
74.6807	67.1861	118.5820
74.6898	67.2694	118.5865
74.6998	66.9364	118.5909
74.7108	66.1038	118.5954
74.7208	66.4368	118.5998
74.7310	66.7698	118.6042
74.7408	66.1871	118.6086
74.7499	66.3536	118.6129
74.7599	66.2703	118.6173
74.7708	65.5211	118.6216
74.7808	66.5201	118.6259
74.7908	66.7698	118.6302
74.8008	66.6033	118.6344
74.8098	66.6866	118.6387
74.8198	66.1038	118.6429
74.8298	66.5201	118.6471
74.8408	66.8531	118.6514
74.8511	66.4368	118.6556
74.8608	66.8531	118.6597
74.8699	66.2703	118.6639
74.8798	66.3536	118.6681
74.8898	66.3536	118.6723
74.9009	66.6033	118.6764
74.9108	66.5201	118.6806
74.9208	66.6033	118.6847
74.9301	66.5201	118.6888
74.9400	66.4368	118.6930
74.9499	66.9364	118.6971
74.9609	66.1038	118.7012
74.9709	65.9373	118.7053
74.9809	65.7708	118.7094
74.9899	66.3536	118.7135
75.0000	66.9364	118.7176
75.0099	65.7708	118.7217
75.0199	66.2703	118.7258
75.0310	66.4368	118.7299
75.0409	66.1871	118.7339
75.0500	66.0206	118.7380
75.0599	65.7708	118.7421
75.0699	66.1038	118.7462
75.0799	66.3536	118.7502
75.0909	66.2703	118.7543
75.1016	66.2703	118.7584
75.1099	66.6033	118.7625
75.1199	66.6033	118.7666
75.1299	65.9373	118.7706
75.1399	66.1038	118.7747
75.1510	66.2703	118.7788
75.1609	66.5201	118.7830
75.1700	66.1871	118.7871
75.1799	66.2703	118.7912
75.1900	65.6876	118.7953
75.1999	65.8541	118.7995
75.2109	66.6866	118.8036
75.2209	65.1881	118.8078
75.2299	66.4368	118.8119
75.2400	65.9373	118.8161
75.2500	66.2703	118.8202
75.2600	65.7708	118.8244
75.2701	65.6876	118.8286
75.2809	66.0206	118.8327
75.2910	66.5201	118.8369
75.3000	65.7708	118.8411
75.3100	65.8541	118.8453
75.3200	66.3536	118.8495
75.3300	66.1871	118.8537
75.3410	66.0206	118.8579
75.3510	66.0206	118.8621
75.3600	66.4368	118.8663
75.3700	66.0206	118.8705
75.3800	66.1871	118.8747
75.3901	66.0206	118.8789
75.4010	65.9373	118.8832
75.4110	65.6043	118.8874
75.4201	66.0206	118.8916
75.4300	66.2703	118.8958
75.4400	65.9373	118.9000
75.4500	65.7708	118.9043
75.4600	66.1038	118.9085
75.4710	65.8541	118.9127
75.4802	65.6876	118.9169
75.4901	65.9373	118.9212
75.5002	65.1049	118.9254
75.5101	65.7708	118.9296
75.5201	65.7708	118.9339
75.5311	66.1038	118.9381
75.5401	65.7708	118.9423
75.5500	65.8541	118.9465
75.5602	65.8541	118.9507
75.5702	65.5211	118.9549
75.5802	66.1038	118.9592
75.5903	65.5211	118.9634
75.6002	65.6043	118.9676
75.6102	65.6043	118.9718
75.6202	66.0206	118.9760
75.6302	65.6043	118.9803
75.6402	65.5211	118.9845
75.6502	65.4378	118.9887
75.6602	64.9384	118.9930
75.6702	65.1881	118.9972
75.6802	65.4378	119.0014
75.6902	65.4378	119.0057
75.7003	65.7708	119.0099
75.7101	65.1049	119.0141
75.7202	65.4378	119.0184
75.7302	65.6876	119.0226
75.7402	64.9384	119.0268
75.7502	65.2713	119.0311
75.7602	65.4378	119.0353
75.7702	65.7708	119.0395
75.7802	65.2713	119.0438
75.7904	65.1881	119.0480
75.8003	65.8541	119.0523
75.8102	65.7708	119.0566
75.8202	65.5211	119.0608
75.8302	65.4378	119.0651
75.8402	65.4378	119.0694
75.8503	65.4378	119.0736
75.8603	65.2713	119.0779
75.8702	65.2713	119.0822
75.8803	65.0216	119.0864
75.8904	65.3546	119.0907
75.9003	64.9384	119.0950
75.9103	65.2713	119.0993
75.9203	64.9384	119.1035
75.9302	65.3546	119.1078
75.9403	65.0216	119.1121
75.9504	64.9384	119.1164
75.9602	65.4378	119.1207
75.9703	65.9373	119.1250
75.9803	65.2713	119.1292
75.9903	64.8551	119.1335
76.0003	65.2713	119.1378
76.0103	65.2713	119.1421
76.0203	65.2713	119.1464
76.0304	65.6043	119.1507
76.0402	64.7719	119.1550
76.0503	64.7719	119.1593
76.0604	64.9384	119.1636
76.0703	64.8551	119.1679
76.0803	65.1049	119.1722
76.0903	64.9384	119.1765
76.1002	65.4378	119.1808
76.1103	64.7719	119.1850
76.1204	64.9384	119.1893
76.1303	64.4389	119.1936
76.1403	64.4389	119.1979
76.1503	65.2713	119.2022
76.1603	65.2713	119.2065
76.1704	64.8551	119.2108
76.1804	65.2713	119.2152
76.1903	64.9384	119.2195
76.2004	65.1049	119.2238
76.2103	64.7719	119.2281
76.2203	64.6054	119.2324
76.2304	65.1881	119.2368
76.2404	65.0216	119.2411
76.2503	65.1881	119.2455
76.2604	64.7719	119.2498
76.2704	64.9384	119.2542
76.2804	65.4378	119.2586
76.2904	64.6054	119.2630
76.3004	65.1049	119.2674
76.3104	65.3546	119.2718
76.3204	65.2713	119.2763
76.3304	65.2713	119.2807
76.3404	64.8551	119.2852
76.3504	64.8551	119.2897
76.3605	65.3546	119.2942
76.3704	65.0216	119.2987
76.3805	64.6054	119.3033
76.3903	64.5222	119.3079
76.4005	64.4389	119.3125
76.4104	64.6887	119.3171
76.4204	65.2713	119.3217
76.4305	64.9384	119.3264
76.4404	64.6887	119.3311
76.4504	64.2725	119.3358
76.4605	64.9384	119.3405
76.4704	64.6054	119.3453
76.4804	64.6054	119.3501
76.4905	64.6054	119.3549
76.5005	65.1049	119.3597
76.5104	64.7719	119.3646
76.5205	64.7719	119.3695
76.5304	64.6054	119.3744
76.5404	64.6054	119.3794
76.5505	64.6054	119.3844
76.5604	65.2713	119.3894
76.5704	64.9384	119.3944
76.5805	63.7731	119.3995
76.5904	64.8551	119.4046
76.6009	65.1049	119.4098
76.6105	64.3557	119.4150
76.6205	64.2725	119.4202
76.6305	64.6054	119.4255
76.6404	65.1049	119.4308
76.6504	64.8551	119.4361
76.6605	64.9384	119.4415
76.6704	65.1049	119.4469
76.6804	64.6054	119.4523
76.6906	64.3557	119.4578
76.7005	64.2725	119.4633
76.7104	64.3557	119.4689
76.7206	64.6054	119.4745
76.7305	64.5222	119.4801
76.7405	64.9384	119.4858
76.7506	64.0228	119.4915
76.7605	64.5222	119.4973
76.7705	64.2725	119.5031
76.7807	63.9395	119.5090
76.7906	64.0228	119.5149
76.8005	64.1060	119.5208
76.8107	64.4389	119.5268
76.8205	64.1892	119.5328
76.8305	64.4389	119.5389
76.8407	64.7719	119.5451
76.8505	64.5222	119.5513
76.8605	64.6054	119.5575
76.8707	64.6054	119.5638
76.8805	64.3557	119.5701
76.8905	64.3557	119.5765
76.9007	63.7731	119.5830
76.9106	63.9395	119.5895
76.9205	63.8563	119.5960
76.9307	64.1060	119.6026
76.9407	64.1060	119.6092
76.9505	64.6054	119.6160
76.9605	64.3557	119.6227
76.9707	64.4389	119.6296
76.9806	64.6054	119.6364
76.9907	64.1060	119.6434
77.0006	64.1892	119.6504
77.0106	64.1892	119.6574
77.0207	64.3557	119.6646
77.0296	64.4389	119.6717
77.0406	63.6898	119.6790
77.0506	63.8563	119.6863
77.0607	64.1060	119.6936
77.0707	63.9395	119.7011
77.0810	63.8563	119.7086
77.0896	64.4389	119.7161
77.1007	64.6054	119.7237
77.1106	64.2725	119.7314
77.1206	64.0228	119.7391
77.1307	64.2725	119.7469
77.1406	63.2737	119.7548
77.1496	63.9395	119.7627
77.1607	63.7731	119.7707
77.1707	64.0228	119.7788
77.1807	64.2725	119.7869
77.1907	63.5234	119.7951
77.2012	63.9395	119.8034
77.2106	63.9395	119.8117
77.2207	63.7731	119.8201
77.2308	63.7731	119.8285
77.2407	64.1892	119.8370
77.2507	64.2725	119.8456
77.2608	64.0228	119.8543
77.2699	64.2725	119.8629
77.2797	63.2737	119.8717
77.2907	63.7731	119.8805
77.3007	63.8563	119.8894
77.3107	63.9395	119.8983
77.3207	63.5234	119.9073
77.3298	63.7731	119.9164
77.3399	63.5234	119.9255
77.3508	63.7731	119.9346
77.3608	63.7731	119.9439
77.3708	63.6898	119.9531
77.3807	63.6898	119.9625
77.3907	64.0228	119.9719
77.3998	63.7731	119.9813
77.4107	63.5234	119.9908
77.4208	63.7731	120.0004
77.4309	64.3557	120.0100
77.4407	63.8563	120.0197
77.4507	64.2725	120.0294
77.4597	64.1892	120.0392
77.4697	63.3569	120.0490
77.4808	64.3557	120.0589
77.4907	63.7731	120.0689
77.5007	63.6066	120.0789
77.5098	64.1892	120.0890
77.5197	63.5234	120.0991
77.5300	63.2737	120.1093
77.5409	64.0228	120.1195
77.5508	63.2737	120.1298
77.5608	63.7731	120.1402
77.5708	63.9395	120.1506
77.5797	62.8576	120.1611
77.5898	64.0228	120.1716
77.6008	63.5234	120.1822
77.6108	63.1905	120.1928
77.6208	63.6066	120.2035
77.6308	63.7731	120.2143
77.6398	63.7731	120.2251
77.6498	64.1060	120.2360
77.6609	63.9395	120.2469
77.6708	63.5234	120.2578
77.6808	63.5234	120.2689
77.6908	64.0228	120.2800
77.6999	63.7731	120.2911
77.7098	63.6066	120.3023
77.7198	63.5234	120.3136
77.7310	63.1905	120.3249
77.7409	63.4401	120.3362
77.7508	63.3569	120.3476
77.7599	63.6066	120.3591
77.7700	63.4401	120.3706
77.7799	63.1072	120.3822
77.7909	63.6066	120.3939
77.8009	63.9395	120.4056
77.8109	63.3569	120.4173
77.8199	63.9395	120.4291
77.8299	63.5234	120.4410
77.8398	64.1060	120.4529
77.8509	63.6066	120.4649
77.8610	63.0240	120.4769
77.8709	63.6066	120.4891
77.8800	63.1905	120.5012
77.8900	63.7731	120.5134
77.8999	63.6066	120.5257
77.9100	63.9395	120.5381
77.9210	63.1905	120.5505
77.9308	63.1905	120.5630
77.9398	63.4401	120.5755
77.9498	63.2737	120.5881
77.9599	63.6898	120.6008
77.9699	63.7731	120.6135
77.9809	63.5234	120.6262
77.9909	63.4401	120.6390
78.0000	62.8576	120.6519
78.0099	63.5234	120.6648
78.0201	63.3569	120.6778
78.0301	63.4401	120.6908
78.0409	63.5234	120.7038
78.0509	64.0228	120.7169
78.0599	63.6898	120.7301
78.0699	63.9395	120.7433
78.0800	63.1905	120.7565
78.0901	63.0240	120.7698
78.1010	63.4401	120.7831
78.1110	63.1905	120.7965
78.1200	62.8576	120.8099
78.1299	63.2737	120.8233
78.1399	63.5234	120.8368
78.1501	63.1905	120.8503
78.1599	63.4401	120.8638
78.1710	63.9395	120.8774
78.1800	63.6898	120.8910
78.1899	63.1072	120.9046
78.2000	63.4401	120.9182
78.2100	63.6066	120.9319
78.2200	63.9395	120.9457
78.2309	63.4401	120.9594
78.2400	62.6911	120.9732
78.2500	62.9408	120.9870
78.2600	63.5234	121.0009
78.2699	63.2737	121.0147
78.2813	63.4401	121.0286
78.2911	63.1905	121.0426
78.3011	63.6898	121.0566
78.3100	63.0240	121.0706
78.3201	63.4401	121.0846
78.3300	63.2737	121.0986
78.3401	63.7731	121.1127
78.3502	63.4401	121.1268
78.3612	63.4401	121.1410
78.3700	63.6066	121.1551
78.3802	63.1905	121.1693
78.3902	63.4401	121.1835
78.4003	63.7731	121.1978
78.4103	63.3569	121.2120
78.4201	63.4401	121.2263
78.4303	63.4401	121.2406
78.4403	63.6066	121.2549
78.4502	62.9408	121.2693
78.4603	63.1905	121.2836
78.4703	63.6898	121.2980
78.4811	63.1072	121.3124
78.4903	62.8576	121.3268
78.5002	63.6066	121.3413
78.5102	63.3569	121.3557
78.5202	63.4401	121.3702
78.5303	63.4401	121.3847
78.5412	62.6079	121.3992
78.5502	63.1905	121.4138
78.5602	63.1905	121.4283
78.5701	63.4401	121.4429
78.5802	63.7731	121.4574
78.5901	63.1905	121.4720
78.6001	63.6898	121.4866
78.6103	63.0240	121.5012
78.6204	63.1072	121.5158
78.6300	63.6898	121.5305
78.6402	62.8576	121.5451
78.6501	63.7731	121.5598
78.6602	63.7731	121.5744
78.6701	63.4401	121.5891
78.6801	63.2737	121.6038
78.6902	63.1905	121.6184
78.7002	63.6898	121.6331
78.7102	63.5234	121.6478
78.7202	63.4401	121.6625
78.7302	63.5234	121.6773
78.7402	63.6066	121.6920
78.7502	63.3569	121.7067
78.7602	63.6898	121.7214
78.7702	63.4401	121.7362
78.7803	63.3569	121.7509
78.7902	63.6066	121.7656
78.8003	63.6066	121.7804
78.8103	63.1072	121.7951
78.8202	63.6066	121.8099
78.8302	63.4401	121.8247
78.8403	63.1072	121.8394
78.8502	63.0240	121.8542
78.8602	63.1905	121.8689
78.8703	63.0240	121.8837
78.8802	63.4401	121.8984
78.8902	63.6066	121.9132
78.9003	63.1905	121.9280
78.9103	63.6066	121.9427
78.9202	63.4401	121.9575
78.9303	63.4401	121.9722
78.9402	63.4401	121.9870
78.9502	63.0240	122.0018
78.9603	63.1905	122.0165
78.9702	63.1905	122.0313
78.9805	62.8576	122.0461
78.9903	62.8576	122.0608
79.0003	62.6911	122.0756
79.0104	63.0240	122.0904
79.0203	63.0240	122.1051
79.0303	63.0240	122.1199
79.0403	63.1072	122.1347
79.0503	63.4401	122.1495
79.0603	63.2737	122.1643
79.0706	63.5234	122.1790
79.0806	63.6066	122.1938
79.0903	63.1905	122.2086
79.1003	63.1905	122.2234
79.1104	63.5234	122.2382
79.1203	63.1905	122.2531
79.1304	63.4401	122.2679
79.1403	63.7731	122.2827
79.1503	63.2737	122.2975
79.1603	63.1905	122.3124
79.1703	62.6911	122.3272
79.1803	63.6066	122.3421
79.1903	62.6911	122.3569
79.2003	63.1905	122.3718
79.2103	63.7731	122.3866
79.2203	63.1905	122.4015
79.2304	63.1072	122.4164
79.2403	62.3582	122.4312
79.2504	63.6898	122.4461
79.2604	63.7731	122.4610
79.2704	63.4401	122.4759
79.2803	63.0240	122.4908
79.2903	63.7731	122.5057
79.3004	63.0240	122.5206
79.3104	63.1905	122.5355
79.3203	63.1905	122.5503
79.3304	63.6066	122.5652
79.3404	63.7731	122.5802
79.3503	63.2737	122.5951
79.3603	63.0240	122.6100
79.3704	63.5234	122.6249
79.3804	63.1905	122.6398
79.3906	63.1905	122.6547
79.4005	63.1905	122.6696
79.4104	63.4401	122.6845
79.4204	63.1905	122.6995
79.4305	63.1905	122.7144
79.4404	63.2737	122.7293
79.4505	63.0240	122.7442
79.4605	62.8576	122.7592
79.4705	63.4401	122.7741
79.4805	63.0240	122.7890
79.4905	63.0240	122.8040
79.5004	63.1905	122.8189
79.5106	63.0240	122.8339
79.5205	63.4401	122.8488
79.5304	63.1905	122.8638
79.5405	63.4401	122.8787
79.5505	63.6066	122.8937
79.5605	63.9395	122.9086
79.5705	63.5234	122.9236
79.5805	63.4401	122.9386
79.5905	64.1060	122.9535
79.6004	63.0240	122.9685
79.6105	63.1905	122.9835
79.6205	63.6066	122.9984
79.6307	63.6066	123.0134
79.6404	63.6066	123.0284
79.6506	63.6066	123.0433
79.6605	63.5234	123.0583
79.6705	63.6066	123.0733
79.6806	63.4401	123.0883
79.6906	63.1905	123.1033
79.7005	63.5234	123.1182
79.7105	63.7731	123.1332
79.7207	63.1905	123.1482
79.7295	63.6898	123.1632
79.7405	63.1072	123.1782
79.7506	63.1905	123.1932
79.7605	63.1072	123.2082
79.7705	62.8576	123.2232
79.7805	63.8563	123.2382
79.7905	63.8563	123.2532
79.8006	63.3569	123.2682
79.8106	63.4401	123.2832
79.8205	63.6066	123.2983
79.8306	63.2737	123.3133
79.8405	62.6911	123.3283
79.8508	63.4401	123.3433
79.8606	62.8576	123.3583
79.8708	62.8576	123.3733
79.8806	63.1905	123.3883
79.8906	63.6066	123.4034
79.9007	63.4401	123.4184
79.9096	63.1905	123.4334
79.9196	63.7731	123.4484
79.9307	62.6911	123.4635
79.9406	63.4401	123.4785
79.9506	63.6066	123.4935
79.9607	63.2737	123.5086
79.9707	63.1072	123.5236
79.9797	63.2737	123.5387
79.9906	62.8576	123.5537
80.0006	63.1905	123.5687
80.0107	62.6079	123.5838
80.0206	63.5234	123.5988
80.0307	63.6066	123.6139
80.0397	63.4401	123.6289
80.0506	63.6898	123.6440
80.0607	63.1072	123.6590
80.0706	63.4401	123.6741
80.0806	63.6066	123.6891
80.0907	62.8576	123.7042
80.0999	63.5234	123.7193
80.1106	63.0240	123.7343
80.1207	63.4401	123.7494
80.1307	63.6898	123.7645
80.1407	63.5234	123.7795
80.1507	63.6066	123.7946
80.1597	64.0228	123.8097
80.1697	63.1072	123.8247
80.1806	63.6066	123.8398
80.1908	63.4401	123.8549
80.2006	64.1892	123.8700
80.2106	63.5234	123.8851
80.2197	63.9395	123.9002
80.2297	63.5234	123.9153
80.2407	62.9408	123.9304
80.2507	62.8576	123.9454
80.2607	63.6066	123.9605
80.2707	63.2737	123.9756
80.2797	63.5234	123.9907
80.2898	63.6066	124.0058
80.3007	63.2737	124.0209
80.3107	63.1072	124.0360
80.3209	63.6066	124.0512
80.3307	63.5234	124.0663
80.3397	63.1072	124.0814
80.3498	63.4401	124.0965
80.3607	63.5234	124.1116
80.3707	63.2737	124.1267
80.3808	63.6898	124.1418
80.3907	63.1072	124.1570
80.3998	63.8563	124.1721
80.4097	63.4401	124.1872
80.4198	62.7743	124.2023
80.4308	63.9395	124.2175
80.4407	62.6911	124.2326
80.4511	63.1072	124.2477
80.4598	63.4401	124.2628
80.4697	63.6066	124.2780
80.4797	63.2737	124.2931
80.4908	63.6898	124.3083
80.5009	63.6066	124.3234
80.5107	63.5234	124.3385
80.5208	63.1072	124.3537
80.5298	63.6066	124.3688
80.5398	63.1072	124.3840
80.5510	63.4401	124.3991
80.5608	63.2737	124.4143
80.5707	63.6898	124.4294
80.5808	63.1072	124.4446
80.5899	63.4401	124.4598
80.5998	63.4401	124.4749
80.6098	63.1072	124.4901
80.6208	63.7731	124.5053
80.6308	62.7743	124.5204
80.6399	63.6898	124.5356
80.6498	63.6066	124.5508
80.6600	63.0240	124.5660
80.6700	63.7731	124.5811
80.6808	63.2737	124.5963
80.6909	63.2737	124.6115
80.7008	63.5234	124.6267
80.7098	63.4401	124.6419
80.7198	63.1072	124.6571
80.7298	63.2737	124.6722
80.7408	63.1072	124.6874
80.7509	63.3569	124.7026
80.7609	63.4401	124.7178
80.7698	63.1905	124.7330
80.7799	63.4401	124.7482
80.7898	63.4401	124.7634
80.8009	63.4401	124.7786
80.8110	62.8576	124.7938
80.8209	62.8576	124.8090
80.8298	63.4401	124.8242
80.8400	63.1072	124.8394
80.8499	63.4401	124.8546
80.8599	63.6066	124.8699
80.8710	63.0240	124.8851
80.8810	63.2737	124.9003
80.8899	63.5234	124.9155
80.9000	63.5234	124.9307
80.9099	63.0240	124.9459
80.9199	63.7731	124.9611
80.9309	62.8576	124.9764
80.9409	63.2737	124.9916
80.9499	63.2737	125.0068
80.9600	63.8563	125.0221
80.9700	63.3569	125.0373
80.9799	63.1072	125.0525
80.9909	63.5234	125.0678
81.0009	63.1072	125.0830
81.0100	62.9408	125.0982
81.0200	63.8563	125.1135
81.0299	63.0240	125.1287
81.0400	63.6066	125.1440
81.0502	63.1072	125.1592
81.0612	63.5234	125.1745
81.0700	63.6066	125.1897
81.0799	63.5234	125.2050
81.0899	63.4401	125.2202
81.1000	63.2737	125.2355
81.1100	63.1072	125.2507
81.1209	63.5234	125.2660
81.1300	63.1072	125.2813
81.1400	63.4401	125.2965
81.1500	63.4401	125.3118
81.1600	63.5234	125.3271
81.1702	63.7731	125.3423
81.1811	63.5234	125.3576
81.1901	63.6066	125.3729
81.2004	63.5234	125.3881
81.2102	63.6066	125.4034
81.2201	63.6898	125.4187
81.2302	63.7731	125.4340
81.2411	63.2737	125.4493
81.2501	63.2737	125.4645
81.2601	63.6066	125.4798
81.2701	63.4401	125.4951
81.2804	63.5234	125.5104
81.2901	63.2737	125.5257
81.3001	62.6911	125.5410
81.3101	62.6911	125.5563
81.3201	62.8576	125.5716
81.3301	63.7731	125.5869
81.3401	63.6066	125.6022
81.3501	63.2737	125.6175
81.3602	63.4401	125.6328
81.3701	63.1072	125.6481
81.3801	62.5247	125.6634
81.3901	63.3569	125.6787
81.4001	63.4401	125.6940
81.4101	63.4401	125.7093
81.4201	63.5234	125.7246
81.4311	63.1905	125.7399
81.4401	63.3569	125.7552
81.4501	63.1905	125.7706
81.4601	63.6898	125.7859
81.4704	63.2737	125.8012
81.4802	63.4401	125.8165
81.4901	63.2737	125.8318
81.5003	63.2737	125.8472
81.5101	63.3569	125.8625
81.5201	63.5234	125.8778
81.5302	63.6898	125.8932
81.5402	62.8576	125.9085
81.5502	63.6066	125.9238
81.5602	63.6066	125.9392
81.5701	63.5234	125.9545
81.5801	63.5234	125.9698
81.5901	63.3569	125.9852
81.6002	63.4401	126.0005
81.6102	63.5234	126.0159
81.6202	63.4401	126.0312
81.6301	63.6898	126.0466
81.6401	63.6066	126.0619
81.6502	63.6898	126.0773
81.6603	63.3569	126.0926
81.6702	63.1072	126.1080
81.6803	63.6066	126.1234
81.6903	63.5234	126.1387
81.7001	62.8576	126.1541
81.7103	63.8563	126.1694
81.7205	63.6066	126.1848
81.7302	63.7731	126.2002
81.7402	63.6066	126.2155
81.7502	63.1072	126.2309
81.7602	63.1905	126.2462
81.7703	63.6066	126.2616
81.7802	63.5234	126.2770
81.7906	63.4401	126.2923
81.8005	63.4401	126.3077
81.8102	63.1072	126.3231
81.8203	63.6066	126.3385
81.8303	63.1905	126.3538
81.8402	63.6066	126.3692
81.8504	62.8576	126.3846
81.8604	63.3569	126.4000
81.8702	62.8576	126.4153
81.8803	63.3569	126.4307
81.8903	64.0228	126.4461
81.9002	63.0240	126.4615
81.9103	62.9408	126.4769
81.9203	63.5234	126.4923
81.9303	63.3569	126.5077
81.9404	63.7731	126.5231
81.9502	62.6079	126.5385
81.9603	63.6898	126.5539
81.9703	63.6066	126.5693
81.9802	63.1072	126.5847
81.9901	63.6066	126.6001
82.0004	63.4401	126.6155
82.0103	63.6066	126.6309
82.0203	63.2737	126.6463
82.0303	63.9395	126.6617
82.0403	63.3569	126.6771
82.0502	63.3569	126.6925
82.0603	63.5234	126.7079
82.0703	63.6898	126.7233
82.0803	62.5247	126.7388
82.0904	63.6898	126.7542
82.1003	63.7731	126.7696
82.1104	62.7743	126.7850
82.1203	63.6066	126.8005
82.1303	62.6911	126.8159
82.1403	63.7731	126.8313
82.1503	63.1905	126.8468
82.1604	63.4401	126.8622
82.1704	63.5234	126.8777
82.1804	63.3569	126.8931
82.1903	63.6898	126.9085
82.2004	63.5234	126.9240
82.2104	63.5234	126.9394
82.2203	63.7731	126.9549
82.2304	63.1072	126.9703
82.2404	63.4401	126.9858
82.2503	63.2737	127.0013
82.2604	63.0240	127.0167
82.2703	63.3569	127.0322
82.2804	63.5234	127.0476
82.2904	63.4401	127.0631
82.3004	62.8576	127.0786
82.3104	63.3569	127.0940
82.3205	63.1905	127.1095
82.3304	63.4401	127.1250
82.3404	63.4401	127.1405
82.3504	63.4401	127.1559
82.3605	62.4414	127.1714
82.3707	63.4401	127.1869
82.3805	63.4401	127.2024
82.3905	62.6079	127.2179
82.4005	63.5234	127.2334
82.4104	63.5234	127.2489
82.4204	62.8576	127.2644
82.4305	62.8576	127.2799
82.4405	63.9395	127.2954
82.4504	63.2737	127.3109
82.4605	63.3569	127.3264
82.4704	63.6066	127.3419
82.4804	63.2737	127.3574
82.4904	63.5234	127.3730
82.5004	63.6066	127.3885
82.5104	63.4401	127.4040
82.5205	63.7731	127.4195
82.5305	63.1072	127.4350
82.5405	63.1072	127.4505
82.5505	62.7743	127.4661
82.5606	63.2737	127.4816
82.5705	62.3582	127.4971
82.5805	63.2737	127.5126
82.5905	63.3569	127.5282
82.6005	63.4401	127.5437
82.6106	63.2737	127.5592
82.6205	63.4401	127.5747
82.6306	62.8576	127.5903
82.6405	63.3569	127.6058
82.6505	63.4401	127.6213
82.6606	63.1905	127.6369
82.6706	63.8563	127.6524
82.6795	63.4401	127.6679
82.6906	63.3569	127.6835
82.7006	63.5234	127.6990
82.7124	63.1905	127.7145
82.7206	62.7743	127.7301
82.7306	63.7731	127.7456
82.7405	63.2737	127.7612
82.7506	63.8563	127.7767
82.7606	63.6898	127.7923
82.7705	63.6898	127.8078
82.7807	63.6066	127.8234
82.7906	62.4414	127.8389
82.8006	63.5234	127.8545
82.8108	62.9408	127.8701
82.8206	63.6898	127.8856
82.8307	63.9395	127.9012
82.8407	63.6066	127.9168
82.8505	63.1905	127.9323
82.8596	63.6066	127.9479
82.8696	63.1072	127.9635
82.8806	63.5234	127.9790
82.8907	63.6066	127.9946
82.9006	63.0240	128.0102
82.9106	63.2737	128.0258
82.9210	63.7731	128.0413
82.9296	63.6066	128.0569
82.9406	63.6066	128.0725
82.9508	63.1905	128.0881
82.9606	63.6066	128.1037
82.9706	62.9408	128.1193
82.9807	63.6066	128.1349
82.9897	63.5234	128.1505
83.0006	63.1072	128.1661
83.0107	63.7731	128.1817
83.0206	63.4401	128.1973
83.0306	63.4401	128.2129
83.0407	62.7743	128.2285
83.0497	63.6898	128.2441
83.0596	63.7731	128.2597
83.0707	63.2737	128.2753
83.0807	63.7731	128.2909
83.0906	63.4401	128.3065
83.1006	63.0240	128.3221
83.1096	63.4401	128.3377
83.1197	63.4401	128.3534
83.1307	63.7731	128.3690
83.1406	63.2737	128.3846
83.1507	63.4401	128.4002
83.1607	63.1072	128.4159
83.1697	63.6066	128.4315
83.1797	63.3569	128.4471
83.1907	63.9395	128.4627
83.2007	63.7731	128.4784
83.2108	63.6898	128.4940
83.2207	64.1060	128.5096
83.2297	63.4401	128.5253
83.2398	63.1072	128.5409
83.2507	63.3569	128.5565
83.2607	63.5234	128.5722
83.2708	63.2737	128.5878
83.2807	63.1905	128.6034
83.2897	63.7731	128.6191
83.2998	63.7731	128.6347
83.3097	63.6066	128.6504
83.3207	63.3569	128.6660
83.3308	63.7731	128.6816
83.3407	63.9395	128.6973
83.3497	63.3569	128.7129
83.3598	62.9408	128.7286
83.3697	63.2737	128.7442
83.3807	63.1905	128.7599
83.3908	63.7731	128.7755
83.4007	63.3569	128.7912
83.4098	63.6066	128.8068
83.4199	63.4401	128.8225
83.4297	63.2737	128.8382
83.4412	63.1072	128.8538
83.4508	62.8576	128.8695
83.4608	63.7731	128.8852
83.4708	63.4401	128.9008
83.4799	63.6066	128.9165
83.4899	63.6066	128.9322
83.4998	63.5234	128.9479
83.5109	63.1072	128.9635
83.5208	63.4401	128.9792
83.5299	63.6066	128.9949
83.5399	63.5234	129.0106
83.5498	63.6066	129.0263
83.5598	63.9395	129.0420
83.5708	62.9408	129.0577
83.5808	63.1072	129.0734
83.5898	63.6066	129.0891
83.5999	62.9408	129.1047
83.6098	63.2737	129.1204
83.6198	63.1905	129.1361
83.6309	63.2737	129.1518
83.6408	63.1072	129.1676
83.6509	63.2737	129.1833
83.6599	63.2737	129.1990
83.6698	63.4401	129.2147
83.6799	63.5234	129.2304
83.6909	62.9408	129.2461
83.7009	63.8563	129.2618
83.7109	63.4401	129.2775
83.7200	64.0228	129.2933
83.7301	63.4401	129.3090
83.7399	63.5234	129.3247
83.7500	63.4401	129.3404
83.7609	63.3569	129.3562
83.7717	63.1905	129.3719
83.7799	63.6066	129.3877
83.7899	63.2737	129.4034
83.7999	63.0240	129.4191
83.8099	63.4401	129.4349
83.8209	62.9408	129.4506
83.8309	63.1072	129.4664
83.8399	63.3569	129.4821
83.8500	63.2737	129.4978
83.8600	63.9395	129.5136
83.8699	63.2737	129.5294
83.8810	63.2737	129.5451
83.8910	63.2737	129.5609
83.8999	63.4401	129.5766
83.9099	63.1905	129.5924
83.9199	63.1905	129.6081
83.9299	63.3569	129.6239
83.9409	63.1072	129.6397
83.9500	63.4401	129.6554
83.9600	63.4401	129.6712
83.9700	63.1072	129.6870
83.9800	63.2737	129.7028
83.9901	62.7743	129.7185
84.0000	63.1072	129.7343
84.0110	63.2737	129.7501
84.0200	63.4401	129.7659
84.0300	63.4401	129.7817
84.0400	63.8563	129.7975
84.0500	63.3569	129.8132
84.0600	63.9395	129.8290
84.0710	63.3569	129.8448
84.0800	63.3569	129.8606
84.0900	63.4401	129.8764
84.1001	63.2737	129.8922
84.1101	62.8576	129.9080
84.1201	63.0240	129.9238
84.1311	63.2737	129.9396
84.1401	63.6066	129.9554
84.1500	63.9395	129.9712
84.1601	63.1072	129.9870
84.1701	63.1905	130.0028
84.1800	63.2737	130.0186
84.1901	63.4401	130.0345
84.2011	63.7731	130.0503
84.2101	63.9395	130.0661
84.2200	63.0240	130.0819
84.2300	63.6898	130.0977
84.2400	63.7731	130.1135
84.2501	63.1905	130.1294
84.2610	63.2737	130.1452
84.2701	63.1905	130.1610
84.2802	63.4401	130.1768
84.2901	63.2737	130.1927
84.3001	63.0240	130.2085
84.3102	63.9395	130.2243
84.3211	63.4401	130.2402
84.3301	63.1905	130.2560
84.3401	63.6066	130.2719
84.3502	63.1905	130.2877
84.3601	63.6066	130.3036
84.3701	63.2737	130.3194
84.3810	63.3569	130.3353
84.3902	63.7731	130.3511
84.4003	63.6066	130.3670
84.4102	62.9408	130.3828
84.4202	62.9408	130.3987
84.4302	63.1905	130.4145
84.4403	63.7731	130.4304
84.4501	63.8563	130.4463
84.4601	63.1072	130.4621
84.4701	63.2737	130.4780
84.4801	63.9395	130.4939
84.4901	63.0240	130.5098
84.5001	62.7743	130.5256
84.5110	63.6898	130.5415
84.5201	63.0240	130.5574
84.5301	62.7743	130.5733
84.5402	63.7731	130.5891
84.5501	64.1060	130.6050
84.5601	63.7731	130.6209
84.5702	63.2737	130.6368
84.5801	63.4401	130.6527
84.5904	63.1072	130.6686
84.6002	63.6898	130.6845
84.6102	63.6898	130.7004
84.6203	63.7731	130.7163
84.6302	63.3569	130.7322
84.6402	64.0228	130.7481
84.6504	63.4401	130.7640
84.6603	63.3569	130.7799
84.6702	63.6066	130.7958
84.6806	63.7731	130.8117
84.6903	63.6066	130.8276
84.7001	63.0240	130.8435
84.7102	63.1072	130.8594
84.7202	63.1072	130.8754
84.7302	62.9408	130.8913
84.7403	63.1905	130.9072
84.7503	63.6066	130.9231
84.7600	63.3569	130.9391
84.7703	63.5234	130.9550
84.7802	63.3569	130.9709
84.7904	63.1072	130.9868
84.8005	63.6898	131.0028
84.8103	63.4401	131.0187
84.8203	63.6066	131.0346
84.8305	63.2737	131.0506
84.8403	63.2737	131.0665
84.8503	63.6898	131.0825
84.8603	63.7731	131.0984
84.8702	63.4401	131.1144
84.8803	63.4401	131.1303
84.8904	64.0228	131.1463
84.9003	63.4401	131.1622
84.9103	63.6898	131.1782
84.9203	63.4401	131.1941
84.9303	64.0228	131.2101
84.9403	63.1905	131.2261
84.9503	63.6066	131.2420
84.9603	63.4401	131.2580
84.9703	63.1905	131.2740
84.9804	63.0240	131.2900
84.9904	63.6066	131.3059
85.0003	63.4401	131.3219
85.0103	63.1905	131.3379
85.0203	63.1072	131.3539
85.0303	63.8563	131.3699
85.0403	63.4401	131.3858
85.0503	63.6898	131.4018
85.0603	63.1905	131.4178
85.0703	63.5234	131.4338
85.0803	62.9408	131.4498
85.0903	63.7731	131.4658
85.1004	63.7731	131.4818
85.1105	63.1072	131.4978
85.1204	62.9408	131.5138
85.1303	63.1905	131.5298
85.1403	63.6066	131.5458
85.1503	64.0228	131.5618
85.1605	63.6066	131.5778
85.1704	62.9408	131.5938
85.1804	63.7731	131.6098
85.1904	63.1905	131.6258
85.2004	63.1072	131.6419
85.2104	63.4401	131.6579
85.2204	63.8563	131.6739
85.2304	63.3569	131.6899
85.2404	63.7731	131.7060
85.2504	63.4401	131.7220
85.2604	63.4401	131.7380
85.2705	63.7731	131.7540
85.2804	63.6066	131.7701
85.2905	63.5234	131.7861
85.3004	63.4401	131.8021
85.3104	63.6066	131.8182
85.3204	63.7731	131.8342
85.3305	63.0240	131.8502
85.3405	63.7731	131.8663
85.3505	63.1072	131.8823
85.3607	63.6898	131.8984
85.3705	63.6898	131.9144
85.3805	63.4401	131.9305
85.3905	63.1072	131.9465
85.4005	63.6066	131.9626
85.4105	63.2737	131.9786
85.4205	63.2737	131.9947
85.4305	63.4401	132.0107
85.4404	63.2737	132.0268
85.4505	63.0240	132.0428
85.4606	63.2737	132.0589
85.4705	63.3569	132.0750
85.4805	63.2737	132.0910
85.4905	63.1905	132.1071
85.5005	63.6066	132.1232
85.5105	63.3569	132.1393
85.5206	63.7731	132.1553
85.5305	63.7731	132.1714
85.5405	63.2737	132.1875
85.5506	63.4401	132.2036
85.5605	63.3569	132.2196
85.5696	63.6066	132.2357
85.5806	63.6898	132.2518
85.5905	63.4401	132.2679
85.6006	63.5234	132.2840
85.6106	63.6066	132.3001
85.6205	63.3569	132.3162
85.6296	63.4401	132.3323
85.6406	63.7731	132.3484
85.6505	63.4401	132.3645
85.6605	63.3569	132.3806
85.6706	63.7731	132.3967
85.6806	63.7731	132.4128
85.6906	63.2737	132.4289
85.7006	63.3569	132.4450
85.7105	63.1072	132.4611
85.7207	63.3569	132.4772
85.7306	63.5234	132.4933
85.7406	63.7731	132.5094
85.7506	63.6066	132.5255
85.7597	63.6066	132.5416
85.7706	62.9408	132.5577
85.7807	63.6066	132.5739
85.7906	63.2737	132.5900
85.8006	63.1072	132.6061
85.8106	63.8563	132.6222
85.8196	63.6066	132.6383
85.8307	63.6898	132.6545
85.8407	63.9395	132.6706
85.8506	63.6066	132.6867
85.8607	63.6066	132.7029
85.8707	63.1072	132.7190
85.8796	63.2737	132.7351
85.8907	63.3569	132.7513
85.9007	63.6066	132.7674
85.9106	63.1905	132.7835
85.9207	63.2737	132.7997
85.9307	63.1072	132.8158
85.9397	63.9395	132.8320
85.9507	63.7731	132.8481
85.9607	63.3569	132.8643
85.9706	62.8576	132.8804
85.9807	63.0240	132.8966
85.9907	63.0240	132.9128
85.9997	63.4401	132.9289
86.0097	63.3569	132.9451
86.0207	63.2737	132.9612
86.0307	62.7743	132.9774
86.0406	63.1905	132.9936
86.0506	63.6066	133.0098
86.0597	63.4401	133.0259
86.0696	63.4401	133.0421
86.0807	63.3569	133.0583
86.0907	63.1072	133.0745
86.1007	63.7731	133.0906
86.1106	63.6066	133.1068
86.1197	63.0240	133.1230
86.1297	63.7731	133.1392
86.1406	63.5234	133.1554
86.1507	63.5234	133.1716
86.1607	63.8563	133.1877
86.1707	63.4401	133.2039
86.1798	63.6066	133.2201
86.1899	63.6066	133.2363
86.1997	63.1905	133.2525
86.2108	63.3569	133.2687
86.2207	62.9408	133.2850
86.2307	63.7731	133.3012
86.2398	64.1060	133.3174
86.2497	63.4401	133.3336
86.2597	63.7731	133.3498
86.2708	63.8563	133.3660
86.2807	63.6066	133.3822
86.2907	63.6898	133.3984
86.2998	63.2737	133.4147
86.3098	63.3569	133.4309
86.3197	63.0240	133.4471
86.3308	63.8563	133.4633
86.3408	63.6066	133.4796
86.3507	63.6066	133.4958
86.3599	62.8576	133.5120
86.3698	63.6066	133.5282
86.3798	63.1072	133.5445
86.3908	62.9408	133.5607
86.4008	63.0240	133.5769
86.4108	63.3569	133.5932
86.4198	63.1905	133.6094
86.4298	63.4401	133.6257
86.4398	63.1072	133.6419
86.4501	63.5234	133.6582
86.4609	63.1072	133.6744
86.4708	63.6898	133.6907
86.4799	63.2737	133.7069
86.4898	63.1072	133.7232
86.4998	63.7731	133.7394
86.5098	63.5234	133.7557
86.5208	63.7731	133.7720
86.5308	64.1060	133.7882
86.5398	63.2737	133.8045
86.5498	63.1072	133.8208
86.5599	63.4401	133.8370
86.5700	63.5234	133.8533
86.5808	63.6066	133.8696
86.5908	63.1072	133.8858
86.5999	63.4401	133.9021
86.6099	63.5234	133.9184
86.6200	64.0228	133.9347
86.6300	63.1072	133.9510
86.6400	63.3569	133.9673
86.6508	63.2737	133.9835
86.6599	63.8563	133.9998
86.6699	63.5234	134.0161
86.6802	63.7731	134.0324
86.6900	63.4401	134.0487
86.7000	63.6898	134.0650
86.7110	63.7731	134.0813
86.7200	63.1905	134.0976
86.7300	63.4401	134.1139
86.7400	63.6898	134.1302
86.7500	63.6066	134.1465
86.7600	63.5234	134.1628
86.7710	63.3569	134.1791
86.7801	63.1072	134.1954
86.7903	63.6898	134.2117
86.8001	63.5234	134.2280
86.8100	63.4401	134.2444
86.8201	63.6898	134.2607
86.8310	63.7731	134.2770
86.8401	63.1072	134.2933
86.8500	64.1892	134.3096
86.8601	63.6066	134.3260
86.8700	63.6898	134.3423
86.8800	62.9408	134.3586
86.8900	63.5234	134.3750
86.9010	63.8563	134.3913
86.9100	63.6066	134.4076
86.9201	63.3569	134.4240
86.9299	63.1905	134.4403
86.9403	63.6066	134.4567
86.9500	62.9408	134.4730
86.9610	63.4401	134.4893
86.9699	63.1072	134.5057
86.9800	63.3569	134.5220
86.9900	63.7731	134.5384
87.0001	63.4401	134.5547
87.0101	63.3569	134.5711
87.0210	63.3569	134.5875
87.0301	63.6066	134.6038
87.0401	63.6066	134.6202
87.0500	63.9395	134.6365
87.0602	63.1905	134.6529
87.0700	63.9395	134.6693
87.0810	63.3569	134.6857
87.0902	63.9395	134.7020
87.1000	63.1905	134.7184
87.1100	63.0240	134.7348
87.1201	63.5234	134.7512
87.1300	63.7731	134.7675
87.1400	62.8576	134.7839
87.1501	63.5234	134.8003
87.1600	63.5234	134.8167
87.1701	63.7731	134.8331
87.1801	63.9395	134.8495
87.1901	63.7731	134.8659
87.2000	63.6066	134.8823
87.2102	63.6066	134.8987
87.2201	63.4401	134.9151
87.2301	63.8563	134.9315
87.2403	63.6066	134.9479
87.2502	63.1072	134.9643
87.2601	63.6066	134.9807
87.2702	63.1072	134.9971
87.2802	63.9395	135.0135
87.2903	63.1905	135.0299
87.3002	63.4401	135.0463
87.3102	63.1905	135.0627
87.3201	63.4401	135.0791
87.3303	63.3569	135.0956
87.3402	63.2737	135.1120
87.3501	63.4401	135.1284
87.3602	63.6898	135.1448
87.3701	63.1072	135.1613
87.3802	63.5234	135.1777
87.3903	63.6066	135.1941
87.4002	63.4401	135.2106
87.4101	63.9395	135.2270
87.4202	63.8563	135.2434
87.4302	63.4401	135.2599
87.4402	63.6066	135.2763
87.4502	63.7731	135.2928
87.4603	63.7731	135.3092
87.4702	63.1905	135.3257
87.4803	63.1905	135.3421
87.4903	63.6898	135.3586
87.5002	63.1072	135.3750
87.5102	63.4401	135.3915
87.5203	63.2737	135.4079
87.5302	63.4401	135.4244
87.5402	63.2737	135.4408
87.5502	63.2737	135.4573
87.5607	63.7731	135.4738
87.5701	63.4401	135.4902
87.5802	63.0240	135.5067
87.5904	63.7731	135.5232
87.6003	63.2737	135.5396
87.6102	63.9395	135.5561
87.6202	63.1072	135.5726
87.6302	63.6898	135.5891
87.6402	63.5234	135.6056
87.6502	63.5234	135.6220
87.6602	63.3569	135.6385
87.6703	63.3569	135.6550
87.6802	63.1072	135.6715
87.6902	63.6898	135.6880
87.7002	63.6898	135.7045
87.7102	63.1072	135.7210
87.7202	63.1072	135.7375
87.7302	63.1072	135.7540
87.7403	63.7731	135.7704
87.7503	63.1072	135.7869
87.7602	63.7731	135.8034
87.7702	63.1072	135.8200
87.7802	63.6066	135.8365
87.7903	63.2737	135.8530
87.8003	63.2737	135.8695
87.8103	63.4401	135.8860
87.8203	63.1072	135.9025
87.8303	63.7731	135.9190
87.8402	63.9395	135.9355
87.8503	62.9408	135.9521
87.8603	63.5234	135.9686
87.8703	63.5234	135.9851
87.8803	63.9395	136.0016
87.8903	63.4401	136.0182
87.9003	63.9395	136.0347
87.9103	63.7731	136.0512
87.9203	63.6066	136.0678
87.9303	63.7731	136.0843
87.9403	63.4401	136.1008
87.9504	63.4401	136.1174
87.9603	64.2725	136.1339
87.9704	63.2737	136.1505
87.9803	63.4401	136.1670
87.9903	63.6066	136.1836
88.0004	63.6898	136.2001
88.0104	63.6066	136.2167
88.0203	63.4401	136.2332
88.0304	63.4401	136.2498
88.0406	63.4401	136.2663
88.0504	62.6911	136.2829
88.0605	63.6066	136.2995
88.0704	63.7731	136.3160
88.0803	63.6066	136.3326
88.0905	63.9395	136.3492
88.1004	63.3569	136.3657
88.1098	63.6898	136.3823
88.1204	63.5234	136.3989
88.1305	63.1072	136.4154
88.1404	63.4401	136.4320
88.1505	63.7731	136.4486
88.1605	63.2737	136.4652
88.1704	63.6066	136.4817
88.1807	63.6898	136.4983
88.1904	63.2737	136.5149
88.2004	63.7731	136.5315
88.2104	63.6898	136.5481
88.2205	63.7731	136.5647
88.2305	62.7743	136.5813
88.2405	63.7731	136.5979
88.2504	63.7731	136.6145
88.2605	63.2737	136.6311
88.2705	63.2737	136.6477
88.2807	63.0240	136.6643
88.2905	63.2737	136.6809
88.3008	63.6066	136.6975
88.3104	63.4401	136.7141
88.3204	63.9395	136.7307
88.3309	62.9408	136.7473
88.3419	62.9408	136.7639
88.3505	63.2737	136.7805
88.3606	63.1905	136.7972
88.3706	63.7731	136.8138
88.3805	63.5234	136.8304
88.3905	63.4401	136.8470
88.4006	63.9395	136.8636
88.4105	63.7731	136.8803
88.4206	63.7731	136.8969
88.4316	63.1072	136.9135
88.4405	62.9408	136.9302
88.4505	63.6066	136.9468
88.4595	63.3569	136.9634
88.4705	63.7731	136.9801
88.4805	62.6911	136.9967
88.4905	63.6066	137.0134
88.5005	63.2737	137.0300
88.5105	63.7731	137.0466
88.5195	63.3569	137.0633
88.5305	63.1905	137.0799
88.5405	63.2737	137.0966
88.5505	63.2737	137.1132
88.5605	63.6066	137.1299
88.5705	63.4401	137.1466
88.5800	63.0240	137.1632
88.5906	63.6898	137.1799
88.6006	63.6066	137.1965
88.6105	63.1905	137.2132
88.6206	63.2737	137.2298
88.6307	63.4401	137.2465
88.6396	63.7731	137.2632
88.6506	63.6898	137.2798
88.6606	63.4401	137.2965
88.6706	63.6066	137.3132
88.6805	63.1905	137.3298
88.6906	62.9408	137.3465
88.6996	62.7743	137.3632
88.7096	64.0228	137.3799
88.7206	63.4401	137.3965
88.7306	63.2737	137.4132
88.7406	63.1072	137.4299
88.7506	63.6066	137.4466
88.7596	62.9408	137.4633
88.7696	63.4401	137.4800
88.7806	64.1060	137.4966
88.7908	63.3569	137.5133
88.8006	63.5234	137.5300
88.8107	62.9408	137.5467
88.8197	63.8563	137.5634
88.8297	63.6066	137.5801
88.8408	63.4401	137.5968
88.8507	64.1060	137.6135
88.8609	63.4401	137.6302
88.8706	63.3569	137.6470
88.8797	63.6066	137.6637
88.8896	63.7731	137.6804
88.8996	63.6898	137.6971
88.9107	63.6066	137.7138
88.9207	63.2737	137.7305
88.9307	64.1892	137.7473
88.9398	63.4401	137.7640
88.9497	63.4401	137.7807
88.9600	63.4401	137.7974
88.9708	63.6066	137.8142
88.9807	63.1905	137.8309
88.9909	63.4401	137.8476
88.9998	63.0240	137.8644
89.0097	63.4401	137.8811
89.0199	63.7731	137.8978
89.0307	63.2737	137.9146
89.0407	63.5234	137.9313
89.0508	63.3569	137.9481
89.0598	63.6066	137.9648
89.0697	63.3569	137.9815
89.0798	63.6066	137.9983
89.0907	63.6066	138.0150
89.1009	63.3569	138.0318
89.1107	63.0240	138.0486
89.1202	63.9395	138.0653
89.1301	63.2737	138.0821
89.1397	63.4401	138.0988
89.1498	63.3569	138.1156
89.1608	63.7731	138.1324
89.1708	63.6066	138.1491
89.1808	63.2737	138.1659
89.1899	63.4401	138.1827
89.1999	63.4401	138.1994
89.2098	63.7731	138.2162
89.2219	63.4401	138.2330
89.2309	62.8576	138.2497
89.2408	63.6066	138.2665
89.2499	63.4401	138.2833
89.2599	63.5234	138.3001
89.2698	63.6066	138.3169
89.2809	63.6066	138.3337
89.2909	63.4401	138.3504
89.2998	63.4401	138.3672
89.3099	63.1072	138.3840
89.3199	63.2737	138.4008
89.3298	63.3569	138.4176
89.3399	63.6066	138.4344
89.3510	63.6066	138.4512
89.3609	63.4401	138.4680
89.3703	63.4401	138.4848
89.3799	63.3569	138.5016
89.3900	63.6066	138.5184
89.4000	62.8576	138.5352
89.4109	63.6898	138.5520
89.4200	63.2737	138.5688
89.4302	63.6066	138.5857
89.4400	63.2737	138.6025
89.4501	64.0228	138.6193
89.4602	63.6066	138.6361
89.4710	63.1072	138.6529
89.4809	63.1905	138.6698
89.4900	63.5234	138.6866
89.5000	63.3569	138.7034
89.5100	63.7731	138.7202
89.5200	62.9408	138.7371
89.5309	63.4401	138.7539
89.5409	63.5234	138.7707
89.5500	63.2737	138.7876
89.5599	63.2737	138.8044
89.5703	63.3569	138.8212
89.5800	63.7731	138.8381
89.5900	63.2737	138.8549
89.6009	63.1072	138.8718
89.6099	63.3569	138.8886
89.6199	63.2737	138.9055
89.6300	62.7743	138.9223
89.6400	63.6066	138.9392
89.6507	64.1060	138.9560
89.6609	63.2737	138.9729
89.6700	63.4401	138.9897
89.6800	63.1072	139.0066
89.6899	63.4401	139.0235
89.6999	63.7731	139.0403
89.7099	63.6066	139.0572
89.7210	63.9395	139.0741
89.7299	63.3569	139.0909
89.7400	63.9395	139.1078
89.7500	63.1072	139.1247
89.7601	63.2737	139.1416
89.7700	63.7731	139.1585
89.7800	63.4401	139.1753
89.7909	64.1060	139.1922
89.8000	64.0228	139.2091
89.8100	63.8563	139.2260
89.8200	63.6066	139.2429
89.8301	63.4401	139.2598
89.8400	63.6066	139.2767
89.8510	63.4401	139.2935
89.8651	63.1905	139.3104
89.8760	63.4401	139.3273
89.8800	63.6066	139.3442
89.8900	62.9408	139.3611
89.9000	63.8563	139.3780
89.9110	63.6066	139.3949
89.9200	63.8563	139.4118
89.9300	63.1905	139.4287
89.9400	63.2737	139.4457
89.9501	63.6066	139.4626
89.9601	63.9395	139.4795
89.9710	63.2737	139.4964
89.9802	64.1060	139.5133
89.9900	63.2737	139.5302
90.0002	63.7731	139.5472
90.0101	64.1060	139.5641
90.0201	63.7731	139.5810
90.0302	63.1072	139.5980
90.0401	63.6066	139.6149
90.0500	63.2737	139.6318
90.0601	63.1072	139.6487
90.0701	62.7743	139.6657
90.0800	63.6066	139.6826
90.0902	63.4401	139.6996
90.1002	63.4401	139.7165
90.1101	63.6066	139.7334
90.1202	63.4401	139.7504
90.1301	63.9395	139.7673
90.1401	63.3569	139.7843
90.1503	63.1072	139.8012
90.1602	63.7731	139.8182
90.1701	63.3569	139.8352
90.1803	63.7731	139.8521
90.1902	63.2737	139.8691
90.2004	63.7731	139.8860
90.2102	63.2737	139.9030
90.2201	63.8563	139.9200
90.2302	63.4401	139.9369
90.2402	63.6066	139.9539
90.2502	63.4401	139.9709
90.2602	63.7731	139.9879
90.2702	63.2737	140.0048
90.2802	63.1072	140.0218
90.2903	63.4401	140.0388
90.3003	63.6066	140.0558
90.3102	63.1905	140.0728
90.3202	63.7731	140.0898
90.3302	63.4401	140.1068
90.3402	63.6066	140.1237
90.3503	63.9395	140.1407
90.3602	63.4401	140.1577
90.3702	63.6898	140.1747
90.3803	63.1072	140.1917
90.3903	63.4401	140.2087
90.4002	63.9395	140.2257
90.4104	63.4401	140.2427
90.4203	63.5234	140.2597
90.4302	63.7731	140.2768
90.4403	63.4401	140.2938
90.4502	63.3569	140.3108
90.4602	63.4401	140.3278
90.4702	63.3569	140.3448
90.4802	64.0228	140.3618
90.4903	63.1072	140.3788
90.5003	63.8563	140.3959
90.5102	63.5234	140.4129
90.5202	64.0228	140.4299
90.5302	63.1905	140.4470
90.5402	63.4401	140.4640
90.5503	63.5234	140.4810
90.5604	63.3569	140.4981
90.5702	63.6066	140.5151
90.5803	63.1072	140.5322
90.5903	63.1905	140.5492
90.6002	63.8563	140.5662
90.6103	63.1072	140.5833
90.6203	63.2737	140.6003
90.6302	62.7743	140.6174
90.6403	63.3569	140.6344
90.6504	63.5234	140.6515
90.6602	64.0228	140.6686
90.6703	63.4401	140.6856
90.6803	63.6898	140.7027
90.6902	63.8563	140.7197
90.7003	63.5234	140.7368
90.7102	63.6066	140.7539
90.7202	63.4401	140.7709
90.7303	62.9408	140.7880
90.7404	63.4401	140.8051
90.7503	63.7731	140.8221
90.7603	63.6066	140.8392
90.7703	63.4401	140.8563
90.7803	64.0228	140.8734
90.7903	63.0240	140.8905
90.8004	62.7743	140.9075
90.8104	63.6066	140.9246
90.8204	63.4401	140.9417
90.8304	63.8563	140.9588
90.8403	63.6066	140.9759
90.8510	63.2737	140.9930
90.8603	63.4401	141.0101
90.8704	63.6898	141.0272
90.8804	63.3569	141.0443
90.8905	63.1072	141.0613
90.9004	63.9395	141.0784
90.9103	63.4401	141.0955
90.9203	63.9395	141.1126
90.9304	63.4401	141.1297
90.9404	63.4401	141.1468
90.9503	62.9408	141.1639
90.9604	63.1072	141.1811
90.9704	64.1060	141.1982
90.9804	63.1072	141.2153
90.9904	63.0240	141.2324
91.0004	63.6898	141.2495
91.0104	64.1060	141.2666
91.0204	63.7731	141.2838
91.0305	63.9395	141.3009
91.0404	63.2737	141.3180
91.0504	63.9395	141.3351
91.0605	63.3569	141.3523
91.0704	63.4401	141.3694
91.0804	63.1905	141.3865
91.0904	63.7731	141.4037
91.1004	63.9395	141.4208
91.1105	63.2737	141.4379
91.1205	63.2737	141.4551
91.1304	62.8576	141.4722
91.1404	63.6898	141.4893
91.1504	62.9408	141.5065
91.1594	63.6898	141.5236
91.1705	63.9395	141.5408
91.1804	63.1072	141.5579
91.1906	63.2737	141.5751
91.2004	63.5234	141.5922
91.2104	63.1072	141.6094
91.2202	63.4401	141.6265
91.2306	63.9395	141.6437
91.2405	62.9408	141.6609
91.2516	63.6898	141.6780
91.2605	63.6898	141.6952
91.2705	63.3569	141.7124
91.2806	64.0228	141.7295
91.2906	63.8563	141.7467
91.3006	63.1072	141.7639
91.3106	63.2737	141.7811
91.3205	63.3569	141.7982
91.3305	63.7731	141.8154
91.3397	63.6898	141.8326
91.3495	63.3569	141.8498
91.3605	63.5234	141.8670
91.3706	63.1072	141.8842
91.3805	63.5234	141.9014
91.3906	63.9395	141.9186
91.4005	63.5234	141.9358
91.4095	63.2737	141.9530
91.4205	63.4401	141.9702
91.4306	63.1072	141.9874
91.4405	63.7731	142.0046
91.4505	63.4401	142.0218
91.4608	63.1905	142.0390
91.4695	63.2737	142.0563
91.4807	63.2737	142.0735
91.4907	63.4401	142.0907
91.5005	63.4401	142.1080
91.5107	62.8576	142.1252
91.5207	63.6066	142.1424
91.5295	63.5234	142.1597
91.5408	63.7731	142.1769
91.5507	63.6066	142.1942
91.5605	63.2737	142.2114
91.5706	63.9395	142.2287
91.5806	63.8563	142.2459
91.5896	63.6066	142.2632
91.5996	62.7743	142.2804
91.6106	63.4401	142.2977
91.6206	63.6898	142.3150
91.6306	63.7731	142.3322
91.6406	63.3569	142.3495
91.6499	63.4401	142.3668
91.6598	63.5234	142.3840
91.6706	63.9395	142.4013
91.6806	63.1072	142.4186
91.6906	63.1905	142.4359
91.7007	63.4401	142.4532
91.7096	63.7731	142.4705
91.7196	63.7731	142.4877
91.7307	63.2737	142.5050
91.7408	63.6066	142.5223
91.7507	63.3569	142.5396
91.7606	63.2737	142.5569
91.7697	63.5234	142.5742
91.7798	63.3569	142.5915
91.7907	63.9395	142.6087
91.8008	63.6066	142.6260
91.8108	63.7731	142.6433
91.8207	63.5234	142.6606
91.8298	63.7731	142.6779
91.8397	63.2737	142.6952
91.8498	63.8563	142.7125
91.8608	63.9395	142.7298
91.8707	63.6066	142.7471
91.8807	63.9395	142.7644
91.8898	62.7743	142.7817
91.8998	63.5234	142.7990
91.9097	63.0240	142.8164
91.9208	63.6898	142.8337
91.9307	63.4401	142.8510
91.9408	62.9408	142.8683
91.9497	63.5234	142.8856
91.9597	63.6898	142.9029
91.9698	62.9408	142.9203
91.9808	63.7731	142.9376
91.9907	63.5234	142.9549
92.0007	63.6066	142.9723
92.0097	63.6898	142.9896
92.0197	63.6066	143.0069
92.0297	63.6066	143.0243
92.0398	63.8563	143.0416
92.0507	63.2737	143.0589
92.0608	63.6066	143.0763
92.0697	63.1072	143.0936
92.0798	63.6898	143.1109
92.0898	63.9395	143.1283
92.0997	63.7731	143.1456
92.1107	63.9395	143.1630
92.1208	62.6911	143.1803
92.1298	64.0228	143.1977
92.1398	63.4401	143.2150
92.1499	63.5234	143.2323
92.1598	63.4401	143.2497
92.1708	63.5234	143.2670
92.1809	63.2737	143.2844
92.1899	63.6898	143.3017
92.2000	63.7731	143.3191
92.2100	63.6898	143.3365
92.2199	63.6066	143.3538
92.2309	63.6066	143.3712
92.2409	64.0228	143.3885
92.2499	63.2737	143.4059
92.2600	63.0240	143.4233
92.2699	63.8563	143.4406
92.2799	63.7731	143.4580
92.2900	63.1072	143.4753
92.3010	62.8576	143.4927
92.3099	64.1060	143.5101
92.3200	63.2737	143.5275
92.3299	63.9395	143.5448
92.3399	63.6898	143.5622
92.3500	64.0228	143.5796
92.3609	63.8563	143.5970
92.3699	63.1905	143.6144
92.3800	63.1905	143.6317
92.3900	63.6066	143.6491
92.4000	63.4401	143.6665
92.4100	63.8563	143.6839
92.4209	62.9408	143.7013
92.4309	63.6066	143.7187
92.4400	63.6066	143.7361
92.4500	63.9395	143.7535
92.4599	63.4401	143.7709
92.4699	64.0228	143.7883
92.4799	63.6066	143.8057
92.4904	63.8563	143.8231
92.5000	63.4401	143.8405
92.5099	63.7731	143.8579
92.5199	63.6066	143.8753
92.5300	63.4401	143.8927
92.5399	63.6066	143.9101
92.5503	63.5234	143.9276
92.5599	63.2737	143.9450
92.5699	63.4401	143.9624
92.5800	64.0228	143.9798
92.5900	63.2737	143.9972
92.5999	63.1072	144.0147
92.6110	63.2737	144.0321
92.6200	62.7743	144.0495
92.6299	63.3569	144.0670
92.6400	63.5234	144.0844
92.6501	62.9408	144.1018
92.6601	64.0228	144.1193
92.6711	63.0240	144.1367
92.6800	63.5234	144.1542
92.6899	63.4401	144.1716
92.7000	63.4401	144.1890
92.7100	62.9408	144.2065
92.7200	63.1072	144.2239
92.7301	63.7731	144.2414
92.7400	63.2737	144.2588
92.7500	63.4401	144.2763
92.7600	62.9408	144.2937
92.7701	63.2737	144.3112
92.7800	63.4401	144.3287
92.7901	63.6066	144.3461
92.8001	63.6066	144.3636
92.8100	62.9408	144.3811
92.8201	63.4401	144.3986
92.8301	62.9408	144.4160
92.8401	63.3569	144.4335
92.8502	62.9408	144.4510
92.8601	62.9408	144.4685
92.8701	63.6066	144.4860
92.8802	63.4401	144.5035
92.8900	62.7743	144.5209
92.9003	63.1905	144.5384
92.9101	63.2737	144.5559
92.9200	62.9408	144.5734
92.9302	62.9408	144.5909
92.9401	62.9408	144.6084
92.9501	63.7731	144.6259
92.9601	63.9395	144.6434
92.9701	63.8563	144.6609
92.9801	63.3569	144.6784
92.9902	63.6898	144.6959
93.0003	63.6898	144.7134
93.0101	63.2737	144.7309
93.0202	63.4401	144.7485
93.0303	64.1892	144.7660
93.0401	63.0240	144.7835
93.0502	63.6066	144.8010
93.0603	63.2737	144.8185
93.0701	63.6066	144.8360
93.0802	63.3569	144.8535
93.0903	63.6066	144.8710
93.1001	63.2737	144.8886
93.1101	63.4401	144.9061
93.1201	63.0240	144.9236
93.1303	63.4401	144.9411
93.1402	63.6898	144.9587
93.1503	63.1072	144.9762
93.1602	63.0240	144.9937
93.1702	63.1905	145.0113
93.1803	63.1072	145.0288
93.1901	63.0240	145.0463
93.2003	63.4401	145.0639
93.2103	63.6898	145.0814
93.2202	63.4401	145.0989
93.2303	63.4401	145.1165
93.2403	63.1905	145.1340
93.2502	63.6898	145.1516
93.2602	63.6066	145.1691
93.2703	63.4401	145.1867
93.2803	63.6066	145.2042
93.2903	63.1072	145.2218
93.3003	63.6066	145.2393
93.3104	63.6898	145.2569
93.3203	63.4401	145.2744
93.3303	63.9395	145.2920
93.3402	63.5234	145.3096
93.3503	63.3569	145.3271
93.3602	63.2737	145.3447
93.3703	63.1905	145.3623
93.3802	63.1905	145.3798
93.3903	63.7731	145.3974
93.4003	62.9408	145.4150
93.4103	63.4401	145.4326
93.4205	64.1060	145.4501
93.4303	63.2737	145.4677
93.4403	63.6898	145.4853
93.4503	63.2737	145.5029
93.4603	63.2737	145.5205
93.4703	63.4401	145.5381
93.4803	63.7731	145.5556
93.4902	63.6066	145.5732
93.5004	63.1072	145.5908
93.5103	63.1072	145.6084
93.5203	63.2737	145.6260
93.5303	63.7731	145.6436
93.5404	63.6898	145.6612
93.5503	63.6898	145.6788
93.5607	63.1905	145.6964
93.5703	63.3569	145.7140
93.5803	63.2737	145.7316
93.5903	63.0240	145.7492
93.6003	63.3569	145.7669
93.6103	63.3569	145.7845
93.6204	64.1060	145.8021
93.6303	63.9395	145.8197
93.6403	63.4401	145.8373
93.6503	63.2737	145.8550
93.6603	62.9408	145.8726
93.6703	63.1072	145.8902
93.6803	63.6066	145.9079
93.6904	62.9408	145.9255
93.7003	63.7731	145.9431
93.7104	64.0228	145.9608
93.7206	63.4401	145.9784
93.7304	63.1072	145.9961
93.7403	63.4401	146.0137
93.7504	63.4401	146.0313
93.7604	63.9395	146.0490
93.7703	63.6066	146.0666
93.7804	63.6898	146.0843
93.7907	63.9395	146.1019
93.8003	63.8563	146.1196
93.8105	63.6066	146.1373
93.8205	63.2737	146.1549
93.8305	63.0240	146.1726
93.8404	63.4401	146.1902
93.8504	63.4401	146.2079
93.8606	63.6066	146.2256
93.8705	64.0228	146.2432
93.8804	62.7743	146.2609
93.8907	63.5234	146.2786
93.9005	63.8563	146.2963
93.9104	62.9408	146.3139
93.9206	63.9395	146.3316
93.9305	63.3569	146.3493
93.9405	64.0228	146.3670
93.9505	63.0240	146.3847
93.9605	63.6898	146.4024
93.9704	64.1060	146.4200
93.9804	63.4401	146.4377
93.9904	63.8563	146.4554
94.0005	63.4401	146.4731
94.0104	63.5234	146.4908
94.0203	63.2737	146.5085
94.0305	63.7731	146.5262
94.0404	63.3569	146.5439
94.0494	63.3569	146.5616
94.0604	63.9395	146.5793
94.0705	63.2737	146.5970
94.0805	63.8563	146.6147
94.0905	63.4401	146.6324
94.1006	63.2737	146.6501
94.1094	63.8563	146.6678
94.1205	63.8563	146.6855
94.1305	63.4401	146.7032
94.1405	63.7731	146.7209
94.1505	63.2737	146.7386
94.1607	63.4401	146.7564
94.1695	63.7731	146.7741
94.1806	63.4401	146.7918
94.1906	63.2737	146.8095
94.2005	63.3569	146.8272
94.2105	63.7731	146.8450
94.2204	63.6066	146.8627
94.2295	63.4401	146.8804
94.2405	63.7731	146.8981
94.2505	63.5234	146.9159
94.2605	63.1072	146.9336
94.2706	63.6898	146.9513
94.2805	63.0240	146.9691
94.2895	63.4401	146.9868
94.2995	62.7743	147.0046
94.3106	63.4401	147.0223
94.3205	63.4401	147.0400
94.3306	63.7731	147.0578
94.3406	64.1060	147.0755
94.3495	62.9408	147.0933
94.3596	63.1905	147.1111
94.3706	63.2737	147.1289
94.3806	63.1072	147.1467
94.3906	63.5234	147.1645
94.4006	63.1072	147.1824
94.4096	63.1072	147.2003
94.4198	63.0240	147.2181
94.4306	63.4401	147.2360
94.4406	62.4414	147.2538
94.4506	63.4401	147.2717
94.4608	63.9395	147.2897
94.4697	63.1072	147.3076
94.4796	63.1072	147.3255
94.4896	63.7731	147.3435
94.5007	63.5234	147.3614
94.5106	63.6898	147.3794
94.5206	63.1905	147.3973
94.5296	63.3569	147.4153
94.5399	63.6066	147.4333
94.5496	63.6066	147.4513
94.5607	62.9408	147.4692
94.5706	62.9408	147.4872
94.5806	62.9408	147.5052
94.5906	63.6066	147.5231
94.6000	63.3569	147.5411
94.6097	63.7731	147.5590
94.6207	63.6066	147.5770
94.6306	63.8563	147.5949
94.6408	63.3569	147.6128
94.6507	63.1905	147.6307
94.6596	62.9408	147.6487
94.6697	63.0240	147.6666
94.6807	63.7731	147.6845
94.6906	62.9408	147.7024
94.7007	64.1060	147.7203
94.7097	63.1072	147.7383
94.7196	63.8563	147.7562
94.7297	62.7743	147.7741
94.7397	63.3569	147.7921
94.7507	63.1905	147.8100
94.7607	63.2737	147.8279
94.7707	63.1905	147.8458
94.7797	63.2737	147.8638
94.7897	63.9395	147.8817
94.7997	63.2737	147.8996
94.8107	63.4401	147.9175
94.8207	63.5234	147.9355
94.8307	63.7731	147.9534
94.8397	63.6066	147.9713
94.8498	63.0240	147.9893
94.8598	64.0228	148.0072
94.8709	63.6898	148.0252
94.8807	63.5234	148.0431
94.8907	63.1905	148.0611
94.8999	63.3569	148.0790
94.9098	63.9395	148.0970
94.9197	63.7731	148.1149
94.9309	64.1060	148.1329
94.9408	63.4401	148.1508
94.9498	63.6066	148.1688
94.9599	63.6066	148.1867
94.9699	63.3569	148.2047
94.9798	63.2737	148.2226
94.9901	62.7743	148.2406
95.0009	63.0240	148.2585
95.0098	63.1072	148.2765
95.0199	63.0240	148.2944
95.0298	63.4401	148.3123
95.0398	63.2737	148.3302
95.0498	63.1072	148.3481
95.0608	63.1072	148.3660
95.0709	63.7731	148.3839
95.0799	63.4401	148.4018
95.0899	64.0228	148.4197
95.0999	63.2737	148.4376
95.1099	63.3569	148.4555
95.1209	63.3569	148.4734
95.1309	63.6066	148.4912
95.1399	63.6066	148.5091
95.1499	63.6066	148.5270
95.1600	63.7731	148.5449
95.1699	63.4401	148.5628
95.1798	63.2737	148.5806
95.1909	63.4401	148.5985
95.1999	63.6898	148.6164
95.2098	63.9395	148.6342
95.2199	63.4401	148.6521
95.2300	63.7731	148.6699
95.2399	63.4401	148.6877
95.2509	63.2737	148.7055
95.2600	63.7731	148.7232
95.2702	63.6066	148.7410
95.2799	63.6066	148.7587
95.2900	63.4401	148.7764
95.3000	63.1072	148.7941
95.3110	63.1072	148.8117
95.3209	63.2737	148.8293
95.3299	63.6066	148.8469
95.3400	63.6066	148.8644
95.3500	63.5234	148.8819
95.3602	63.4401	148.8994
95.3709	63.1072	148.9169
95.3809	63.4401	148.9343
95.3899	63.5234	148.9517
95.4002	62.9408	148.9691
95.4099	63.6066	148.9864
95.4200	62.7743	149.0037
95.4301	63.2737	149.0209
95.4399	63.1072	149.0382
95.4501	63.2737	149.0554
95.4599	63.6898	149.0725
95.4700	63.1072	149.0896
95.4801	63.9395	149.1067
95.4900	63.1072	149.1237
95.5009	63.6066	149.1407
95.5101	63.6898	149.1577
95.5202	63.9395	149.1745
95.5301	63.2737	149.1914
95.5401	63.7731	149.2082
95.5501	63.2737	149.2249
95.5610	63.6066	149.2417
95.5700	63.9395	149.2583
95.5800	63.6066	149.2749
95.5900	63.2737	149.2915
95.6002	62.6911	149.3080
95.6101	63.6066	149.3245
95.6200	63.4401	149.3410
95.6301	63.1905	149.3574
95.6391	63.8563	149.3737
95.6500	63.5234	149.3900
95.6600	63.2737	149.4063
95.6700	63.2737	149.4225
95.6800	63.4401	149.4387
95.6901	63.1072	149.4548
95.7000	63.5234	149.4709
95.7100	63.5234	149.4869
95.7200	63.3569	149.5029
95.7301	63.8563	149.5188
95.7401	63.4401	149.5346
95.7501	63.1072	149.5505
95.7600	63.5234	149.5662
95.7701	63.2737	149.5819
95.7801	63.2737	149.5976
95.7903	63.3569	149.6132
95.8002	62.9408	149.6287
95.8100	63.4401	149.6442
95.8202	63.3569	149.6596
95.8302	63.1072	149.6749
95.8401	63.7731	149.6902
95.8501	63.6066	149.7055
95.8601	62.9408	149.7206
95.8701	63.4401	149.7357
95.8801	63.7731	149.7508
95.8901	63.9395	149.7657
95.9001	63.3569	149.7807
95.9103	63.4401	149.7955
95.9202	63.7731	149.8103
95.9301	63.2737	149.8250
95.9401	63.6898	149.8397
95.9502	63.6066	149.8543
95.9602	62.9408	149.8688
95.9701	62.6911	149.8833
95.9802	63.1072	149.8977
95.9902	63.5234	149.9120
96.0004	63.3569	149.9263
96.0102	63.1905	149.9405
96.0201	63.4401	149.9546
96.0303	63.4401	149.9687
96.0402	63.2737	149.9827
96.0502	63.6066	149.9967
96.0603	63.1072	150.0105
96.0701	63.2737	150.0244
96.0802	63.1905	150.0381
96.0902	63.1905	150.0518
96.1001	63.2737	150.0655
96.1102	63.1072	150.0790
96.1203	63.1072	150.0925
96.1301	63.1905	150.1060
96.1403	63.6066	150.1194
96.1503	63.4401	150.1327
96.1602	63.1072	150.1459
96.1702	63.5234	150.1591
96.1803	63.1072	150.1723
96.1902	63.1072	150.1854
96.2002	63.8563	150.1984
96.2103	64.0228	150.2114
96.2202	63.1072	150.2243
96.2303	63.6898	150.2371
96.2403	63.3569	150.2499
96.2502	63.4401	150.2626
96.2602	63.3569	150.2753
96.2703	63.4401	150.2879
96.2803	63.0240	150.3005
96.2903	63.4401	150.3129
96.3003	63.2737	150.3254
96.3103	63.6066	150.3377
96.3203	62.9408	150.3501
96.3302	63.3569	150.3623
96.3403	63.4401	150.3745
96.3503	63.2737	150.3866
96.3602	62.7743	150.3987
96.3703	63.4401	150.4107
96.3803	62.7743	150.4227
96.3902	62.9408	150.4346
96.4004	63.2737	150.4464
96.4103	62.8576	150.4582
96.4202	63.6066	150.4699
96.4303	63.0240	150.4815
96.4403	63.9395	150.4931
96.4502	63.4401	150.5046
96.4604	64.2725	150.5161
96.4703	63.2737	150.5275
96.4803	63.2737	150.5388
96.4903	63.1905	150.5501
96.5003	62.7743	150.5613
96.5103	63.4401	150.5725
96.5203	63.2737	150.5836
96.5303	63.6066	150.5946
96.5403	63.7731	150.6056
96.5503	62.7743	150.6165
96.5603	63.1072	150.6273
96.5706	63.5234	150.6381
96.5803	63.5234	150.6489
96.5904	63.5234	150.6595
96.6004	63.1072	150.6702
96.6104	63.5234	150.6807
96.6204	63.6066	150.6912
96.6304	63.1072	150.7017
96.6404	63.1072	150.7121
96.6503	63.2737	150.7224
96.6608	63.4401	150.7327
96.6703	63.4401	150.7429
96.6803	62.6079	150.7531
96.6905	63.2737	150.7632
96.7004	63.1905	150.7733
96.7104	63.3569	150.7833
96.7204	63.9395	150.7933
96.7305	63.2737	150.8032
96.7403	63.1072	150.8131
96.7495	63.6066	150.8229
96.7604	63.0240	150.8327
96.7704	63.2737	150.8425
96.7804	63.3569	150.8522
96.7904	63.2737	150.8619
96.8004	63.1072	150.8715
96.8094	63.6066	150.8811
96.8204	62.9408	150.8907
96.8305	63.4401	150.9002
96.8405	63.1905	150.9096
96.8505	63.4401	150.9190
96.8604	63.1072	150.9284
96.8705	63.1072	150.9378
96.8805	63.1072	150.9471
96.8905	63.1072	150.9563
96.9005	62.9408	150.9656
96.9105	63.2737	150.9747
96.9207	63.1072	150.9839
96.9305	63.2737	150.9930
96.9404	63.1072	151.0021
96.9505	62.8576	151.0112
96.9605	62.7743	151.0202
96.9704	63.1072	151.0292
96.9806	62.6079	151.0382
96.9904	62.9408	151.0472
96.9994	63.3569	151.0561
97.0105	62.8576	151.0650
97.0205	63.1072	151.0738
97.0304	62.7743	151.0826
97.0406	62.6911	151.0914
97.0505	63.6066	151.1002
97.0594	62.5247	151.1089
97.0705	62.9408	151.1176
97.0805	63.1072	151.1263
97.0904	62.9408	151.1350
97.1006	63.1072	151.1436
97.1105	62.6911	151.1523
97.1195	63.2737	151.1609
97.1305	62.7743	151.1694
97.1405	62.7743	151.1780
97.1505	62.7743	151.1865
97.1605	62.9408	151.1951
97.1705	62.6079	151.2036
97.1796	62.6079	151.2121
97.1895	63.0240	151.2205
97.2005	63.0240	151.2290
97.2104	62.9408	151.2374
97.2205	62.9408	151.2458
97.2305	62.9408	151.2542
97.2396	62.7743	151.2626
97.2495	63.1072	151.2710
97.2605	62.5247	151.2794
97.2706	62.6079	151.2877
97.2805	62.7743	151.2961
97.2905	62.6911	151.3044
97.2995	62.6079	151.3127
97.3096	62.3582	151.3210
97.3205	63.4401	151.3293
97.3307	63.1072	151.3376
97.3407	62.8576	151.3459
97.3506	63.2737	151.3542
97.3596	63.0240	151.3624
97.3696	62.9408	151.3707
97.3806	62.6079	151.3790
97.3906	62.9408	151.3872
97.4006	62.9408	151.3955
97.4106	63.1072	151.4037
97.4197	62.6911	151.4120
97.4295	62.6911	151.4203
97.4396	62.7743	151.4285
97.4507	62.8576	151.4368
97.4608	62.6079	151.4450
97.4707	62.7743	151.4533
97.4796	62.9408	151.4616
97.4896	62.6911	151.4698
97.4997	62.9408	151.4781
97.5107	63.0240	151.4864
97.5206	62.6079	151.4947
97.5307	62.6079	151.5030
97.5397	62.6079	151.5113
97.5497	62.8576	151.5196
97.5597	62.3582	151.5279
97.5707	62.8576	151.5362
97.5806	62.3582	151.5445
97.5906	62.6911	151.5528
97.5996	62.1918	151.5611
97.6096	62.2750	151.5695
97.6196	62.7743	151.5778
97.6307	62.4414	151.5861
97.6407	63.2737	151.5945
97.6507	62.7743	151.6029
97.6597	63.0240	151.6112
97.6697	62.7743	151.6196
97.6797	62.2750	151.6280
97.6897	62.8576	151.6364
97.7008	62.4414	151.6448
97.7108	62.5247	151.6532
97.7208	62.6079	151.6616
97.7299	62.3582	151.6700
97.7399	62.1086	151.6784
97.7498	62.2750	151.6868
97.7609	62.2750	151.6952
97.7709	62.4414	151.7036
97.7798	62.2750	151.7120
97.7899	62.3582	151.7204
97.7999	62.2750	151.7288
97.8099	62.2750	151.7372
97.8208	62.2750	151.7456
97.8308	61.9421	151.7540
97.8398	62.3582	151.7625
97.8499	62.3582	151.7709
97.8599	62.3582	151.7793
97.8699	62.6079	151.7877
97.8799	62.1918	151.7961
97.8909	62.6079	151.8045
97.9009	62.6079	151.8129
97.9099	62.1086	151.8213
97.9198	62.4414	151.8297
97.9299	62.6079	151.8381
97.9398	62.2750	151.8465
97.9508	62.6911	151.8550
97.9608	62.3582	151.8634
97.9698	61.9421	151.8718
97.9798	62.2750	151.8803
97.9898	62.6079	151.8887
97.9998	62.1086	151.8972
98.0108	62.1086	151.9057
98.0207	62.0254	151.9141
98.0298	61.9421	151.9226
98.0398	62.6911	151.9310
98.0498	62.0254	151.9395
98.0598	61.6093	151.9480
98.0708	62.0254	151.9565
98.0808	62.1086	151.9649
98.0898	62.4414	151.9734
98.0998	62.2750	151.9819
98.1098	61.9421	151.9904
98.1198	62.1918	151.9989
98.1298	62.2750	152.0074
98.1408	62.1086	152.0159
98.1498	61.8589	152.0244
98.1598	61.7757	152.0329
98.1698	61.7757	152.0414
98.1799	62.4414	152.0499
98.1898	62.2750	152.0584
98.2009	61.8589	152.0669
98.2098	61.7757	152.0754
98.2199	61.9421	152.0839
98.2299	61.7757	152.0924
98.2399	61.7757	152.1009
98.2499	62.1918	152.1094
98.2608	61.9421	152.1180
98.2709	62.1086	152.1265
98.2799	61.6093	152.1350
98.2898	61.7757	152.1435
98.2999	61.7757	152.1521
98.3100	61.9421	152.1606
98.3199	62.1086	152.1692
98.3300	61.1932	152.1777
98.3400	61.6093	152.1863
98.3499	61.2764	152.1948
98.3602	62.1086	152.2034
98.3700	61.7757	152.2120
98.3799	61.9421	152.2206
98.3900	61.7757	152.2291
98.4003	61.7757	152.2377
98.4100	61.2764	152.2463
98.4200	61.7757	152.2549
98.4301	61.6093	152.2635
98.4401	61.8589	152.2721
98.4510	61.7757	152.2807
98.4602	61.2764	152.2893
98.4701	62.1086	152.2979
98.4800	61.7757	152.3066
98.4899	61.4428	152.3152
98.5000	61.6093	152.3238
98.5110	62.3582	152.3324
98.5200	61.6093	152.3411
98.5300	61.8589	152.3497
98.5400	61.6093	152.3583
98.5501	61.6093	152.3669
98.5600	62.3582	152.3756
98.5700	61.6093	152.3842
98.5800	61.3596	152.3928
98.5900	61.1932	152.4015
98.6001	61.4428	152.4101
98.6100	61.1932	152.4187
98.6200	61.7757	152.4274
98.6300	61.6093	152.4360
98.6400	61.7757	152.4447
98.6500	61.4428	152.4533
98.6600	61.2764	152.4620
98.6702	61.2764	152.4706
98.6801	62.0254	152.4793
98.6901	61.2764	152.4879
98.7001	61.1100	152.4966
98.7101	61.5261	152.5052
98.7200	61.2764	152.5139
98.7302	61.6093	152.5225
98.7401	62.0254	152.5312
98.7501	61.7757	152.5398
98.7601	61.6093	152.5485
98.7700	61.9421	152.5571
98.7800	61.4428	152.5658
98.7903	61.6925	152.5745
98.8001	61.6093	152.5831
98.8100	61.7757	152.5918
98.8200	61.2764	152.6005
98.8301	61.6093	152.6092
98.8401	61.2764	152.6178
98.8502	61.2764	152.6265
98.8602	61.7757	152.6352
98.8701	61.9421	152.6439
98.8801	61.5261	152.6525
98.8902	61.2764	152.6612
98.9001	61.4428	152.6699
98.9102	61.6093	152.6786
98.9202	61.4428	152.6873
98.9302	61.2764	152.6960
98.9402	61.1100	152.7047
98.9502	61.5261	152.7134
98.9602	61.1100	152.7221
98.9703	60.6107	152.7308
98.9802	61.0268	152.7396
98.9902	61.1932	152.7483
99.0002	61.1100	152.7570
99.0101	61.1100	152.7657
99.0202	60.7772	152.7744
99.0301	61.2764	152.7832
99.0401	60.9436	152.7919
99.0501	60.8604	152.8006
99.0603	61.1932	152.8093
99.0701	61.6093	152.8181
99.0802	61.1932	152.8268
99.0902	61.0268	152.8355
99.1002	60.9436	152.8442
99.1102	60.8604	152.8530
99.1203	61.1100	152.8617
99.1302	61.3596	152.8705
99.1402	61.1932	152.8792
99.1502	61.4428	152.8879
99.1602	60.9436	152.8967
99.1702	60.1115	152.9054
99.1802	60.8604	152.9142
99.1902	60.9436	152.9229
99.2002	61.1932	152.9317
99.2102	61.2764	152.9404
99.2202	60.9436	152.9492
99.2302	61.1100	152.9580
99.2402	61.0268	152.9667
99.2502	61.2764	152.9755
99.2603	61.6093	152.9843
99.2702	61.5261	152.9931
99.2803	61.0268	153.0019
99.2903	60.8604	153.0108
99.3002	60.5275	153.0196
99.3103	61.1100	153.0285
99.3203	61.1932	153.0374
99.3303	61.0268	153.0463
99.3403	61.1100	153.0553
99.3503	61.1932	153.0642
99.3604	60.7772	153.0732
99.3703	60.6107	153.0822
99.3804	60.9436	153.0913
99.3904	60.9436	153.1003
99.4003	60.9436	153.1094
99.4103	60.9436	153.1185
99.4205	60.6940	153.1277
99.4304	60.5275	153.1368
99.4403	61.4428	153.1460
99.4504	60.6940	153.1552
99.4603	61.4428	153.1644
99.4703	60.6107	153.1737
99.4804	60.7772	153.1830
99.4904	60.6107	153.1923
99.5003	60.8604	153.2017
99.5103	61.2764	153.2110
99.5205	61.1932	153.2204
99.5303	60.2779	153.2299
99.5405	60.5275	153.2394
99.5504	61.4428	153.2489
99.5603	60.8604	153.2584
99.5704	60.6940	153.2680
99.5804	61.0268	153.2776
99.5906	60.6940	153.2872
99.6004	60.6940	153.2969
99.6103	60.2779	153.3066
99.6204	60.9436	153.3164
99.6304	60.9436	153.3262
99.6404	60.8604	153.3360
99.6505	60.6107	153.3459
99.6604	60.8604	153.3558
99.6703	60.1115	153.3658
99.6804	60.2779	153.3758
99.6903	60.6107	153.3858
99.6995	60.1115	153.3959
99.7104	61.1100	153.4060
99.7205	61.0268	153.4162
99.7304	61.1100	153.4264
99.7404	60.4443	153.4367
99.7504	60.6107	153.4469
99.7594	60.9436	153.4573
99.7705	60.0283	153.4676
99.7804	61.1100	153.4781
99.7904	60.1115	153.4885
99.8004	60.1947	153.4990
99.8105	60.4443	153.5096
99.8195	60.6940	153.5202
99.8304	60.5275	153.5309
99.8405	59.9451	153.5416
99.8506	61.0268	153.5523
99.8605	60.9436	153.5631
99.8704	60.2779	153.5740
99.8795	60.2779	153.5849
99.8896	60.6107	153.5959
99.9005	60.3611	153.6069
99.9105	60.6107	153.6179
99.9207	59.5291	153.6291
99.9305	59.9451	153.6402
99.9395	60.6107	153.6515
99.9496	59.5291	153.6628
99.9605	59.7787	153.6741
99.9706	59.9451	153.6855
99.9806	61.0268	153.6970
99.9905	60.2779	153.7085
99.9996	60.2779	153.7201
100.0096	60.6107	153.7318
100.0205	59.4459	153.7435
100.0305	60.0283	153.7552
100.0405	60.1115	153.7671
100.0505	60.1115	153.7790
100.0596	60.6107	153.7910
100.0697	60.1115	153.8030
100.0805	59.3627	153.8151
100.0905	59.5291	153.8273
100.1005	60.0283	153.8395
100.1107	60.5275	153.8518
100.1205	60.2779	153.8641
100.1296	60.6107	153.8765
100.1395	59.7787	153.8890
100.1506	59.9451	153.9016
100.1606	60.3611	153.9142
100.1705	60.4443	153.9269
100.1806	60.1115	153.9396
100.1895	59.9451	153.9524
100.1995	60.3611	153.9653
100.2107	59.8619	153.9782
100.2207	60.1947	153.9912
100.2306	60.1947	154.0043
100.2398	60.1115	154.0174
100.2496	60.1115	154.0306
100.2596	59.7787	154.0438
100.2706	59.4459	154.0571
100.2806	60.1115	154.0705
100.2906	59.2795	154.0839
100.3006	59.9451	154.0974
100.3096	59.7787	154.1109
100.3196	59.8619	154.1245
100.3296	59.6955	154.1381
100.3406	60.1115	154.1518
100.3507	59.5291	154.1656
100.3607	59.7787	154.1794
100.3698	59.4459	154.1932
100.3797	59.6955	154.2071
100.3897	59.6123	154.2211
100.4006	59.9451	154.2351
100.4107	59.6123	154.2492
100.4206	59.6123	154.2633
100.4297	59.8619	154.2775
100.4397	60.5275	154.2917
100.4497	59.8619	154.3060
100.4607	59.1131	154.3204
100.4707	60.2779	154.3348
100.4797	60.2779	154.3493
100.4897	59.6123	154.3638
100.4997	59.4459	154.3784
100.5098	59.9451	154.3930
100.5208	59.5291	154.4077
100.5308	59.7787	154.4224
100.5397	59.5291	154.4372
100.5498	59.6123	154.4521
100.5598	59.7787	154.4670
100.5700	60.4443	154.4820
100.5798	59.5291	154.4970
100.5907	59.5291	154.5121
100.5997	59.4459	154.5272
100.6099	59.1963	154.5424
100.6198	59.4459	154.5576
100.6297	59.0299	154.5729
100.6398	59.7787	154.5883
100.6507	60.2779	154.6037
100.6608	59.9451	154.6192
100.6698	59.6955	154.6347
100.6798	60.3611	154.6503
100.6897	59.1963	154.6659
100.6998	59.1963	154.6816
100.7108	58.5308	154.6973
100.7207	58.8636	154.7131
100.7298	59.5291	154.7290
100.7398	59.1963	154.7449
100.7497	59.9451	154.7609
100.7598	59.0299	154.7769
100.7707	59.0299	154.7929
100.7807	59.4459	154.8090
100.7898	59.4459	154.8252
100.7998	59.7787	154.8414
100.8099	59.1963	154.8577
100.8198	60.3611	154.8740
100.8298	59.8619	154.8904
100.8409	59.7787	154.9068
100.8508	59.1963	154.9232
100.8598	59.6123	154.9398
100.8698	59.9451	154.9563
100.8799	59.6955	154.9729
100.8898	59.0299	154.9896
100.9010	59.6123	155.0063
100.9109	59.7787	155.0231
100.9198	59.2795	155.0399
100.9300	59.7787	155.0567
100.9399	59.0299	155.0736
100.9498	59.2795	155.0906
100.9609	59.3627	155.1075
100.9709	59.7787	155.1246
100.9798	58.6972	155.1416
100.9899	59.1963	155.1587
101.0000	59.7787	155.1759
101.0096	59.7787	155.1931
101.0199	60.3611	155.2103
101.0309	60.3611	155.2276
101.0399	59.4459	155.2449
101.0499	59.7787	155.2622
101.0599	59.8619	155.2796
101.0699	59.7787	155.2970
101.0799	60.1115	155.3145
101.0909	58.8636	155.3320
101.1000	59.5291	155.3495
101.1100	59.1131	155.3671
101.1199	59.1131	155.3847
101.1300	58.6972	155.4023
101.1399	59.6955	155.4200
101.1510	59.4459	155.4377
101.1600	59.1131	155.4555
101.1700	59.1131	155.4732
101.1799	59.1131	155.4910
101.1902	59.1963	155.5089
101.1999	59.6955	155.5268
101.2109	60.1947	155.5447
101.2199	59.6123	155.5626
101.2299	59.2795	155.5806
101.2398	59.9451	155.5986
101.2500	58.9468	155.6167
101.2599	59.4459	155.6347
101.2699	59.6955	155.6528
101.2799	59.0299	155.6710
101.2899	59.1963	155.6891
101.2999	58.8636	155.7073
101.3099	59.0299	155.7255
101.3199	58.5308	155.7438
101.3300	59.1963	155.7620
101.3401	59.5291	155.7803
101.3499	59.1963	155.7986
101.3599	58.7804	155.8170
101.3699	59.4459	155.8354
101.3799	59.3627	155.8538
101.3900	59.1963	155.8722
101.4004	59.1131	155.8907
101.4100	59.7787	155.9091
101.4199	59.4459	155.9276
101.4300	59.7787	155.9461
101.4399	59.7787	155.9647
101.4500	59.0299	155.9832
101.4599	59.6123	156.0018
101.4700	59.2795	156.0204
101.4800	58.6972	156.0390
101.4900	58.8636	156.0577
101.5000	59.1131	156.0763
101.5100	58.9468	156.0950
101.5200	59.7787	156.1137
101.5300	59.5291	156.1325
101.5400	58.8636	156.1512
101.5500	59.9451	156.1700
101.5600	59.4459	156.1887
101.5700	59.3627	156.2075
101.5800	59.6955	156.2263
101.5901	59.1963	156.2452
101.6001	59.1963	156.2640
101.6101	59.0299	156.2829
101.6200	59.3627	156.3018
101.6300	59.4459	156.3207
101.6400	59.3627	156.3396
101.6501	59.4459	156.3585
101.6601	58.8636	156.3774
101.6701	59.4459	156.3964
101.6802	59.1963	156.4153
101.6901	58.8636	156.4343
101.7001	59.1963	156.4533
101.7103	59.1963	156.4723
101.7201	58.7804	156.4913
101.7300	58.8636	156.5104
101.7401	59.4459	156.5294
101.7501	59.1131	156.5484
101.7601	59.0299	156.5675
101.7702	60.1115	156.5865
101.7801	58.9468	156.6056
101.7903	59.1131	156.6247
101.8001	59.3627	156.6438
101.8101	58.6972	156.6629
101.8202	59.0299	156.6820
101.8303	59.0299	156.7011
101.8401	59.0299	156.7202
101.8502	59.1963	156.7393
101.8601	59.4459	156.7584
101.8704	59.3627	156.7775
101.8802	59.1131	156.7966
101.8902	58.6140	156.8158
101.9001	58.5308	156.8349
101.9101	58.8636	156.8540
101.9202	59.1963	156.8732
101.9302	59.6123	156.8923
101.9402	59.2795	156.9114
101.9502	59.7787	156.9306
101.9602	59.7787	156.9497
101.9703	59.7787	156.9688
101.9802	60.2779	156.9880
101.9903	59.4459	157.0071
102.0003	59.1963	157.0262
102.0103	59.5291	157.0454
102.0203	59.5291	157.0645
102.0304	58.9468	157.0836
102.0403	59.9451	157.1028
102.0502	59.2795	157.1219
102.0603	59.4459	157.1410
102.0702	59.4459	157.1602
102.0802	59.5291	157.1793
102.0902	59.6123	157.1984
102.1002	59.6123	157.2176
102.1102	59.3627	157.2367
102.1204	59.7787	157.2559
102.1302	59.8619	157.2750
102.1404	59.7787	157.2942
102.1502	59.1963	157.3133
102.1602	59.8619	157.3325
102.1705	59.1131	157.3517
102.1802	58.9468	157.3708
102.1902	59.5291	157.3900
102.2002	59.5291	157.4092
102.2102	59.5291	157.4284
102.2203	59.2795	157.4476
102.2304	59.7787	157.4668
102.2402	59.1131	157.4860
102.2503	59.2795	157.5052
102.2603	59.7787	157.5244
102.2702	59.4459	157.5436
102.2803	59.4459	157.5628
102.2903	59.4459	157.5820
102.3002	59.8619	157.6012
102.3103	59.1963	157.6205
102.3203	59.4459	157.6397
102.3303	59.4459	157.6589
102.3403	59.6955	157.6782
102.3503	59.2795	157.6974
102.3603	59.3627	157.7167
102.3703	59.1131	157.7359
102.3803	59.3627	157.7552
102.3903	59.4459	157.7745
102.4003	59.9451	157.7937
102.4103	59.2795	157.8130
102.4203	59.1131	157.8323
102.4303	59.1131	157.8515
102.4403	59.3627	157.8708
102.4504	59.2795	157.8901
102.4604	59.1131	157.9094
102.4704	58.7804	157.9287
102.4804	59.6123	157.9480
102.4904	58.6972	157.9673
102.5004	58.6972	157.9866
102.5105	59.5291	158.0059
102.5205	59.1963	158.0252
102.5304	59.9451	158.0445
102.5404	59.6955	158.0638
102.5504	59.7787	158.0831
102.5609	59.6955	158.1024
102.5704	59.2795	158.1217
102.5804	59.7787	158.1411
102.5893	59.1963	158.1604
102.6005	59.2795	158.1797
102.6105	58.9468	158.1991
102.6204	59.4459	158.2184
102.6304	59.5291	158.2377
102.6404	59.2795	158.2571
102.6494	59.1131	158.2764
102.6604	59.3627	158.2958
102.6704	59.7787	158.3152
102.6804	59.5291	158.3345
102.6905	59.1131	158.3539
102.7004	59.3627	158.3732
102.7095	58.6140	158.3926
102.7207	58.9468	158.4120
102.7304	59.2795	158.4313
102.7404	59.0299	158.4507
102.7505	58.5308	158.4701
102.7604	59.2795	158.4894
102.7697	58.6972	158.5088
102.7805	59.6955	158.5282
102.7907	58.8636	158.5476
102.8005	59.7787	158.5670
102.8105	59.4459	158.5863
102.8204	58.4476	158.6057
102.8296	58.6140	158.6251
102.8395	59.8619	158.6445
102.8505	59.6123	158.6639
102.8606	59.2795	158.6833
102.8706	59.4459	158.7027
102.8804	59.6955	158.7221
102.8897	59.8619	158.7415
102.8995	58.9468	158.7609
102.9105	60.1947	158.7803
102.9206	59.1963	158.7997
102.9305	59.5291	158.8191
102.9405	59.6955	158.8385
102.9497	59.2795	158.8579
102.9596	59.2795	158.8773
102.9706	58.9468	158.8967
102.9807	58.6972	158.9161
102.9906	59.2795	158.9355
103.0005	59.3627	158.9550
103.0096	59.6123	158.9744
103.0195	59.3627	158.9938
103.0295	59.5291	159.0132
103.0406	58.9468	159.0327
103.0505	59.0299	159.0521
103.0607	59.0299	159.0715
103.0695	59.7787	159.0909
103.0796	59.1131	159.1104
103.0897	59.6955	159.1298
103.1008	59.6123	159.1493
103.1105	59.3627	159.1687
103.1206	59.4459	159.1881
103.1296	59.1131	159.2076
103.1395	59.1131	159.2270
103.1496	59.6123	159.2465
103.1608	59.1963	159.2659
103.1706	59.2795	159.2854
103.1807	58.6140	159.3048
103.1897	60.1115	159.3243
103.1996	58.9468	159.3438
103.2097	59.3627	159.3632
103.2206	59.1131	159.3827
103.2306	58.6140	159.4021
103.2406	59.5291	159.4216
103.2506	58.9468	159.4411
103.2597	59.6123	159.4606
103.2697	59.1131	159.4800
103.2797	59.0299	159.4995
103.2907	59.5291	159.5190
103.3007	59.7787	159.5385
103.3098	59.1131	159.5579
103.3198	59.4459	159.5774
103.3299	59.2795	159.5969
103.3397	59.5291	159.6164
103.3508	59.7787	159.6359
103.3608	59.4459	159.6554
103.3697	59.3627	159.6749
103.3798	59.2795	159.6944
103.3897	59.4459	159.7139
103.3997	59.2795	159.7334
103.4108	59.1963	159.7529
103.4208	59.4459	159.7724
103.4307	59.4459	159.7919
103.4398	59.6123	159.8114
103.4497	59.4459	159.8309
103.4596	59.3627	159.8504
103.4708	59.4459	159.8699
103.4807	59.4459	159.8894
103.4907	59.4459	159.9090
103.4997	59.5291	159.9285
103.5097	59.8619	159.9480
103.5197	59.4459	159.9675
103.5297	59.1131	159.9871
103.5407	59.6955	160.0066
103.5506	59.4459	160.0261
103.5597	59.6955	160.0456
103.5697	59.2795	160.0652
103.5798	59.5291	160.0847
103.5898	59.5291	160.1042
103.6007	59.6955	160.1238
103.6107	59.4459	160.1433
103.6198	59.2795	160.1629
103.6299	59.5291	160.1824
103.6398	59.3627	160.2020
103.6498	59.5291	160.2215
103.6608	59.1131	160.2411
103.6709	59.6955	160.2606
103.6797	59.2795	160.2802
103.6897	58.7804	160.2997
103.6998	59.0299	160.3193
103.7097	59.3627	160.3389
103.7197	59.6123	160.3584
103.7308	59.2795	160.3780
103.7398	59.3627	160.3976
103.7497	59.6123	160.4171
103.7597	59.7787	160.4367
103.7698	59.1963	160.4563
103.7798	60.0283	160.4758
103.7908	59.1131	160.4954
103.7999	59.0299	160.5150
103.8098	59.1131	160.5346
103.8198	58.8636	160.5542
103.8299	59.1131	160.5738
103.8398	58.9468	160.5934
103.8509	59.3627	160.6130
103.8608	59.6123	160.6325
103.8700	59.4459	160.6521
103.8799	59.1131	160.6717
103.8899	58.9468	160.6914
103.9000	59.3627	160.7110
103.9108	59.3627	160.7306
103.9198	58.9468	160.7502
103.9300	59.7787	160.7698
103.9398	59.1963	160.7894
103.9498	59.1963	160.8090
103.9599	58.9468	160.8286
103.9698	59.4459	160.8483
103.9809	59.1963	160.8679
103.9900	59.6955	160.8875
104.0000	60.0283	160.9071
104.0099	59.6123	160.9268
104.0199	59.4459	160.9464
104.0300	59.1131	160.9660
104.0409	58.6140	160.9857
104.0500	59.1131	161.0053
104.0600	58.8636	161.0249
104.0698	59.1131	161.0446
104.0800	58.6140	161.0642
104.0899	58.8636	161.0839
104.1008	59.2795	161.1035
104.1100	58.6972	161.1232
104.1199	59.4459	161.1428
104.1300	59.1131	161.1625
104.1399	59.6955	161.1821
104.1499	59.3627	161.2018
104.1599	59.9451	161.2214
104.1699	59.4459	161.2411
104.1799	59.8619	161.2608
104.1899	59.6955	161.2804
104.2001	59.6123	161.3001
104.2099	59.5291	161.3198
104.2203	59.6123	161.3394
104.2300	59.2795	161.3591
104.2400	58.5308	161.3788
104.2499	59.6123	161.3984
104.2601	59.2795	161.4181
104.2700	59.1963	161.4378
104.2800	59.9451	161.4575
104.2901	59.6123	161.4772
104.3000	58.9468	161.4968
104.3100	59.3627	161.5165
104.3201	59.1131	161.5362
104.3301	59.2795	161.5559
104.3401	59.5291	161.5756
104.3500	59.1131	161.5953
104.3600	59.0299	161.6150
104.3700	59.6123	161.6347
104.3800	59.6123	161.6544
104.3902	58.5308	161.6741
104.4000	59.8619	161.6938
104.4100	59.1963	161.7135
104.4202	59.5291	161.7332
104.4302	60.0283	161.7529
104.4400	59.5291	161.7726
104.4503	59.6955	161.7923
104.4601	59.4459	161.8120
104.4701	59.4459	161.8317
104.4800	59.4459	161.8515
104.4901	59.4459	161.8712
104.5001	59.3627	161.8909
104.5102	59.2795	161.9106
104.5202	59.1963	161.9303
104.5301	59.1131	161.9501
104.5402	59.1963	161.9698
104.5502	59.5291	161.9895
104.5601	59.0299	162.0093
104.5701	59.7787	162.0290
104.5800	59.4459	162.0488
104.5901	59.5291	162.0685
104.6001	59.6955	162.0882
104.6100	59.3627	162.1080
104.6202	59.8619	162.1277
104.6302	59.1963	162.1475
104.6401	59.5291	162.1673
104.6501	59.4459	162.1870
104.6601	59.0299	162.2068
104.6700	58.5308	162.2265
104.6801	59.2795	162.2463
104.6901	59.9451	162.2661
104.7001	59.7787	162.2858
104.7101	59.3627	162.3056
104.7201	59.2795	162.3254
104.7301	59.5291	162.3451
104.7402	59.6123	162.3649
104.7502	59.1131	162.3847
104.7601	60.0283	162.4045
104.7702	59.1131	162.4242
104.7802	59.2795	162.4440
104.7901	59.0299	162.4638
104.8001	59.1131	162.4836
104.8101	60.0283	162.5034
104.8203	59.6955	162.5232
104.8303	59.2795	162.5429
104.8401	59.2795	162.5627
104.8502	60.0283	162.5825
104.8603	59.4459	162.6023
104.8702	59.4459	162.6221
104.8802	59.5291	162.6419
104.8903	59.6123	162.6617
104.9001	59.2795	162.6815
104.9102	58.9468	162.7013
104.9202	59.2795	162.7211
104.9302	58.6972	162.7409
104.9402	59.0299	162.7607
104.9502	59.1131	162.7805
104.9602	58.9468	162.8003
104.9703	59.4459	162.8201
104.9803	59.1131	162.8399
104.9902	59.5291	162.8597
105.0002	59.4459	162.8795
105.0103	59.1131	162.8993
105.0202	59.6955	162.9191
105.0305	58.9468	162.9389
105.0403	59.5291	162.9588
105.0502	59.0299	162.9786
105.0603	59.3627	162.9984
105.0703	58.8636	163.0182
105.0804	60.1115	163.0380
105.0903	58.9468	163.0579
105.1002	59.6123	163.0777
105.1103	59.6123	163.0975
105.1204	59.6123	163.1173
105.1302	59.6955	163.1372
105.1403	59.2795	163.1570
105.1503	59.6123	163.1769
105.1602	59.6955	163.1967
105.1703	59.4459	163.2165
105.1803	59.1131	163.2364
105.1903	59.1131	163.2562
105.2002	59.4459	163.2761
105.2103	59.4459	163.2959
105.2202	59.0299	163.3158
105.2303	59.1963	163.3356
105.2404	58.9468	163.3555
105.2502	59.1963	163.3753
105.2605	59.4459	163.3952
105.2703	58.6140	163.4150
105.2802	59.6123	163.4349
105.2904	59.4459	163.4547
105.3003	59.1131	163.4746
105.3103	58.9468	163.4945
105.3204	58.7804	163.5143
105.3303	59.4459	163.5342
105.3403	59.4459	163.5541
105.3494	59.3627	163.5740
105.3604	59.1963	163.5938
105.3703	59.1131	163.6137
105.3804	59.6123	163.6336
105.3905	59.1131	163.6535
105.4003	58.8636	163.6734
105.4095	59.4459	163.6933
105.4204	59.4459	163.7131
105.4303	59.4459	163.7330
105.4404	59.8619	163.7529
105.4504	59.4459	163.7728
105.4603	59.5291	163.7927
105.4703	58.8636	163.8126
105.4804	59.4459	163.8325
105.4903	59.0299	163.8524
105.5004	59.7787	163.8723
105.5103	59.2795	163.8922
105.5204	59.6123	163.9121
105.5303	59.6123	163.9320
105.5394	59.7787	163.9519
105.5505	59.1131	163.9719
105.5604	59.7787	163.9918
105.5704	58.9468	164.0117
105.5804	58.9468	164.0316
105.5894	59.4459	164.0515
105.5994	59.4459	164.0715
105.6104	58.7804	164.0914
105.6204	59.0299	164.1113
105.6304	59.6955	164.1312
105.6404	59.6123	164.1511
105.6504	58.9468	164.1711
105.6594	59.2795	164.1910
105.6705	59.7787	164.2110
105.6805	59.1131	164.2309
105.6904	59.1131	164.2508
105.7004	59.2795	164.2708
105.7105	58.8636	164.2907
105.7195	60.0283	164.3107
105.7305	58.8636	164.3307
105.7404	59.8619	164.3506
105.7506	59.4459	164.3706
105.7605	59.2795	164.3905
105.7704	59.6123	164.4105
105.7795	59.0299	164.4305
105.7895	59.3627	164.4505
105.8005	59.1131	164.4704
105.8105	59.4459	164.4904
105.8204	59.4459	164.5104
105.8305	59.4459	164.5304
105.8395	59.6123	164.5504
105.8496	59.1131	164.5703
105.8605	59.1131	164.5903
105.8706	59.2795	164.6103
105.8806	59.4459	164.6303
105.8905	60.1115	164.6503
105.8996	59.2795	164.6703
105.9096	59.2795	164.6903
105.9205	58.7804	164.7102
105.9306	59.7787	164.7302
105.9406	59.6123	164.7502
105.9505	59.4459	164.7702
105.9596	59.4459	164.7902
105.9696	59.6955	164.8102
105.9797	59.1131	164.8302
105.9906	58.9468	164.8502
106.0005	58.8636	164.8702
106.0105	59.6955	164.8902
106.0196	59.4459	164.9102
106.0296	59.2795	164.9303
106.0397	59.2795	164.9503
106.0507	59.2795	164.9703
106.0607	59.5291	164.9903
106.0697	59.6955	165.0103
106.0797	58.9468	165.0303
106.0896	59.4459	165.0503
106.0997	59.2795	165.0703
106.1106	59.4459	165.0904
106.1207	59.1131	165.1104
106.1308	59.5291	165.1304
106.1398	59.7787	165.1504
106.1497	59.6123	165.1705
106.1597	59.4459	165.1905
106.1707	58.9468	165.2105
106.1807	59.4459	165.2306
106.1908	58.9468	165.2506
106.1997	59.1131	165.2706
106.2097	59.4459	165.2907
106.2197	59.2795	165.3107
106.2297	58.9468	165.3308
106.2406	59.1131	165.3508
106.2508	58.9468	165.3709
106.2596	59.6123	165.3909
106.2698	59.4459	165.4110
106.2799	59.2795	165.4310
106.2896	59.1963	165.4511
106.3008	59.2795	165.4711
106.3107	59.0299	165.4912
106.3197	59.0299	165.5113
106.3298	59.4459	165.5313
106.3397	59.9451	165.5514
106.3497	59.2795	165.5715
106.3608	59.4459	165.5915
106.3707	59.0299	165.6116
106.3806	59.1131	165.6317
106.3897	59.2795	165.6518
106.3997	59.4459	165.6719
106.4097	59.2795	165.6919
106.4197	58.9468	165.7120
106.4307	59.0299	165.7321
106.4407	59.1131	165.7522
106.4497	59.5291	165.7723
106.4597	59.2795	165.7924
106.4698	59.2795	165.8125
106.4798	59.4459	165.8326
106.4907	58.9468	165.8527
106.4998	59.4459	165.8728
106.5099	59.5291	165.8929
106.5197	59.3627	165.9130
106.5297	59.8619	165.9331
106.5398	58.9468	165.9532
106.5507	59.2795	165.9733
106.5608	59.1131	165.9934
106.5698	58.9468	166.0135
106.5797	59.2795	166.0336
106.5898	59.1131	166.0537
106.5998	59.5291	166.0738
106.6107	59.0299	166.0940
106.6208	59.2795	166.1141
106.6298	59.2795	166.1342
106.6398	59.6123	166.1543
106.6497	59.1131	166.1745
106.6598	59.4459	166.1946
106.6699	59.1131	166.2147
106.6808	58.6140	166.2348
106.6899	58.9468	166.2550
106.6999	59.2795	166.2751
106.7098	59.5291	166.2953
106.7199	58.9468	166.3154
106.7299	58.7804	166.3355
106.7409	59.4459	166.3557
106.7498	59.3627	166.3758
106.7599	59.0299	166.3960
106.7698	59.6955	166.4161
106.7801	59.2795	166.4363
106.7899	59.3627	166.4564
106.8009	59.2795	166.4766
106.8100	59.3627	166.4967
106.8199	59.2795	166.5169
106.8298	59.1963	166.5371
106.8399	59.4459	166.5572
106.8499	59.2795	166.5774
106.8598	59.4459	166.5976
106.8699	58.7804	166.6177
106.8799	59.4459	166.6379
106.8899	59.2795	166.6581
106.8999	59.7787	166.6782
106.9099	59.9451	166.6984
106.9199	59.5291	166.7186
106.9308	59.2795	166.7388
106.9399	59.2795	166.7590
106.9499	59.0299	166.7791
106.9600	59.1131	166.7993
106.9700	58.9468	166.8195
106.9800	59.8619	166.8397
106.9900	59.6123	166.8599
107.0000	59.1131	166.8801
107.0099	58.6140	166.9003
107.0201	59.4459	166.9205
107.0300	59.1963	166.9407
107.0400	59.3627	166.9609
107.0500	59.7787	166.9811
107.0600	59.1131	167.0013
107.0699	59.1963	167.0215
107.0804	59.4459	167.0417
107.0901	59.2795	167.0619
107.1000	59.1963	167.0821
107.1101	58.2812	167.1023
107.1200	59.4459	167.1225
107.1301	59.2795	167.1427
107.1401	59.4459	167.1630
107.1500	59.2795	167.1832
107.1599	59.1131	167.2034
107.1700	59.4459	167.2236
107.1800	59.2795	167.2439
107.1899	59.5291	167.2641
107.2001	59.2795	167.2843
107.2100	59.2795	167.3046
107.2200	59.4459	167.3248
107.2301	59.0299	167.3450
107.2400	59.6955	167.3653
107.2500	58.9468	167.3855
107.2602	59.1131	167.4057
107.2701	59.3627	167.4260
107.2800	59.6123	167.4462
107.2900	59.6123	167.4665
107.3000	58.7804	167.4867
107.3102	59.1131	167.5070
107.3201	59.2795	167.5272
107.3300	60.1115	167.5475
107.3400	58.9468	167.5678
107.3501	58.8636	167.5880
107.3600	59.1963	167.6083
107.3700	59.2795	167.6286
107.3801	59.4459	167.6488
107.3900	59.2795	167.6691
107.4002	59.1963	167.6894
107.4102	59.4459	167.7097
107.4200	59.1963	167.7299
107.4300	59.2795	167.7502
107.4401	59.2795	167.7705
107.4501	59.1131	167.7908
107.4603	59.1963	167.8110
107.4701	59.1963	167.8313
107.4800	59.1963	167.8516
107.4901	59.4459	167.8719
107.5001	59.1963	167.8922
107.5101	59.3627	167.9125
107.5201	59.2795	167.9328
107.5301	59.6955	167.9531
107.5401	59.2795	167.9734
107.5500	59.4459	167.9937
107.5601	59.1131	168.0140
107.5701	59.1131	168.0343
107.5801	59.4459	168.0546
107.5901	59.6123	168.0749
107.6004	58.9468	168.0952
107.6102	58.5308	168.1155
107.6201	59.7787	168.1358
107.6303	58.7804	168.1562
107.6402	59.3627	168.1765
107.6501	59.1131	168.1968
107.6602	59.5291	168.2171
107.6703	59.7787	168.2374
107.6801	59.4459	168.2578
107.6902	59.4459	168.2781
107.7002	59.6955	168.2984
107.7101	59.6123	168.3187
107.7202	59.1131	168.3391
107.7301	59.5291	168.3594
107.7401	59.1963	168.3798
107.7502	59.6123	168.4001
107.7602	59.2795	168.4204
107.7702	59.4459	168.4408
107.7802	59.8619	168.4611
107.7902	59.9451	168.4815
107.8002	59.4459	168.5018
107.8101	59.1131	168.5222
107.8202	59.2795	168.5425
107.8302	59.1131	168.5629
107.8403	59.5291	168.5832
107.8503	59.5291	168.6036
107.8602	59.1131	168.6240
107.8702	58.9468	168.6443
107.8802	59.6123	168.6647
107.8902	59.1963	168.6850
107.9002	59.5291	168.7054
107.9102	58.9468	168.7258
107.9202	59.6123	168.7461
107.9303	58.9468	168.7665
107.9402	59.1963	168.7869
107.9503	58.8636	168.8073
107.9603	59.1131	168.8276
107.9702	59.6123	168.8480
107.9803	59.2795	168.8684
107.9902	58.8636	168.8888
108.0003	59.4459	168.9092
108.0103	59.3627	168.9295
108.0202	58.6140	168.9499
108.0303	60.0283	168.9703
108.0403	59.5291	168.9907
108.0503	59.2795	169.0111
108.0603	59.4459	169.0315
108.0703	59.1131	169.0519
108.0803	59.4459	169.0723
108.0904	59.1963	169.0927
108.1003	59.1963	169.1131
108.1103	59.5291	169.1335
108.1204	59.6955	169.1539
108.1304	59.1963	169.1743
108.1403	59.3627	169.1947
108.1503	59.1131	169.2151
108.1603	59.1131	169.2356
108.1703	59.6955	169.2560
108.1804	59.6123	169.2764
108.1904	59.3627	169.2968
108.2003	59.1131	169.3172
108.2103	59.5291	169.3377
108.2203	59.1963	169.3581
108.2304	59.1963	169.3785
108.2395	59.2795	169.3989
108.2504	59.7787	169.4194
108.2604	59.0299	169.4398
108.2704	59.6123	169.4602
108.2804	59.2795	169.4807
108.2903	59.6123	169.5011
108.2993	59.5291	169.5216
108.3103	59.4459	169.5420
108.3204	58.8636	169.5624
108.3304	59.7787	169.5829
108.3403	59.6955	169.6033
108.3503	59.5291	169.6238
108.3594	59.2795	169.6442
108.3704	59.4459	169.6647
108.3805	59.1131	169.6852
108.3905	59.6123	169.7056
108.4005	59.4459	169.7261
108.4104	59.2795	169.7465
108.4194	59.1963	169.7670
108.4304	60.0283	169.7875
108.4404	59.4459	169.8079
108.4504	59.3627	169.8284
108.4604	59.4459	169.8489
108.4705	59.3627	169.8693
108.4794	58.9468	169.8898
108.4895	59.4459	169.9103
108.5006	59.6955	169.9308
108.5105	59.6123	169.9512
108.5205	58.7804	169.9717
108.5305	59.1131	169.9922
108.5395	59.6955	170.0127
108.5496	59.4459	170.0332
108.5606	59.2795	170.0537
108.5705	59.2795	170.0742
108.5806	59.5291	170.0947
108.5906	60.0283	170.1152
108.5995	59.2795	170.1357
108.6096	59.2795	170.1562
108.6206	59.1131	170.1767
108.6305	59.2795	170.1972
108.6406	59.9451	170.2177
108.6505	59.4459	170.2382
108.6595	59.2795	170.2587
108.6696	58.9468	170.2792
108.6795	58.9468	170.2997
108.6906	59.3627	170.3202
108.7005	58.9468	170.3407
108.7096	59.1131	170.3613
108.7196	59.2795	170.3818
108.7296	58.4476	170.4023
108.7396	59.5291	170.4228
108.7506	59.1131	170.4434
108.7608	59.4459	170.4639
108.7706	59.1131	170.4844
108.7796	58.9468	170.5050
108.7896	59.7787	170.5255
108.7996	59.2795	170.5460
108.8106	59.1131	170.5666
108.8206	59.4459	170.5871
108.8306	58.9468	170.6077
108.8396	59.4459	170.6282
108.8496	59.1131	170.6488
108.8596	58.9468	170.6693
108.8706	59.2795	170.6899
108.8806	59.2795	170.7104
108.8905	59.1963	170.7310
108.8996	58.6972	170.7516
108.9096	58.9468	170.7721
108.9197	59.4459	170.7927
108.9296	58.9468	170.8132
108.9406	58.9468	170.8338
108.9506	59.6123	170.8544
108.9596	59.3627	170.8749
108.9696	59.5291	170.8955
108.9797	59.7787	170.9161
108.9896	59.5291	170.9367
109.0006	59.6123	170.9572
109.0106	59.4459	170.9778
109.0197	58.7804	170.9984
109.0296	59.2795	171.0190
109.0397	59.5291	171.0396
109.0497	59.2795	171.0601
109.0606	59.1131	171.0807
109.0706	59.2795	171.1013
109.0798	59.0299	171.1219
109.0897	59.4459	171.1425
109.0997	59.3627	171.1631
109.1097	58.7804	171.1837
109.1198	58.8636	171.2043
109.1307	59.0299	171.2249
109.1407	58.9468	171.2455
109.1498	58.9468	171.2661
109.1597	59.4459	171.2867
109.1696	59.5291	171.3073
109.1798	59.4459	171.3279
109.1908	58.6140	171.3485
109.2007	59.1131	171.3692
109.2098	59.2795	171.3898
109.2197	59.1131	171.4104
109.2297	58.9468	171.4310
109.2398	58.6140	171.4517
109.2508	58.9468	171.4723
109.2607	59.1131	171.4929
109.2698	58.9468	171.5135
109.2798	59.3627	171.5342
109.2898	59.2795	171.5548
109.2999	59.4459	171.5755
109.3107	59.5291	171.5961
109.3207	59.1963	171.6167
109.3298	59.7787	171.6374
109.3398	59.6123	171.6580
109.3498	58.9468	171.6787
109.3598	59.7787	171.6993
109.3699	59.6123	171.7200
109.3808	59.2795	171.7406
109.3898	59.1131	171.7613
109.3998	58.7804	171.7819
109.4098	59.0299	171.8026
109.4198	59.3627	171.8232
109.4298	59.7787	171.8439
109.4408	59.1963	171.8646
109.4497	59.7787	171.8852
109.4598	59.2795	171.9059
109.4698	59.1963	171.9266
109.4798	59.1963	171.9473
109.4897	58.7804	171.9679
109.5008	59.0299	171.9886
109.5108	59.3627	172.0093
109.5197	59.1131	172.0300
109.5298	59.7787	172.0507
109.5398	59.3627	172.0714
109.5498	59.6955	172.0920
109.5609	59.2795	172.1127
109.5708	59.6123	172.1334
109.5799	59.6123	172.1541
109.5898	59.4459	172.1748
109.5999	59.1963	172.1955
109.6098	59.2795	172.2162
109.6198	59.7787	172.2369
109.6298	59.3627	172.2576
109.6399	59.1963	172.2783
109.6498	59.0299	172.2990
109.6598	59.1131	172.3197
109.6699	59.4459	172.3404
109.6798	59.6123	172.3612
109.6908	59.2795	172.3819
109.6998	59.3627	172.4026
109.7098	58.6972	172.4233
109.7199	59.0299	172.4440
109.7300	58.9468	172.4647
109.7399	59.1131	172.4855
109.7509	59.4459	172.5062
109.7599	59.4459	172.5269
109.7700	59.2795	172.5477
109.7798	59.0299	172.5684
109.7899	59.3627	172.5891
109.7999	59.5291	172.6099
109.8099	59.6123	172.6306
109.8199	59.6123	172.6513
109.8299	59.1963	172.6721
109.8399	59.4459	172.6928
109.8500	59.1131	172.7136
109.8599	59.2795	172.7343
109.8699	59.3627	172.7551
109.8800	59.4459	172.7758
109.8899	59.5291	172.7966
109.8999	59.1963	172.8173
109.9100	59.2795	172.8381
109.9200	59.1131	172.8589
109.9300	59.1963	172.8796
109.9400	59.1963	172.9004
109.9500	59.5291	172.9212
109.9600	58.9468	172.9420
109.9701	59.3627	172.9627
109.9801	59.2795	172.9835
109.9902	59.6955	173.0043
110.0000	59.1131	173.0251
110.0099	59.1131	173.0458
110.0204	58.6140	173.0666
110.0300	59.3627	173.0874
110.0400	59.2795	173.1082
110.0500	59.4459	173.1290
110.0601	59.4459	173.1498
110.0700	59.4459	173.1706
110.0800	59.7787	173.1914
110.0900	59.4459	173.2122
110.1001	58.6140	173.2330
110.1100	59.1131	173.2538
110.1201	59.1131	173.2746
110.1301	59.1131	173.2954
110.1401	58.6140	173.3162
110.1501	59.1963	173.3370
110.1601	59.1963	173.3578
110.1701	59.1963	173.3786
110.1800	59.4459	173.3994
110.1901	58.9468	173.4203
110.2001	59.1963	173.4411
110.2101	58.7804	173.4619
110.2201	59.2795	173.4827
110.2301	59.1963	173.5035
110.2402	59.3627	173.5244
110.2501	59.5291	173.5452
110.2601	59.6955	173.5660
110.2701	59.1131	173.5869
110.2801	60.0283	173.6077
110.2901	59.4459	173.6285
110.3001	58.4476	173.6494
110.3101	59.2795	173.6702
110.3200	59.1131	173.6911
110.3302	59.3627	173.7119
110.3402	59.1131	173.7327
110.3501	59.1963	173.7536
110.3601	59.5291	173.7744
110.3701	59.2795	173.7953
110.3800	58.7804	173.8161
110.3900	59.1131	173.8370
110.4001	59.3627	173.8578
110.4101	59.5291	173.8787
110.4201	59.2795	173.8996
110.4302	59.2795	173.9204
110.4400	58.8636	173.9413
110.4501	59.0299	173.9622
110.4601	59.5291	173.9830
110.4701	59.0299	174.0039
110.4801	59.0299	174.0248
110.4901	59.1131	174.0456
110.5001	58.9468	174.0665
110.5101	59.5291	174.0874
110.5201	58.9468	174.1083
110.5301	59.4459	174.1291
110.5402	59.5291	174.1500
110.5501	59.1131	174.1709
110.5601	58.7804	174.1918
110.5701	59.3627	174.2127
110.5803	59.5291	174.2336
110.5902	59.7787	174.2545
110.6001	59.2795	174.2754
110.6102	59.2795	174.2963
110.6202	59.6123	174.3172
110.6302	59.1963	174.3381
110.6402	59.6123	174.3590
110.6502	59.3627	174.3799
110.6602	59.4459	174.4008
110.6702	59.1963	174.4217
110.6802	59.0299	174.4426
110.6902	59.5291	174.4635
110.7002	59.4459	174.4844
110.7102	58.9468	174.5053
110.7202	59.1131	174.5262
110.7304	58.9468	174.5471
110.7404	59.6123	174.5681
110.7502	59.1131	174.5890
110.7604	59.5291	174.6099
110.7703	59.3627	174.6308
110.7803	59.4459	174.6517
110.7904	59.1963	174.6727
110.8003	59.2795	174.6936
110.8102	59.2795	174.7145
110.8203	59.0299	174.7354
110.8304	58.9468	174.7564
110.8403	59.2795	174.7773
110.8503	58.9468	174.7983
110.8603	59.2795	174.8192
110.8702	59.6123	174.8401
110.8803	59.1131	174.8611
110.8903	59.2795	174.8820
110.9003	59.4459	174.9030
110.9107	59.2795	174.9239
110.9203	59.6123	174.9449
110.9303	59.5291	174.9658
110.9394	59.2795	174.9868
110.9503	59.9451	175.0077
110.9604	58.9468	175.0287
110.9705	59.1131	175.0497
110.9804	58.9468	175.0706
110.9903	59.1131	175.0916
110.9994	59.1131	175.1126
111.0104	59.1131	175.1335
111.0203	59.2795	175.1545
111.0303	59.4459	175.1755
111.0403	59.2795	175.1965
111.0504	60.1115	175.2174
111.0594	58.9468	175.2384
111.0703	59.4459	175.2594
111.0803	59.2795	175.2804
111.0904	59.3627	175.3014
111.1003	59.1131	175.3224
111.1103	59.8619	175.3434
111.1193	58.8636	175.3644
111.1303	59.3627	175.3854
111.1404	59.2795	175.4064
111.1504	58.9468	175.4274
111.1603	59.4459	175.4484
111.1704	58.6140	175.4694
111.1793	59.4459	175.4904
111.1896	59.7787	175.5114
111.2004	59.1131	175.5324
111.2104	59.4459	175.5534
111.2203	59.4459	175.5744
111.2304	59.6123	175.5954
111.2405	59.4459	175.6164
111.2495	59.4459	175.6375
111.2604	58.6972	175.6585
111.2705	59.1963	175.6795
111.2804	59.4459	175.7005
111.2904	59.9451	175.7216
111.3004	58.6972	175.7426
111.3094	59.1963	175.7636
111.3204	59.7787	175.7846
111.3304	58.9468	175.8057
111.3405	59.1131	175.8267
111.3504	59.2795	175.8478
111.3610	59.4459	175.8688
111.3707	59.2795	175.8898
111.3794	59.7787	175.9109
111.3906	59.9451	175.9319
111.4004	59.2795	175.9530
111.4104	59.6123	175.9740
111.4205	59.2795	175.9951
111.4295	59.1131	176.0161
111.4394	59.4459	176.0372
111.4506	59.3627	176.0582
111.4605	58.9468	176.0793
111.4706	58.7804	176.1003
111.4796	59.0299	176.1214
111.4896	59.2795	176.1424
111.4995	59.2795	176.1635
111.5106	59.6123	176.1846
111.5205	59.6123	176.2056
111.5307	59.7787	176.2267
111.5397	59.1131	176.2478
111.5496	58.9468	176.2689
111.5595	59.3627	176.2899
111.5707	58.9468	176.3110
111.5806	59.6123	176.3321
111.5905	59.6955	176.3532
111.5996	58.7804	176.3742
111.6096	59.6123	176.3953
111.6195	58.8636	176.4164
111.6295	59.6123	176.4375
111.6405	59.5291	176.4586
111.6508	58.9468	176.4797
111.6605	59.0299	176.5008
111.6698	59.1131	176.5219
111.6796	58.4476	176.5430
111.6895	59.6955	176.5641
111.7005	59.4459	176.5852
111.7107	59.4459	176.6063
111.7205	59.5291	176.6274
111.7295	59.4459	176.6485
111.7396	59.2795	176.6696
111.7495	59.6123	176.6907
111.7606	59.0299	176.7119
111.7706	59.6123	176.7330
111.7806	59.6123	176.7541
111.7896	59.6123	176.7752
111.7996	58.9468	176.7963
111.8096	59.9451	176.8175
111.8196	59.6123	176.8386
111.8305	59.2795	176.8597
111.8406	59.6123	176.8808
111.8496	58.7804	176.9020
111.8596	59.1131	176.9231
111.8696	58.7804	176.9442
111.8797	59.6123	176.9654
111.8906	59.1131	176.9865
111.9006	59.2795	177.0077
111.9097	60.1115	177.0288
111.9196	59.4459	177.0499
111.9296	58.9468	177.0711
111.9398	59.1963	177.0922
111.9507	59.1131	177.1134
111.9606	59.6123	177.1345
111.9696	59.1131	177.1557
111.9798	59.6123	177.1769
111.9896	59.0299	177.1980
111.9998	58.9468	177.2192
112.0108	58.7804	177.2403
112.0207	59.1131	177.2615
112.0298	59.2795	177.2826
112.0397	59.2795	177.3038
112.0500	59.0299	177.3250
112.0597	59.1131	177.3461
112.0697	58.6972	177.3673
112.0808	59.6123	177.3885
112.0908	59.7787	177.4097
112.0997	59.3627	177.4308
112.1098	59.4459	177.4520
112.1198	59.6123	177.4732
112.1297	59.1963	177.4944
112.1408	58.9468	177.5156
112.1498	59.2795	177.5367
112.1597	59.7787	177.5579
112.1697	58.8636	177.5791
112.1798	59.1131	177.6003
112.1899	59.1963	177.6215
112.2008	59.4459	177.6427
112.2097	59.6955	177.6639
112.2198	58.9468	177.6851
112.2298	59.5291	177.7063
112.2399	59.1131	177.7275
112.2497	58.9468	177.7487
112.2608	59.4459	177.7699
112.2707	59.4459	177.7911
112.2807	59.1131	177.8123
112.2897	59.3627	177.8335
112.2997	59.4459	177.8548
112.3099	59.6123	177.8760
112.3198	59.6123	177.8972
112.3316	58.9468	177.9184
112.3398	58.8636	177.9397
112.3497	58.3644	177.9609
112.3597	59.2795	177.9821
112.3704	59.6123	178.0033
112.3798	59.3627	178.0246
112.3907	59.1963	178.0458
112.3997	59.1131	178.0670
112.4097	59.2795	178.0883
112.4197	59.2795	178.1095
112.4298	58.3644	178.1308
112.4398	59.6123	178.1520
112.4508	59.6123	178.1733
112.4598	59.6123	178.1945
112.4698	59.1131	178.2158
112.4798	59.1131	178.2370
112.4899	59.1131	178.2583
112.4999	59.1131	178.2795
112.5099	59.4459	178.3008
112.5199	59.1963	178.3221
112.5298	59.0299	178.3433
112.5399	59.2795	178.3646
112.5499	59.6123	178.3859
112.5598	59.7787	178.4071
112.5698	59.5291	178.4284
112.5799	59.6123	178.4497
112.5899	59.1131	178.4710
112.5999	58.9468	178.4922
112.6100	58.4476	178.5135
112.6199	59.2795	178.5348
112.6300	59.6123	178.5561
112.6399	59.3627	178.5774
112.6498	59.7787	178.5987
112.6601	60.0283	178.6200
112.6700	58.7804	178.6413
112.6799	59.1963	178.6626
112.6901	59.6123	178.6839
112.7000	59.1131	178.7052
112.7099	59.1131	178.7265
112.7201	59.2795	178.7478
112.7299	59.4459	178.7691
112.7408	59.1131	178.7904
112.7500	58.9468	178.8117
112.7599	59.1131	178.8330
112.7699	59.1963	178.8543
112.7799	59.2795	178.8756
112.7899	59.1131	178.8970
112.8000	58.7804	178.9183
112.8100	59.4459	178.9396
112.8199	59.3627	178.9609
112.8300	59.2795	178.9822
112.8400	59.1131	179.0035
112.8499	59.0299	179.0249
112.8600	59.0299	179.0462
112.8700	58.9468	179.0675
112.8799	59.1963	179.0888
112.8900	59.2795	179.1102
112.8998	58.9468	179.1315
112.9100	59.4459	179.1528
112.9199	59.1131	179.1741
112.9299	59.4459	179.1955
112.9400	59.1963	179.2168
112.9500	59.4459	179.2382
112.9599	59.6123	179.2595
112.9703	59.1131	179.2808
112.9800	59.5291	179.3022
112.9900	58.9468	179.3235
113.0006	59.1131	179.3449
113.0100	59.2795	179.3662
113.0200	59.3627	179.3876
113.0301	59.6123	179.4089
113.0401	59.6123	179.4303
113.0501	59.6123	179.4516
113.0602	59.2795	179.4730
113.0701	59.4459	179.4943
113.0801	59.6123	179.5157
113.0901	58.6140	179.5371
113.1001	59.4459	179.5584
113.1101	59.2795	179.5798
113.1201	58.9468	179.6012
113.1301	58.9468	179.6225
113.1400	59.3627	179.6439
113.1502	59.1131	179.6653
113.1600	59.4459	179.6867
113.1700	59.1963	179.7081
113.1802	59.2795	179.7295
113.1901	59.4459	179.7508
113.2000	59.1963	179.7722
113.2101	59.3627	179.7936
113.2200	59.2795	179.8150
113.2301	59.1131	179.8364
113.2401	59.2795	179.8578
113.2500	59.2795	179.8792
113.2600	59.6123	179.9006
113.2701	59.1131	179.9220
113.2801	58.9468	179.9434
113.2901	58.6140	179.9648
113.3002	59.4459	179.9862
113.3101	59.6123	180.0076
113.3201	59.0299	180.0291
113.3302	58.7804	180.0505
113.3402	60.1115	180.0719
113.3502	59.2795	180.0933
113.3602	59.1131	180.1147
113.3702	59.1131	180.1361
113.3800	58.9468	180.1576
113.3901	59.4459	180.1790
113.4002	59.4459	180.2004
113.4101	59.8619	180.2218
113.4201	58.9468	180.2433
113.4302	59.7787	180.2647
113.4404	59.5291	180.2861
113.4501	59.6955	180.3076
113.4601	59.3627	180.3290
113.4702	58.9468	180.3504
113.4802	59.7787	180.3719
113.4901	59.1131	180.3933
113.5002	59.4459	180.4147
113.5102	59.3627	180.4362
113.5203	59.1131	180.4576
113.5302	58.6140	180.4791
113.5402	59.1131	180.5005
113.5503	59.7787	180.5220
113.5602	59.6955	180.5435
113.5702	59.3627	180.5649
113.5802	59.6955	180.5864
113.5903	59.2795	180.6078
113.6002	59.7787	180.6293
113.6102	59.2795	180.6508
113.6203	59.6955	180.6722
113.6302	59.6955	180.6937
113.6392	59.1131	180.7152
113.6503	59.1131	180.7366
113.6603	59.2795	180.7581
113.6702	59.4459	180.7796
113.6803	59.0299	180.8011
113.6902	59.3627	180.8226
113.6994	59.1963	180.8440
113.7103	59.5291	180.8655
113.7203	58.9468	180.8870
113.7305	58.7804	180.9085
113.7404	59.1131	180.9300
113.7515	59.1131	180.9515
113.7606	58.8636	180.9729
113.7703	59.6123	180.9944
113.7804	59.6123	181.0159
113.7905	58.8636	181.0374
113.8003	59.5291	181.0589
113.8103	59.2795	181.0804
113.8203	58.9468	181.1019
113.8304	58.8636	181.1234
113.8403	58.7804	181.1449
113.8503	59.6123	181.1664
113.8605	59.1963	181.1879
113.8703	58.9468	181.2095
113.8803	59.1963	181.2310
113.8894	59.6123	181.2525
113.9004	59.7787	181.2740
113.9104	59.1963	181.2955
113.9204	59.8619	181.3170
113.9303	59.9451	181.3386
113.9404	58.9468	181.3601
113.9494	59.3627	181.3816
113.9603	59.1131	181.4031
113.9704	59.1131	181.4247
113.9804	58.8636	181.4462
113.9904	59.2795	181.4677
114.0004	59.0299	181.4893
114.0094	59.4459	181.5108
114.0204	59.0299	181.5324
114.0305	58.8636	181.5539
114.0404	59.7787	181.5754
114.0506	59.1131	181.5970
114.0606	58.6140	181.6185
114.0694	58.6140	181.6401
114.0794	59.1963	181.6616
114.0906	60.0283	181.6832
114.1004	58.6140	181.7047
114.1103	59.2795	181.7263
114.1205	59.1131	181.7478
114.1293	59.0299	181.7694
114.1395	59.0299	181.7910
114.1506	59.2795	181.8125
114.1604	59.1963	181.8341
114.1705	59.1131	181.8556
114.1804	59.7787	181.8772
114.1894	58.7804	181.8988
114.1995	58.8636	181.9204
114.2106	59.3627	181.9419
114.2205	59.6123	181.9635
114.2305	59.2795	181.9851
114.2396	59.1963	182.0067
114.2495	59.3627	182.0282
114.2595	59.4459	182.0498
114.2705	59.1963	182.0714
114.2808	58.9468	182.0930
114.2913	59.4459	182.1146
114.3005	59.4459	182.1362
114.3095	59.1131	182.1578
114.3196	59.1131	182.1794
114.3295	59.6955	182.2010
114.3407	59.3627	182.2226
114.3506	59.7787	182.2442
114.3605	59.2795	182.2658
114.3695	59.3627	182.2874
114.3796	59.4459	182.3090
114.3894	59.9451	182.3306
114.4005	58.9468	182.3522
114.4105	59.4459	182.3738
114.4205	59.6123	182.3954
114.4296	59.6123	182.4171
114.4396	58.9468	182.4387
114.4495	59.4459	182.4603
114.4605	59.4459	182.4819
114.4705	59.2795	182.5035
114.4810	59.4459	182.5252
114.4905	59.4459	182.5468
114.4995	59.3627	182.5684
114.5095	59.1131	182.5901
114.5205	59.1963	182.6117
114.5305	59.1963	182.6334
114.5405	59.1131	182.6550
114.5495	59.0299	182.6766
114.5595	59.1963	182.6983
114.5695	59.0299	182.7199
114.5795	58.9468	182.7416
114.5906	59.8619	182.7632
114.6006	59.3627	182.7849
114.6096	59.1131	182.8065
114.6195	59.6123	182.8282
114.6297	58.8636	182.8499
114.6396	59.6955	182.8715
114.6505	59.7787	182.8932
114.6606	59.3627	182.9149
114.6706	59.5291	182.9365
114.6795	59.1131	182.9582
114.6896	59.0299	182.9799
114.6995	59.3627	183.0016
114.7108	59.3627	183.0232
114.7206	59.0299	183.0449
114.7306	58.9468	183.0666
114.7396	59.6955	183.0883
114.7496	59.0299	183.1100
114.7596	59.6123	183.1317
114.7696	59.0299	183.1534
114.7806	59.1963	183.1751
114.7906	59.4459	183.1968
114.7996	59.3627	183.2184
114.8096	59.1131	183.2401
114.8196	59.2795	183.2618
114.8296	58.9468	183.2835
114.8406	59.2795	183.3052
114.8506	59.3627	183.3269
114.8596	59.1963	183.3487
114.8696	59.4459	183.3704
114.8796	58.9468	183.3921
114.8897	59.1963	183.4138
114.9007	58.8636	183.4355
114.9106	59.6123	183.4572
114.9198	59.0299	183.4789
114.9297	59.0299	183.5006
114.9396	59.2795	183.5223
114.9499	58.8636	183.5441
114.9607	59.3627	183.5658
114.9706	59.2795	183.5875
114.9798	59.2795	183.6092
114.9897	59.6123	183.6309
114.9997	59.1963	183.6527
115.0098	59.2795	183.6744
115.0197	59.5291	183.6961
115.0307	59.1963	183.7179
115.0397	58.9468	183.7396
115.0497	59.6955	183.7613
115.0597	58.6140	183.7831
115.0697	59.1963	183.8048
115.0797	59.3627	183.8265
115.0907	59.6955	183.8483
115.0997	59.3627	183.8700
115.1097	58.6140	183.8918
115.1198	59.4459	183.9135
115.1297	59.6123	183.9353
115.1397	59.1963	183.9570
115.1507	59.0299	183.9788
115.1598	59.1963	184.0005
115.1697	59.5291	184.0223
115.1797	59.7787	184.0441
115.1897	59.2795	184.0658
115.1997	59.4459	184.0876
115.2097	59.2795	184.1094
115.2207	58.7804	184.1311
115.2297	59.2795	184.1529
115.2398	59.5291	184.1747
115.2498	59.2795	184.1965
115.2599	59.1131	184.2183
115.2699	59.1131	184.2400
115.2808	59.3627	184.2618
115.2899	59.4459	184.2836
115.2998	58.7804	184.3054
115.3097	59.7787	184.3272
115.3198	58.7804	184.3490
115.3299	58.5308	184.3707
115.3408	59.3627	184.3925
115.3499	59.7787	184.4143
115.3598	59.4459	184.4361
115.3698	59.0299	184.4579
115.3798	59.2795	184.4797
115.3898	59.3627	184.5015
115.4008	59.5291	184.5233
115.4098	59.7787	184.5452
115.4198	59.7787	184.5670
115.4298	59.2795	184.5888
115.4399	59.1963	184.6106
115.4498	59.2795	184.6324
115.4598	59.1131	184.6542
115.4698	59.3627	184.6761
115.4799	59.2795	184.6979
115.4898	58.9468	184.7197
115.4999	59.0299	184.7415
115.5098	59.4459	184.7634
115.5199	59.7787	184.7852
115.5299	59.6123	184.8070
115.5399	59.2795	184.8289
115.5499	59.7787	184.8507
115.5599	59.5291	184.8725
115.5701	59.7787	184.8944
115.5800	58.9468	184.9162
115.5898	59.2795	184.9380
115.5998	58.9468	184.9599
115.6099	58.7804	184.9817
115.6199	58.7804	185.0036
115.6300	59.6123	185.0254
115.6400	59.5291	185.0473
115.6498	59.8619	185.0691
115.6599	59.0299	185.0910
115.6699	59.7787	185.1128
115.6799	59.2795	185.1347
115.6900	58.7804	185.1565
115.7000	59.3627	185.1784
115.7100	59.1963	185.2002
115.7200	59.1963	185.2221
115.7299	59.1963	185.2440
115.7399	59.6123	185.2658
115.7500	59.4459	185.2877
115.7600	59.5291	185.3096
115.7699	59.1131	185.3315
115.7800	59.7787	185.3533
115.7899	59.8619	185.3752
115.7999	59.6123	185.3971
115.8100	59.6123	185.4190
115.8199	59.5291	185.4409
115.8301	59.4459	185.4627
115.8400	59.0299	185.4846
115.8499	59.2795	185.5065
115.8599	59.4459	185.5284
115.8700	59.1963	185.5503
115.8800	59.6955	185.5722
115.8901	59.3627	185.5941
115.9000	59.8619	185.6160
115.9099	59.8619	185.6379
115.9200	59.6123	185.6598
115.9300	59.5291	185.6817
115.9400	59.6123	185.7036
115.9500	59.1963	185.7255
115.9600	59.6123	185.7474
115.9700	59.8619	185.7693
115.9800	59.6955	185.7912
115.9900	59.4459	185.8131
116.0000	59.1963	185.8350
116.0100	59.8619	185.8570
116.0200	59.2795	185.8789
116.0301	59.0299	185.9008
116.0400	59.1131	185.9227
116.0500	59.4459	185.9446
116.0600	59.9451	185.9666
116.0700	59.1131	185.9885
116.0800	59.9451	186.0104
116.0900	59.1131	186.0324
116.1000	59.8619	186.0543
116.1100	58.8636	186.0762
116.1200	59.4459	186.0982
116.1301	59.4459	186.1201
116.1400	58.9468	186.1421
116.1500	59.5291	186.1640
116.1600	59.6123	186.1860
116.1701	59.6123	186.2079
116.1801	59.0299	186.2299
116.1901	59.2795	186.2518
116.2001	59.0299	186.2738
116.2104	59.4459	186.2957
116.2200	59.2795	186.3177
116.2301	59.3627	186.3397
116.2401	59.1131	186.3616
116.2501	59.5291	186.3836
116.2601	59.2795	186.4056
116.2701	59.0299	186.4275
116.2800	59.1131	186.4495
116.2901	59.4459	186.4715
116.3001	59.2795	186.4935
116.3101	59.2795	186.5154
116.3201	59.3627	186.5374
116.3301	59.1963	186.5594
116.3401	59.1963	186.5814
116.3501	59.3627	186.6034
116.3601	59.4459	186.6253
116.3701	59.5291	186.6473
116.3801	59.2795	186.6693
116.3902	59.3627	186.6913
116.4001	59.7787	186.7133
116.4102	58.9468	186.7353
116.4202	59.1131	186.7573
116.4302	59.3627	186.7793
116.4402	59.4459	186.8013
116.4501	59.1963	186.8233
116.4601	59.5291	186.8453
116.4701	59.4459	186.8673
116.4802	59.2795	186.8893
116.4902	58.9468	186.9113
116.5002	59.2795	186.9334
116.5102	59.4459	186.9554
116.5201	59.9451	186.9774
116.5303	59.7787	186.9994
116.5402	59.3627	187.0214
116.5502	59.6123	187.0435
116.5602	59.3627	187.0655
116.5703	59.1963	187.0875
116.5802	59.6123	187.1096
116.5902	58.8636	187.1316
116.6002	59.2795	187.1537
116.6103	59.5291	187.1757
116.6203	58.8636	187.1977
116.6303	59.1963	187.2198
116.6405	59.5291	187.2418
116.6493	59.6955	187.2639
116.6604	59.5291	187.2859
116.6703	59.1963	187.3080
116.6803	59.4459	187.3300
116.6902	59.7787	187.3521
116.7003	59.3627	187.3741
116.7103	59.6123	187.3962
116.7202	59.2795	187.4182
116.7304	59.6123	187.4403
116.7403	59.1131	187.4624
116.7503	59.5291	187.4844
116.7605	59.1131	187.5065
116.7704	59.1963	187.5286
116.7802	59.2795	187.5506
116.7905	59.4459	187.5727
116.8004	59.2795	187.5948
116.8102	58.9468	187.6169
116.8203	59.2795	187.6390
116.8303	59.9451	187.6611
116.8393	58.9468	187.6831
116.8505	58.9468	187.7052
116.8604	59.6955	187.7273
116.8703	58.7804	187.7494
116.8803	59.1131	187.7715
116.8903	59.6123	187.7936
116.8994	59.0299	187.8157
116.9103	59.2795	187.8378
116.9203	59.3627	187.8599
116.9303	59.5291	187.8820
116.9403	59.7787	187.9041
116.9503	59.1131	187.9262
116.9596	58.9468	187.9483
116.9703	59.2795	187.9704
116.9803	58.9468	187.9926
116.9904	59.1131	188.0147
117.0004	58.8636	188.0368
117.0103	59.6955	188.0589
117.0194	59.1131	188.0810
117.0294	59.2795	188.1031
117.0404	59.0299	188.1253
117.0504	59.4459	188.1474
117.0604	59.5291	188.1695
117.0695	59.5291	188.1917
117.0797	59.2795	188.2138
117.0894	59.9451	188.2359
117.1005	59.2795	188.2581
117.1106	58.8636	188.2802
117.1204	59.4459	188.3024
117.1293	59.5291	188.3245
117.1395	59.6123	188.3466
117.1494	59.4459	188.3688
117.1604	59.3627	188.3909
117.1705	59.2795	188.4131
117.1804	59.1131	188.4352
117.1904	58.9468	188.4574
117.1997	59.2795	188.4795
117.2095	58.8636	188.5017
117.2205	58.6972	188.5239
117.2305	58.6972	188.5460
117.2406	59.2795	188.5682
117.2505	59.4459	188.5904
117.2597	59.4459	188.6125
117.2695	59.1131	188.6347
117.2796	59.5291	188.6569
117.2906	59.1131	188.6791
117.3004	58.9468	188.7012
117.3107	58.9468	188.7234
117.3195	59.4459	188.7456
117.3295	59.1131	188.7678
117.3395	59.1963	188.7900
117.3505	59.4459	188.8122
117.3604	59.1963	188.8344
117.3705	59.1131	188.8565
117.3794	59.2795	188.8787
117.3895	58.8636	188.9009
117.3995	59.1131	188.9231
117.4105	59.2795	188.9453
117.4205	59.0299	188.9675
117.4305	58.9468	188.9897
117.4397	59.4459	189.0120
117.4496	58.9468	189.0342
117.4595	58.8636	189.0564
117.4697	59.0299	189.0786
117.4805	59.1131	189.1008
117.4906	59.2795	189.1230
117.4996	59.6123	189.1452
117.5096	59.2795	189.1674
117.5195	59.2795	189.1897
117.5295	59.2795	189.2119
117.5405	59.5291	189.2341
117.5505	59.1131	189.2563
117.5596	59.2795	189.2786
117.5695	59.2795	189.3008
117.5795	59.1131	189.3230
117.5895	59.1131	189.3452
117.6006	59.2795	189.3675
117.6105	59.2795	189.3897
117.6195	59.4459	189.4120
117.6297	59.0299	189.4342
117.6395	59.2795	189.4564
117.6497	59.0299	189.4787
117.6606	59.6955	189.5009
117.6705	59.2795	189.5232
117.6796	59.5291	189.5454
117.6896	59.7787	189.5677
117.6995	59.2795	189.5899
117.7097	59.3627	189.6122
117.7196	58.9468	189.6344
117.7306	59.9451	189.6567
117.7396	59.4459	189.6789
117.7496	58.9468	189.7012
117.7596	59.0299	189.7235
117.7696	58.8636	189.7457
117.7796	58.9468	189.7680
117.7906	59.3627	189.7902
117.8006	59.1131	189.8125
117.8097	59.2795	189.8348
117.8197	59.8619	189.8571
117.8297	59.1963	189.8793
117.8397	59.1131	189.9016
117.8506	59.6955	189.9239
117.8606	59.1131	189.9462
117.8696	59.2795	189.9684
117.8797	59.4459	189.9907
117.8897	58.9468	190.0130
117.8996	59.1131	190.0353
117.9107	59.2795	190.0576
117.9208	59.2795	190.0798
117.9297	59.2795	190.1021
117.9397	58.7804	190.1244
117.9497	59.5291	190.1467
117.9598	59.2795	190.1690
117.9697	59.0299	190.1913
117.9807	59.3627	190.2136
117.9897	59.5291	190.2359
117.9998	59.3627	190.2582
118.0098	59.1963	190.2805
118.0197	59.4459	190.3028
118.0298	59.3627	190.3251
118.0407	59.0299	190.3475
118.0498	59.1131	190.3698
118.0598	59.1131	190.3921
118.0698	59.6955	190.4144
118.0798	58.9468	190.4367
118.0899	59.4459	190.4590
118.1007	59.3627	190.4814
118.1098	59.2795	190.5037
118.1198	58.9468	190.5260
118.1297	59.7787	190.5483
118.1399	59.1963	190.5707
118.1499	59.2795	190.5930
118.1597	58.8636	190.6153
118.1710	58.4476	190.6377
118.1798	59.7787	190.6600
118.1897	59.4459	190.6824
118.1999	59.2795	190.7047
118.2098	59.6955	190.7270
118.2198	59.7787	190.7494
118.2299	59.3627	190.7717
118.2397	59.1131	190.7941
118.2497	59.7787	190.8164
118.2599	59.7787	190.8388
118.2698	59.1963	190.8612
118.2799	59.3627	190.8835
118.2899	59.1131	190.9059
118.3002	59.2795	190.9282
118.3099	59.2795	190.9506
118.3199	59.1131	190.9730
118.3298	59.3627	190.9954
118.3399	59.4459	191.0177
118.3509	59.3627	191.0401
118.3598	59.4459	191.0625
118.3698	59.1963	191.0849
118.3799	59.3627	191.1072
118.3899	59.2795	191.1296
118.3999	59.4459	191.1520
118.4099	59.6955	191.1744
118.4201	58.7804	191.1968
118.4299	59.1131	191.2192
118.4399	59.3627	191.2416
118.4498	59.2795	191.2640
118.4599	58.7804	191.2864
118.4698	59.4459	191.3088
118.4798	59.1131	191.3312
118.4899	59.1131	191.3536
118.4998	59.6123	191.3760
118.5098	59.4459	191.3984
118.5199	59.8619	191.4208
118.5298	59.5291	191.4432
118.5399	59.2795	191.4656
118.5499	59.6123	191.4880
118.5598	59.5291	191.5104
118.5699	59.2795	191.5328
118.5799	59.3627	191.5552
118.5899	59.2795	191.5776
118.5999	59.2795	191.6001
118.6099	59.2795	191.6225
118.6199	58.9468	191.6449
118.6300	59.1131	191.6673
118.6399	59.2795	191.6897
118.6500	59.1131	191.7122
118.6599	59.2795	191.7346
118.6699	59.1131	191.7570
118.6799	59.6123	191.7794
118.6900	59.7787	191.8019
118.6999	58.7804	191.8243
118.7099	58.8636	191.8468
118.7200	59.9451	191.8692
118.7299	58.6140	191.8916
118.7400	59.1131	191.9141
118.7501	59.2795	191.9365
118.7600	59.6123	191.9590
118.7700	58.9468	191.9814
118.7800	59.1963	192.0039
118.7900	59.4459	192.0263
118.8000	59.6123	192.0488
118.8101	59.7787	192.0712
118.8200	59.2795	192.0937
118.8301	59.7787	192.1161
118.8401	59.4459	192.1386
118.8499	59.4459	192.1611
118.8600	59.6123	192.1835
118.8702	59.4459	192.2060
118.8801	59.4459	192.2285
118.8900	59.1131	192.2509
118.9000	59.3627	192.2734
118.9101	59.2795	192.2959
118.9201	59.9451	192.3183
118.9300	59.1963	192.3408
118.9401	60.1115	192.3633
118.9501	59.2795	192.3858
118.9601	59.2795	192.4083
118.9701	59.4459	192.4308
118.9801	59.1131	192.4532
118.9902	59.5291	192.4757
119.0002	59.6123	192.4982
119.0101	59.5291	192.5207
119.0200	59.6123	192.5432
119.0301	59.2795	192.5657
119.0401	59.7787	192.5882
119.0501	59.1131	192.6107
119.0602	59.1963	192.6332
119.0701	58.9468	192.6557
119.0807	59.0299	192.6782
119.0901	59.4459	192.7007
119.1000	59.1963	192.7232
119.1111	59.1963	192.7457
119.1202	59.7787	192.7682
119.1301	59.4459	192.7907
119.1401	59.2795	192.8132
119.1502	58.9468	192.8358
119.1601	59.4459	192.8583
119.1702	59.2795	192.8808
119.1802	59.0299	192.9033
119.1902	59.6123	192.9258
119.2002	59.5291	192.9484
119.2102	58.9468	192.9709
119.2201	59.4459	192.9934
119.2303	59.1963	193.0160
119.2402	59.9451	193.0385
119.2501	59.4459	193.0610
119.2604	59.7787	193.0836
119.2702	58.9468	193.1061
119.2801	59.2795	193.1287
119.2902	59.1963	193.1512
119.3002	59.1131	193.1738
119.3106	59.6955	193.1963
119.3203	59.4459	193.2189
119.3302	59.2795	193.2414
119.3401	59.2795	193.2640
119.3503	59.3627	193.2865
119.3602	59.3627	193.3091
119.3702	58.9468	193.3317
119.3804	59.4459	193.3542
119.3902	59.1131	193.3768
119.4001	59.4459	193.3994
119.4103	59.3627	193.4219
119.4202	59.1963	193.4445
119.4305	59.1131	193.4671
119.4404	59.7787	193.4896
119.4502	59.4459	193.5122
119.4603	58.9468	193.5348
119.4703	59.1131	193.5574
119.4803	59.2795	193.5800
119.4903	58.9468	193.6025
119.5004	59.3627	193.6251
119.5103	59.1131	193.6477
119.5203	59.0299	193.6703
119.5302	58.9468	193.6929
119.5392	59.1963	193.7155
119.5503	59.6955	193.7381
119.5603	59.8619	193.7607
119.5702	59.1131	193.7833
119.5803	59.6123	193.8059
119.5903	58.7804	193.8285
119.5992	59.4459	193.8511
119.6104	59.6123	193.8737
119.6203	59.4459	193.8963
119.6302	59.5291	193.9190
119.6404	59.6955	193.9416
119.6503	59.6123	193.9642
119.6593	58.8636	193.9868
119.6705	58.9468	194.0094
119.6803	59.1963	194.0321
119.6903	59.5291	194.0547
119.7005	59.4459	194.0773
119.7104	59.1131	194.0999
119.7194	59.3627	194.1226
119.7294	59.1131	194.1452
119.7403	59.2795	194.1678
119.7505	59.1131	194.1905
119.7604	59.7787	194.2131
119.7694	59.1131	194.2358
119.7795	59.3627	194.2584
119.7895	59.2795	194.2810
119.8004	58.9468	194.3037
119.8105	59.6123	194.3263
119.8204	60.1115	194.3490
119.8295	58.2812	194.3716
119.8394	59.4459	194.3943
119.8494	58.7804	194.4170
119.8604	59.3627	194.4396
119.8704	59.1963	194.4623
119.8804	58.7804	194.4849
119.8895	59.6123	194.5076
119.8995	59.3627	194.5302
119.9095	59.7787	194.5529
119.9205	59.2795	194.5756
119.9305	59.0299	194.5982
119.9404	59.4459	194.6209
119.9504	59.4459	194.6436
119.9604	58.9468	194.6663
119.9696	59.5291	194.6889
119.9795	59.7787	194.7116
119.9905	59.2795	194.7343
