Time	Raw_Alt	Filtered_Alt
0.0102	58.9468	58.9998
0.0206	59.0299	58.9998
0.0313	59.4459	59.0012
0.0412	59.1963	59.0031
0.0512	58.6972	59.0028
0.0613	58.8636	59.0015
0.0712	59.1963	59.0017
0.0813	59.1131	59.0026
0.0913	58.5308	59.0016
0.1012	58.8636	58.9997
0.1112	59.1131	58.9997
0.1213	59.1131	59.0004
0.1312	59.1131	59.0011
0.1413	58.6140	59.0003
0.1513	58.7804	58.9985
0.1612	58.5308	58.9964
0.1713	59.1131	58.9954
0.1812	58.9468	58.9956
0.1912	59.1963	58.9961
0.2013	59.1963	58.9974
0.2114	58.9468	58.9978
0.2212	59.4459	58.9991
0.2314	59.0299	59.0005
0.2413	59.1131	59.0010
0.2513	58.5308	59.0000
0.2612	58.5308	58.9972
0.2712	59.3627	58.9970
0.2812	59.1131	58.9985
0.2912	58.8636	58.9984
0.3012	59.1131	58.9984
0.3112	59.5291	59.0004
0.3212	58.9468	59.0019
0.3312	59.3627	59.0029
0.3412	58.7804	59.0034
0.3512	58.8636	59.0024
0.3603	58.7804	59.0013
0.3713	59.2795	59.0016
0.3814	59.1963	59.0031
0.3913	58.4476	59.0021
0.4014	59.5291	59.0021
0.4113	59.5291	59.0053
0.4203	59.3627	59.0080
0.4314	58.6972	59.0083
0.4414	59.0299	59.0075
0.4513	59.1131	59.0080
0.4614	59.0299	59.0085
0.4713	59.1963	59.0092
0.4803	58.9468	59.0097
0.4915	58.4476	59.0079
0.5014	58.8636	59.0059
0.5113	59.1963	59.0062
0.5213	58.6140	59.0057
0.5314	58.8636	59.0042
0.5404	59.1963	59.0045
0.5504	59.1963	59.0057
0.5613	59.0299	59.0065
0.5713	59.3627	59.0078
0.5815	58.9468	59.0088
0.5913	58.8636	59.0083
0.6004	59.6955	59.0100
0.6104	58.6972	59.0113
0.6214	59.0299	59.0106
0.6314	58.6140	59.0096
0.6414	59.3627	59.0096
0.6513	59.1963	59.0113
0.6604	59.2795	59.0128
0.6704	58.7804	59.0131
0.6814	59.3627	59.0136
0.6915	58.8636	59.0144
0.7014	59.6955	59.0161
0.7114	59.2795	59.0191
0.7204	59.0299	59.0201
0.7304	59.6955	59.0223
0.7414	58.4476	59.0228
0.7514	59.1963	59.0218
0.7615	58.4476	59.0208
0.7715	59.0299	59.0193
0.7805	59.1131	59.0198
0.7905	58.9468	59.0200
0.8005	59.0299	59.0200
0.8115	59.1131	59.0205
0.8215	59.1131	59.0213
0.8315	59.1963	59.0222
0.8405	59.6955	59.0250
0.8505	59.0299	59.0272
0.8605	59.2795	59.0282
0.8715	59.4459	59.0304
0.8815	58.4476	59.0302
0.8915	58.2812	59.0264
0.9005	59.1131	59.0246
0.9105	59.7787	59.0274
0.9205	59.6955	59.0318
0.9315	59.3627	59.0351
0.9415	58.9468	59.0360
0.9515	58.6140	59.0347
0.9615	59.1963	59.0342
0.9705	58.6140	59.0337
0.9805	58.6140	59.0314
0.9905	58.6140	59.0291
1.0015	58.7804	59.0274
1.0115	59.6955	59.0289
1.0215	59.3627	59.0321
1.0305	58.6140	59.0321
1.0406	59.2795	59.0318
1.0506	58.8636	59.0323
1.0615	58.7804	59.0313
1.0715	58.8636	59.0303
1.0815	58.8636	59.0296
1.0905	58.6140	59.0281
1.1005	59.0299	59.0271
1.1105	59.0299	59.0273
1.1215	58.8636	59.0271
1.1315	59.5291	59.0284
1.1415	58.0317	59.0271
1.1506	59.5291	59.0259
1.1609	58.6140	59.0264
1.1705	59.1963	59.0260
1.1815	59.1963	59.0272
1.1915	58.6140	59.0268
1.2015	58.4476	59.0241
1.2105	58.9468	59.0223
1.2206	58.6972	59.0214
1.2305	58.6140	59.0194
1.2406	58.8636	59.0180
1.2516	59.3627	59.0188
1.2616	59.0299	59.0201
1.2706	59.0299	59.0205
1.2807	58.7804	59.0200
1.2906	58.8636	59.0191
1.3006	59.0299	59.0189
1.3116	58.6140	59.0180
1.3215	58.0317	59.0141
1.3306	59.0299	59.0114
1.3406	59.0299	59.0118
1.3506	58.4476	59.0104
1.3606	58.8636	59.0085
1.3717	58.6972	59.0074
1.3816	58.9468	59.0065
1.3906	59.0299	59.0066
1.4006	59.3627	59.0080
1.4106	58.4476	59.0077
1.4206	59.3627	59.0073
1.4307	58.9468	59.0085
1.4416	59.0299	59.0086
1.4506	58.6972	59.0080
1.4606	58.2812	59.0051
1.4707	58.9468	59.0030
1.4807	58.6972	59.0022
1.4907	58.6140	59.0004
1.5017	59.1963	59.0000
1.5117	58.8636	59.0005
1.5208	59.0299	59.0004
1.5307	58.4476	58.9991
1.5408	59.0299	58.9978
1.5508	59.3627	58.9992
1.5617	59.4459	59.0019
1.5718	59.0299	59.0036
1.5807	58.7804	59.0033
1.5907	59.1963	59.0034
1.6007	59.1963	59.0049
1.6108	59.2795	59.0065
1.6218	59.5291	59.0092
1.6317	58.6972	59.0101
1.6408	59.1131	59.0098
1.6507	59.0299	59.0104
1.6607	59.1963	59.0113
1.6708	58.6972	59.0112
1.6809	59.1963	59.0112
1.6918	58.6140	59.0108
1.7008	58.6140	59.0087
1.7109	58.8636	59.0074
1.7208	58.9468	59.0071
1.7309	59.5291	59.0087
1.7410	58.8636	59.0102
1.7519	58.5308	59.0086
1.7608	59.1963	59.0080
1.7709	58.4476	59.0072
1.7808	58.8636	59.0054
1.7909	58.3644	59.0033
1.8008	58.8636	59.0013
1.8117	59.0299	59.0013
1.8208	58.7804	59.0010
1.8308	59.2795	59.0014
1.8408	59.4459	59.0039
1.8508	58.8636	59.0051
1.8608	59.2795	59.0058
1.8708	59.2795	59.0078
1.8808	59.5291	59.0105
1.8908	58.8636	59.0119
1.9010	58.8636	59.0113
1.9109	59.0299	59.0113
1.9210	59.1131	59.0120
1.9309	59.6955	59.0146
1.9408	59.1131	59.0173
1.9508	59.2795	59.0187
1.9608	58.1980	59.0174
1.9708	59.3627	59.0163
1.9808	58.8636	59.0172
1.9909	59.1131	59.0174
2.0009	59.6955	59.0201
2.0108	59.0299	59.0225
2.0208	59.0299	59.0229
2.0308	59.1963	59.0238
2.0408	59.0299	59.0247
2.0508	59.0299	59.0251
2.0618	58.6140	59.0242
2.0708	59.1963	59.0238
2.0809	58.8636	59.0242
2.0909	59.1963	59.0246
2.1010	59.6123	59.0273
2.1109	59.1131	59.0297
2.1209	59.1963	59.0308
2.1311	58.4476	59.0299
2.1409	58.8636	59.0281
2.1509	58.8636	59.0274
2.1610	58.8636	59.0268
2.1709	59.0299	59.0267
2.1809	58.9468	59.0269
2.1910	59.0299	59.0270
2.2009	59.2795	59.0282
2.2110	59.0299	59.0293
2.2210	58.3644	59.0277
2.2310	59.4459	59.0273
2.2409	59.6123	59.0307
2.2510	59.2795	59.0336
2.2609	59.1131	59.0350
2.2710	58.9468	59.0354
2.2810	58.8636	59.0350
2.2910	58.8636	59.0343
2.3009	58.6972	59.0332
2.3110	59.0299	59.0326
2.3209	59.0299	59.0330
2.3312	59.1131	59.0336
2.3411	59.1963	59.0347
2.3511	59.1963	59.0361
2.3610	59.3627	59.0380
2.3711	58.8636	59.0388
2.3810	58.6972	59.0377
2.3909	59.2795	59.0378
2.4011	59.1131	59.0392
2.4110	59.8619	59.0423
2.4211	59.0299	59.0452
2.4311	58.8636	59.0450
2.4409	59.0299	59.0449
2.4510	58.8636	59.0447
2.4611	58.8636	59.0441
2.4710	59.5291	59.0454
2.4810	58.9468	59.0470
2.4911	59.4459	59.0483
2.5010	58.6972	59.0489
2.5111	59.1963	59.0488
2.5211	58.9468	59.0494
2.5313	59.2795	59.0502
2.5410	59.4459	59.0525
2.5511	58.7804	59.0534
2.5610	59.0299	59.0529
2.5711	59.0299	59.0533
2.5811	59.0299	59.0536
2.5910	59.0299	59.0539
2.6011	58.8636	59.0538
2.6110	58.8636	59.0531
2.6210	59.4459	59.0542
2.6310	59.6955	59.0577
2.6411	58.6972	59.0591
2.6511	58.4476	59.0566
2.6612	58.6140	59.0539
2.6710	59.0299	59.0530
2.6811	59.2795	59.0541
2.6911	59.2795	59.0559
2.7010	59.6123	59.0588
2.7111	59.0299	59.0608
2.7211	59.3627	59.0622
2.7311	58.6972	59.0625
2.7411	58.6140	59.0605
2.7511	59.3627	59.0606
2.7610	59.5291	59.0634
2.7712	59.0299	59.0652
2.7812	58.8636	59.0650
2.7911	58.9468	59.0646
2.8012	59.5291	59.0661
2.8112	59.1963	59.0684
2.8210	59.0299	59.0692
2.8312	59.0299	59.0695
2.8414	59.0299	59.0698
2.8511	59.0299	59.0701
2.8612	58.8636	59.0699
2.8711	59.5291	59.0711
2.8812	58.8636	59.0724
2.8912	59.1963	59.0727
2.9013	59.6955	59.0755
2.9112	59.1131	59.0780
2.9212	59.5291	59.0800
2.9311	58.8636	59.0813
2.9412	58.7804	59.0803
2.9512	59.0299	59.0798
2.9612	58.8636	59.0795
2.9711	58.7804	59.0785
2.9811	59.3627	59.0790
2.9911	59.3627	59.0813
3.0011	59.6123	59.0843
3.0112	58.6140	59.0850
3.0211	59.0299	59.0840
3.0313	59.0299	59.0843
3.0412	59.4459	59.0858
3.0511	59.0299	59.0873
3.0612	59.1963	59.0880
3.0712	58.7804	59.0880
3.0812	58.1980	59.0850
3.0913	59.7787	59.0850
3.1012	58.8636	59.0869
3.1112	58.4476	59.0849
3.1212	58.8636	59.0829
3.1313	59.3627	59.0837
3.1413	58.9468	59.0847
3.1513	58.8636	59.0842
3.1612	58.7804	59.0832
3.1712	59.5291	59.0842
3.1813	59.3627	59.0870
3.1903	59.1963	59.0887
3.2015	58.4476	59.0877
3.2113	58.7804	59.0854
3.2212	58.9468	59.0847
3.2312	58.9468	59.0845
3.2412	59.2795	59.0852
3.2503	59.3627	59.0872
3.2614	58.6972	59.0875
3.2713	59.0299	59.0867
3.2813	58.8636	59.0865
3.2914	58.8636	59.0857
3.3012	58.8636	59.0850
3.3103	59.6123	59.0865
3.3214	58.6972	59.0875
3.3312	58.7804	59.0860
3.3413	59.6955	59.0875
3.3513	59.0299	59.0898
3.3612	59.3627	59.0910
3.3712	59.1963	59.0928
3.3803	59.0299	59.0935
3.3913	58.6972	59.0927
3.4012	59.1131	59.0922
3.4113	59.3627	59.0937
3.4212	58.6140	59.0937
3.4312	59.0299	59.0927
3.4403	58.7804	59.0922
3.4513	59.5291	59.0932
3.4613	58.8636	59.0944
3.4713	58.6140	59.0929
3.4813	59.0299	59.0919
3.4913	58.6140	59.0909
3.5003	58.8636	59.0894
3.5113	59.1131	59.0894
3.5214	59.0299	59.0899
3.5315	58.6140	59.0889
3.5413	59.0299	59.0879
3.5513	58.7804	59.0874
3.5603	59.1963	59.0875
3.5713	58.6972	59.0872
3.5813	59.4459	59.0878
3.5913	58.6140	59.0880
3.6013	58.8636	59.0865
3.6113	58.8636	59.0858
3.6203	58.7804	59.0849
3.6303	59.4459	59.0856
3.6414	59.0299	59.0872
3.6513	59.2795	59.0882
3.6615	59.0299	59.0892
3.6707	59.2795	59.0902
3.6806	59.3627	59.0923
3.6906	58.4476	59.0918
3.7016	59.5291	59.0918
3.7115	59.6123	59.0953
3.7219	59.0299	59.0973
3.7305	58.8636	59.0970
3.7405	58.7804	59.0960
3.7505	59.1963	59.0960
3.7615	59.1131	59.0970
3.7714	59.4459	59.0988
3.7815	59.1963	59.1008
3.7914	58.5308	59.1000
3.8004	58.5308	59.0973
3.8105	59.0299	59.0960
3.8204	59.1963	59.0968
3.8314	58.8636	59.0970
3.8415	58.8636	59.0963
3.8514	58.9468	59.0958
3.8605	58.9468	59.0955
3.8705	59.0299	59.0956
3.8804	59.0299	59.0958
3.8916	58.8636	59.0956
3.9015	59.0299	59.0953
3.9114	58.1980	59.0931
3.9205	59.0299	59.0909
3.9305	59.3627	59.0922
3.9404	59.6955	59.0954
3.9516	58.8636	59.0972
3.9615	59.3627	59.0980
3.9718	58.6972	59.0982
3.9805	58.7804	59.0968
3.9905	59.6123	59.0980
4.0004	58.8636	59.0995
4.0114	59.0299	59.0993
4.0214	58.4476	59.0978
4.0314	59.1131	59.0966
4.0405	59.4459	59.0983
4.0504	59.2795	59.1006
4.0605	58.9468	59.1014
4.0705	59.0299	59.1014
4.0816	58.6972	59.1006
4.0915	59.4459	59.1011
4.1005	59.0299	59.1026
4.1105	59.1963	59.1034
4.1203	59.6955	59.1061
4.1306	59.0299	59.1084
4.1416	59.1963	59.1091
4.1515	59.1963	59.1104
4.1616	59.6123	59.1128
4.1706	59.0299	59.1148
4.1808	59.2795	59.1158
4.1906	58.8636	59.1162
4.2016	59.4459	59.1172
4.2116	59.5291	59.1201
4.2207	59.6955	59.1238
4.2305	59.3627	59.1270
4.2406	58.5308	59.1267
4.2506	58.8636	59.1248
4.2606	59.0299	59.1245
4.2718	59.0299	59.1247
4.2816	59.6123	59.1266
4.2906	58.9468	59.1283
4.3005	58.9468	59.1280
4.3106	59.1963	59.1284
4.3206	59.0299	59.1290
4.3316	58.5308	59.1277
4.3415	59.3627	59.1274
4.3506	58.6972	59.1276
4.3606	59.0299	59.1267
4.3706	59.0299	59.1269
4.3807	58.1149	59.1243
4.3916	59.0299	59.1218
4.4016	59.3627	59.1229
4.4107	58.8636	59.1236
4.4206	58.6972	59.1223
4.4306	58.9468	59.1213
4.4407	59.0299	59.1212
4.4516	59.3627	59.1224
4.4617	58.6972	59.1226
4.4707	58.7804	59.1211
4.4808	58.8636	59.1200
4.4906	59.1131	59.1200
4.5007	58.8636	59.1199
4.5107	59.1131	59.1199
4.5217	59.1963	59.1208
4.5307	58.3644	59.1195
4.5406	59.1963	59.1183
4.5506	58.8636	59.1185
4.5607	59.3627	59.1192
4.5706	58.6140	59.1191
4.5816	59.1963	59.1186
4.5907	58.8636	59.1188
4.6007	59.1131	59.1188
4.6106	59.1963	59.1198
4.6207	59.2795	59.1212
4.6308	59.0299	59.1222
4.6416	58.4476	59.1207
4.6517	58.6972	59.1181
4.6608	59.0299	59.1173
4.6707	58.6972	59.1166
4.6808	58.6972	59.1148
4.6907	58.6972	59.1130
4.7007	58.5308	59.1108
4.7117	59.1131	59.1098
4.7207	58.3644	59.1083
4.7308	59.1963	59.1071
4.7407	59.7787	59.1101
4.7507	59.1963	59.1131
4.7607	59.1963	59.1143
4.7717	59.6123	59.1168
4.7807	59.0299	59.1188
4.7908	59.0299	59.1191
4.8007	58.8636	59.1188
4.8107	59.2795	59.1193
4.8207	59.0299	59.1202
4.8317	59.0299	59.1205
4.8408	58.6972	59.1197
4.8507	58.8636	59.1184
4.8609	58.6140	59.1169
4.8708	59.0299	59.1159
4.8808	58.5308	59.1146
4.8917	58.7804	59.1126
4.9012	59.0299	59.1121
4.9107	58.8636	59.1119
4.9207	58.8636	59.1111
4.9308	58.9468	59.1106
4.9408	58.9468	59.1104
4.9508	59.1131	59.1106
4.9608	59.3627	59.1122
4.9708	58.8636	59.1129
4.9808	59.2795	59.1134
4.9908	59.0299	59.1144
5.0008	59.3627	59.1157
5.0108	58.8636	59.1164
5.0209	59.1131	59.1164
5.0309	58.8636	59.1164
5.0410	59.4459	59.1174
5.0509	58.8636	59.1184
5.0609	59.5291	59.1196
5.0710	58.4476	59.1196
5.0809	58.3644	59.1161
5.0909	58.8636	59.1138
5.1010	59.5291	59.1151
5.1110	58.7804	59.1161
5.1209	59.0299	59.1156
5.1309	58.5308	59.1143
5.1410	59.1131	59.1133
5.1509	58.3644	59.1118
5.1609	59.4459	59.1114
5.1710	59.1963	59.1134
5.1809	59.2795	59.1149
5.1909	58.8636	59.1154
5.2009	59.0299	59.1151
5.2109	59.0299	59.1154
5.2209	59.2795	59.1164
5.2310	58.8636	59.1169
5.2409	58.6972	59.1156
5.2509	58.9468	59.1146
5.2609	58.6972	59.1137
5.2709	59.1963	59.1134
5.2810	59.0299	59.1142
5.2910	59.1131	59.1147
5.3010	59.1963	59.1157
5.3112	58.8636	59.1160
5.3210	58.8636	59.1152
5.3309	59.3627	59.1160
5.3409	58.6972	59.1162
5.3509	59.3627	59.1165
5.3609	59.0299	59.1177
5.3710	59.4459	59.1192
5.3809	58.8636	59.1202
5.3909	58.9468	59.1197
5.4010	58.6972	59.1187
5.4109	59.2795	59.1187
5.4209	58.8636	59.1192
5.4310	58.6140	59.1177
5.4412	58.7804	59.1160
5.4510	59.0299	59.1155
5.4611	58.8636	59.1152
5.4710	58.7804	59.1142
5.4810	59.2795	59.1145
5.4910	58.5308	59.1140
5.5010	59.1131	59.1130
5.5110	58.7804	59.1128
5.5210	59.6955	59.1143
5.5309	59.0299	59.1166
5.5410	58.8636	59.1164
5.5510	58.8636	59.1156
5.5610	59.5291	59.1169
5.5710	58.5308	59.1171
5.5810	59.1963	59.1164
5.5910	59.1131	59.1174
5.6011	59.0299	59.1179
5.6111	59.1131	59.1184
5.6210	58.3644	59.1169
5.6311	58.6972	59.1142
5.6410	58.8636	59.1130
5.6510	58.9468	59.1125
5.6611	58.7804	59.1118
5.6711	59.5291	59.1128
5.6810	58.5308	59.1131
5.6911	58.8636	59.1114
5.7010	59.1131	59.1114
5.7111	59.0299	59.1120
5.7211	59.5291	59.1138
5.7310	58.7804	59.1148
5.7412	58.6140	59.1131
5.7511	59.1963	59.1126
5.7611	58.7804	59.1126
5.7710	59.1131	59.1124
5.7811	59.0299	59.1130
5.7911	59.3627	59.1143
5.8012	59.3627	59.1165
5.8111	58.9468	59.1176
5.8210	59.1963	59.1181
5.8312	58.8636	59.1184
5.8412	58.7804	59.1174
5.8511	59.1963	59.1174
5.8612	59.5291	59.1197
5.8712	59.0299	59.1214
5.8816	59.1131	59.1219
5.8912	58.9468	59.1222
5.9012	58.3644	59.1202
5.9111	58.6972	59.1175
5.9212	59.1963	59.1172
5.9312	58.8636	59.1175
5.9411	58.6972	59.1163
5.9512	58.9468	59.1153
5.9614	58.6972	59.1144
5.9712	59.3627	59.1147
5.9813	58.4476	59.1142
5.9914	59.1963	59.1132
6.0012	58.8636	59.1135
6.0112	58.5308	59.1118
6.0201	59.1963	59.1111
6.0313	58.8636	59.1114
6.0412	59.1963	59.1117
6.0512	59.0299	59.1125
6.0612	59.0299	59.1128
6.0713	58.4476	59.1114
6.0812	58.5308	59.1084
6.0913	59.0299	59.1072
6.1012	58.8636	59.1071
6.1112	59.2795	59.1076
6.1213	59.2795	59.1094
6.1312	59.1963	59.1110
6.1414	59.1963	59.1123
6.1513	58.6972	59.1121
6.1613	59.3627	59.1124
6.1714	58.6972	59.1127
6.1813	58.8636	59.1115
6.1913	59.1963	59.1118
6.2012	59.1963	59.1131
6.2113	59.1131	59.1142
6.2212	58.6972	59.1137
6.2312	59.2795	59.1138
6.2412	59.0299	59.1148
6.2512	59.1131	59.1154
6.2614	58.8636	59.1154
6.2702	59.1131	59.1155
6.2812	58.8636	59.1155
6.2913	59.1131	59.1155
6.3013	59.0299	59.1161
6.3112	58.6972	59.1154
6.3214	59.1131	59.1149
6.3303	59.6955	59.1175
6.3414	58.9468	59.1195
6.3515	59.0299	59.1195
6.3613	59.4459	59.1210
6.3713	58.4476	59.1208
6.3815	59.1131	59.1196
6.3903	59.1131	59.1204
6.4014	58.8636	59.1204
6.4113	58.8636	59.1197
6.4215	58.5308	59.1179
6.4313	58.2812	59.1145
6.4413	59.5291	59.1140
6.4514	58.5308	59.1143
6.4602	59.2795	59.1139
6.4713	58.8636	59.1144
6.4814	58.8636	59.1137
6.4914	58.6972	59.1125
6.5004	59.1131	59.1121
6.5105	58.6972	59.1116
6.5204	58.6972	59.1099
6.5315	59.1131	59.1095
6.5414	58.6972	59.1091
6.5514	59.0299	59.1084
6.5605	58.6972	59.1077
6.5704	58.5308	59.1056
6.5806	59.0299	59.1044
6.5916	58.6140	59.1035
6.6015	59.1131	59.1028
6.6114	59.0299	59.1034
6.6215	59.1131	59.1041
6.6305	59.0299	59.1047
6.6407	59.3627	59.1060
6.6515	58.5308	59.1059
6.6615	59.0299	59.1047
6.6715	58.6972	59.1041
6.6816	58.8636	59.1029
6.6904	58.8636	59.1023
6.7004	59.0299	59.1021
6.7105	58.3644	59.1005
6.7214	58.6972	59.0979
6.7314	59.5291	59.0987
6.7416	58.6972	59.0996
6.7504	58.9468	59.0987
6.7604	58.9468	59.0986
6.7705	58.5308	59.0973
6.7814	59.0299	59.0961
6.7914	58.8636	59.0960
6.8016	58.6972	59.0949
6.8114	59.2795	59.0951
6.8205	59.1963	59.0967
6.8305	58.6972	59.0966
6.8414	58.8636	59.0955
6.8514	58.8636	59.0949
6.8616	58.4476	59.0930
6.8714	58.6140	59.0905
6.8807	58.6972	59.0886
6.8904	58.8636	59.0875
6.8999	58.8636	59.0870
6.9114	59.0299	59.0869
6.9214	58.8636	59.0868
6.9314	59.1963	59.0873
6.9406	59.1963	59.0887
6.9504	58.6972	59.0887
6.9604	58.8636	59.0876
6.9715	58.6972	59.0865
6.9814	58.8636	59.0855
6.9921	59.1131	59.0857
7.0004	58.6140	59.0851
7.0105	59.1963	59.0848
7.0205	59.1963	59.0862
7.0315	58.5308	59.0857
7.0415	58.8636	59.0841
7.0515	59.0299	59.0841
7.0607	58.5308	59.0830
7.0705	58.6972	59.0810
7.0806	58.9468	59.0802
7.0915	59.1963	59.0809
7.1015	59.3627	59.0829
7.1114	59.1963	59.0848
7.1204	59.1963	59.0863
7.1304	59.6123	59.0890
7.1405	58.8636	59.0907
7.1505	58.8636	59.0901
7.1615	59.6955	59.0920
7.1716	58.7804	59.0937
7.1805	59.0299	59.0934
7.1905	59.1963	59.0943
7.2006	59.2795	59.0960
7.2106	58.5308	59.0956
7.2215	58.8636	59.0940
7.2315	58.7804	59.0932
7.2406	59.3627	59.0939
7.2505	59.2795	59.0960
7.2605	59.3627	59.0982
7.2706	59.1963	59.1001
7.2815	59.0299	59.1010
7.2916	59.0299	59.1014
7.3006	58.8636	59.1013
7.3106	58.5308	59.0997
7.3206	58.6972	59.0976
7.3305	58.8636	59.0965
7.3407	58.6140	59.0951
7.3516	59.7787	59.0966
7.3615	59.0299	59.0992
7.3707	59.1963	59.1001
7.3806	59.0299	59.1010
7.3906	59.0299	59.1014
7.4007	58.9468	59.1016
7.4116	58.3644	59.0997
7.4215	59.7787	59.1003
7.4307	59.3627	59.1040
7.4406	59.3627	59.1064
7.4506	58.6972	59.1068
7.4607	59.1963	59.1066
7.4717	59.1963	59.1080
7.4818	59.1963	59.1094
7.4907	59.0299	59.1102
7.5007	58.7804	59.1099
7.5106	58.8636	59.1090
7.5207	58.6972	59.1078
7.5316	58.6140	59.1060
7.5416	58.6972	59.1041
7.5507	58.8636	59.1030
7.5607	58.8636	59.1024
7.5705	58.6972	59.1013
7.5807	58.6972	59.0997
7.5906	58.6972	59.0981
7.6016	58.9468	59.0972
7.6107	58.8636	59.0969
7.6206	58.7804	59.0960
7.6308	59.1131	59.0960
7.6407	59.3627	59.0976
7.6507	59.3627	59.1001
7.6617	58.6972	59.1005
7.6707	59.0299	59.0999
7.6806	59.6955	59.1023
7.6908	59.0299	59.1047
7.7008	59.0299	59.1051
7.7108	59.0299	59.1054
7.7220	58.8636	59.1053
7.7308	58.8636	59.1047
7.7407	58.6972	59.1036
7.7508	58.9468	59.1027
7.7608	58.8636	59.1024
7.7708	59.3627	59.1033
7.7808	58.6972	59.1037
7.7908	58.8636	59.1026
7.8007	59.0299	59.1025
7.8108	59.0299	59.1029
7.8208	59.3627	59.1043
7.8307	58.8636	59.1052
7.8408	58.3644	59.1031
7.8508	58.8636	59.1010
7.8608	59.0299	59.1009
7.8708	59.0299	59.1013
7.8808	58.8636	59.1012
7.8910	59.1131	59.1013
7.9008	59.3627	59.1030
7.9108	58.1980	59.1019
7.9209	59.1963	59.1003
7.9307	58.6972	59.1002
7.9409	58.8636	59.0991
7.9509	59.0299	59.0990
7.9608	58.8636	59.0990
7.9708	59.3627	59.0999
7.9808	59.1963	59.1018
7.9908	58.5308	59.1012
8.0008	58.8636	59.0996
8.0108	59.1963	59.1000
8.0208	59.1963	59.1014
8.0308	59.0299	59.1023
8.0408	59.1963	59.1032
8.0508	59.0299	59.1041
8.0608	58.9468	59.1043
8.0708	59.0299	59.1045
8.0808	59.0299	59.1049
8.0908	59.1963	59.1058
8.1006	58.6972	59.1057
8.1109	58.6972	59.1041
8.1208	59.2795	59.1042
8.1311	59.1131	59.1056
8.1410	58.8636	59.1058
8.1509	59.5291	59.1072
8.1608	58.9468	59.1088
8.1709	58.7804	59.1082
8.1808	59.0299	59.1079
8.1911	59.1131	59.1085
8.2009	57.7821	59.1054
8.2108	59.1131	59.1023
8.2208	58.8636	59.1025
8.2309	58.6972	59.1014
8.2408	59.0299	59.1008
8.2508	59.1963	59.1017
8.2609	59.2795	59.1034
8.2709	58.4476	59.1028
8.2809	58.7804	59.1007
8.2909	59.0299	59.1004
8.3009	58.6972	59.0998
8.3111	59.2795	59.1000
8.3210	58.6972	59.1002
8.3309	58.6140	59.0984
8.3412	59.6955	59.0995
8.3510	58.3644	59.1000
8.3609	59.0299	59.0984
8.3710	59.3627	59.0998
8.3809	58.7804	59.1005
8.3909	58.1980	59.0977
8.4009	58.1980	59.0931
8.4109	58.8636	59.0906
8.4209	59.3627	59.0915
8.4310	59.1963	59.0935
8.4410	58.6972	59.0934
8.4509	58.6972	59.0919
8.4611	58.6972	59.0904
8.4709	59.0299	59.0898
8.4809	59.1963	59.0908
8.4911	59.0299	59.0918
8.5009	59.3627	59.0933
8.5114	58.8636	59.0942
8.5210	59.1131	59.0944
8.5310	59.0299	59.0951
8.5412	59.2795	59.0963
8.5512	58.8636	59.0970
8.5611	58.6972	59.0960
8.5711	59.1963	59.0959
8.5810	59.1131	59.0971
8.5909	59.0299	59.0979
8.6011	59.5291	59.0998
8.6111	58.7804	59.1010
8.6211	58.8636	59.1002
8.6311	58.5308	59.0986
8.6411	58.8636	59.0971
8.6510	58.7804	59.0962
8.6611	58.1980	59.0935
8.6712	58.8636	59.0909
8.6810	58.6972	59.0899
8.6911	58.8636	59.0889
8.7012	59.1131	59.0891
8.7110	58.6972	59.0888
8.7210	59.1963	59.0888
8.7311	59.0299	59.0898
8.7411	59.1963	59.0908
8.7511	58.7804	59.0910
8.7612	58.6972	59.0897
8.7710	58.8636	59.0887
8.7811	59.3627	59.0897
8.7911	59.1963	59.0917
8.8011	59.3627	59.0936
8.8112	58.1980	59.0926
8.8211	59.0299	59.0906
8.8311	58.8636	59.0906
8.8411	58.9468	59.0903
8.8512	58.8636	59.0900
8.8611	58.9468	59.0897
8.8711	59.0299	59.0899
8.8811	59.1131	59.0907
8.8911	59.0299	59.0914
8.9010	59.1131	59.0921
8.9111	58.7804	59.0921
8.9211	59.0299	59.0918
8.9311	59.0299	59.0923
8.9411	59.5291	59.0942
8.9511	59.0299	59.0962
8.9611	58.8636	59.0962
8.9711	59.0299	59.0961
8.9811	59.0299	59.0966
8.9911	59.0299	59.0970
9.0011	59.1963	59.0980
9.0111	58.9468	59.0987
9.0211	58.9468	59.0986
9.0311	58.8636	59.0983
9.0412	58.6972	59.0973
9.0511	59.6955	59.0987
9.0611	59.4459	59.1024
9.0712	58.7804	59.1033
9.0811	59.1963	59.1035
9.0911	58.2812	59.1022
9.1002	58.6972	59.0993
9.1112	58.9468	59.0985
9.1212	59.0299	59.0987
9.1312	58.8636	59.0987
9.1412	59.1963	59.0991
9.1511	58.3644	59.0980
9.1602	58.6972	59.0955
9.1712	58.6972	59.0939
9.1812	58.8636	59.0929
9.1912	59.1963	59.0933
9.2013	59.2795	59.0950
9.2112	58.3644	59.0942
9.2202	58.8636	59.0922
9.2313	59.4459	59.0934
9.2412	58.8636	59.0946
9.2513	59.4459	59.0958
9.2613	58.8636	59.0970
9.2712	59.0299	59.0970
9.2803	59.2795	59.0982
9.2902	58.9468	59.0991
9.3014	59.3627	59.1003
9.3112	59.1131	59.1020
9.3212	58.5308	59.1012
9.3315	58.1149	59.0974
9.3403	59.1131	59.0953
9.3503	58.5308	59.0946
9.3614	58.8636	59.0930
9.3714	59.3627	59.0940
9.3813	58.5308	59.0939
9.3914	58.6140	59.0916
9.4004	58.6972	59.0898
9.4104	59.3627	59.0903
9.4214	59.0299	59.0918
9.4314	58.6972	59.0912
9.4413	58.8636	59.0902
9.4514	58.8636	59.0897
9.4604	58.8636	59.0892
9.4704	59.0299	59.0892
9.4814	59.7787	59.0919
9.4913	58.3644	59.0926
9.5014	58.9468	59.0908
9.5113	59.6955	59.0930
9.5203	58.6140	59.0943
9.5304	59.3627	59.0945
9.5404	58.8636	59.0954
9.5514	59.3627	59.0964
9.5613	58.3644	59.0959
9.5713	59.1963	59.0948
9.5813	59.1131	59.0960
9.5904	59.1131	59.0970
9.6004	58.7804	59.0969
9.6114	58.6140	59.0954
9.6214	59.1131	59.0948
9.6314	58.5308	59.0940
9.6413	59.3627	59.0940
9.6504	58.6140	59.0942
9.6604	59.1963	59.0939
9.6714	59.1963	59.0954
9.6814	59.1963	59.0968
9.6914	58.0317	59.0948
9.7013	59.1131	59.0925
9.7104	58.6972	59.0922
9.7204	58.7804	59.0909
9.7304	58.9468	59.0904
9.7414	58.6972	59.0896
9.7514	58.6972	59.0881
9.7614	58.8636	59.0871
9.7704	59.1963	59.0875
9.7804	58.1980	59.0860
9.7904	59.1963	59.0845
9.8015	59.1963	59.0860
9.8114	59.3627	59.0880
9.8214	59.0299	59.0895
9.8304	59.1131	59.0902
9.8404	59.0299	59.0909
9.8504	58.9468	59.0912
9.8614	59.0299	59.0914
9.8714	59.3627	59.0929
9.8815	59.0299	59.0943
9.8905	58.6972	59.0938
9.9004	58.6972	59.0923
9.9105	58.8636	59.0912
9.9214	58.7804	59.0904
9.9316	59.2795	59.0909
9.9414	58.3644	59.0901
9.9504	59.3627	59.0896
9.9607	59.0299	59.0911
9.9705	59.3627	59.0926
9.9805	58.6972	59.0930
9.9915	58.6972	59.0915
10.0015	58.8636	59.0905
10.0104	58.8636	59.0899
10.0205	59.1963	59.0904
10.0305	58.6140	59.0902
10.0405	58.9468	59.0891
10.0515	59.0299	59.0894
10.0615	58.7804	59.0891
10.0705	59.1131	59.0891
10.0805	59.0299	59.0898
10.0905	58.9468	59.0900
10.1004	59.0299	59.0903
10.1116	59.0299	59.0907
10.1215	58.9468	59.0910
10.1315	58.8636	59.0907
10.1405	58.8636	59.0902
10.1506	59.0299	59.0902
10.1605	59.1963	59.0912
10.1706	58.9468	59.0919
10.1816	59.1963	59.0926
10.1915	58.6972	59.0926
10.2006	59.0299	59.0921
10.2106	59.0299	59.0925
10.2209	59.0299	59.0930
10.2306	59.3627	59.0945
10.2416	59.1963	59.0965
10.2506	59.1131	59.0977
10.2606	58.8636	59.0979
10.2705	58.6972	59.0968
10.2807	59.0299	59.0963
10.2906	58.8636	59.0963
10.3016	59.1963	59.0967
10.3116	58.6972	59.0967
10.3206	59.0299	59.0961
10.3306	59.2795	59.0973
10.3407	59.0299	59.0986
10.3507	58.9468	59.0988
10.3616	59.0299	59.0990
10.3717	58.6140	59.0982
10.3806	59.4459	59.0986
10.3906	59.3627	59.1013
10.4007	59.0299	59.1028
10.4106	59.3627	59.1042
10.4207	59.3627	59.1067
10.4317	59.0299	59.1081
10.4406	58.6972	59.1075
10.4509	58.5308	59.1054
10.4606	58.6972	59.1034
10.4706	59.2795	59.1035
10.4806	58.8636	59.1042
10.4917	59.1963	59.1047
10.5017	58.8636	59.1051
10.5108	58.9468	59.1048
10.5207	59.3627	59.1060
10.5307	59.0299	59.1074
10.5407	59.0299	59.1078
10.5517	58.8636	59.1078
10.5606	58.8636	59.1072
10.5707	58.9468	59.1069
10.5807	59.0299	59.1071
10.5907	59.4459	59.1087
10.6008	59.3627	59.1114
10.6107	59.1963	59.1133
10.6207	59.0299	59.1142
10.6308	58.8636	59.1141
10.6407	59.4459	59.1153
10.6507	59.0299	59.1169
10.6608	58.6140	59.1161
10.6707	58.4476	59.1135
10.6816	58.9468	59.1119
10.6909	58.8636	59.1115
10.7007	59.2795	59.1122
10.7107	59.1963	59.1138
10.7208	59.2795	59.1154
10.7308	58.9468	59.1163
10.7417	59.0299	59.1165
10.7508	59.0299	59.1169
10.7608	59.0299	59.1172
10.7707	59.0299	59.1176
10.7809	58.6972	59.1170
10.7908	59.3627	59.1174
10.8017	59.0299	59.1187
10.8109	58.9468	59.1189
10.8208	58.8636	59.1185
10.8308	59.0299	59.1184
10.8409	58.5308	59.1172
10.8508	59.1963	59.1166
10.8608	58.6972	59.1165
10.8708	59.0299	59.1159
10.8807	59.6123	59.1180
10.8908	59.1131	59.1204
10.9008	59.4459	59.1222
10.9108	59.1963	59.1244
10.9209	58.8636	59.1247
10.9308	59.0299	59.1246
10.9407	59.1963	59.1254
10.9508	59.3627	59.1273
10.9609	58.6972	59.1276
10.9708	59.2795	59.1277
10.9809	59.1963	59.1293
10.9910	59.1963	59.1306
11.0008	59.2795	59.1322
11.0107	59.2795	59.1340
11.0208	59.0299	59.1351
11.0308	59.0299	59.1354
11.0410	59.1963	59.1362
11.0509	59.4459	59.1383
11.0608	59.3627	59.1408
11.0710	59.2795	59.1429
11.0808	58.8636	59.1434
11.0908	59.6955	59.1452
11.1009	58.8636	59.1470
11.1086	58.3644	59.1447
11.1208	58.6140	59.1417
11.1308	59.0299	59.1408
11.1408	59.2795	59.1418
11.1508	58.9468	59.1426
11.1609	59.5291	59.1441
11.1709	58.5308	59.1444
11.1809	59.0299	59.1431
11.1910	58.9468	59.1432
11.2010	59.3627	59.1442
11.2109	59.0299	59.1455
11.2209	58.8636	59.1452
11.2310	59.1963	59.1455
11.2409	59.3627	59.1473
11.2509	58.6972	59.1475
11.2609	59.2795	59.1476
11.2709	59.3627	59.1496
11.2809	58.6972	59.1498
11.2909	58.6972	59.1481
11.3010	59.0299	59.1474
11.3110	58.9468	59.1474
11.3209	58.8636	59.1469
11.3310	59.1131	59.1469
11.3411	59.0299	59.1475
11.3509	59.1963	59.1482
11.3610	58.8636	59.1485
11.3712	59.1963	59.1488
11.3809	59.3627	59.1505
11.3909	59.3627	59.1528
11.4010	59.1131	59.1543
11.4109	58.5308	59.1533
11.4210	59.6955	59.1540
11.4311	59.3627	59.1573
11.4409	58.7804	59.1578
11.4510	58.8636	59.1567
11.4611	58.8636	59.1560
11.4709	58.8636	59.1552
11.4810	58.9468	59.1547
11.4910	58.7804	59.1539
11.5010	58.8636	59.1529
11.5109	58.3644	59.1507
11.5210	59.1963	59.1494
11.5313	58.7804	59.1494
11.5410	58.3644	59.1470
11.5510	58.7804	59.1445
11.5610	58.6972	59.1430
11.5710	58.6972	59.1413
11.5810	59.0299	59.1406
11.5911	58.9468	59.1406
11.6011	59.3627	59.1417
11.6110	59.1131	59.1432
11.6211	58.8636	59.1433
11.6311	59.3627	59.1440
11.6410	59.0299	59.1453
11.6511	58.8636	59.1451
11.6611	59.0299	59.1449
11.6710	59.3627	59.1461
11.6811	59.1131	59.1476
11.6911	59.2795	59.1489
11.7010	58.6972	59.1489
11.7110	58.7804	59.1474
11.7212	58.8636	59.1464
11.7310	59.3627	59.1472
11.7410	58.8636	59.1479
11.7510	58.7804	59.1469
11.7611	59.1131	59.1467
11.7710	59.0299	59.1472
11.7811	59.1131	59.1477
11.7911	59.1131	59.1485
11.8011	58.8636	59.1485
11.8111	59.3627	59.1493
11.8211	59.1131	59.1508
11.8311	58.6140	59.1500
11.8411	59.1131	59.1493
11.8510	59.1131	59.1501
11.8611	58.8636	59.1501
11.8712	59.1131	59.1500
11.8811	59.0299	59.1505
11.8912	58.8636	59.1503
11.9011	59.3627	59.1510
11.9112	58.8636	59.1518
11.9211	58.6972	59.1505
11.9301	58.9468	59.1495
11.9412	58.6140	59.1483
11.9511	58.7804	59.1465
11.9613	58.6972	59.1450
11.9712	59.2795	59.1450
11.9811	59.1963	59.1466
11.9911	58.5308	59.1458
12.0012	59.1963	59.1451
12.0111	59.4459	59.1471
12.0212	58.9468	59.1484
12.0312	58.9468	59.1481
12.0411	59.1131	59.1484
12.0511	58.5308	59.1474
12.0613	59.1963	59.1467
12.0712	59.1963	59.1480
12.0812	59.0299	59.1487
12.0912	58.6140	59.1477
12.1012	59.2795	59.1475
12.1111	59.2795	59.1493
12.1213	58.6140	59.1490
12.1312	59.1131	59.1483
12.1413	59.1963	59.1493
12.1512	58.9468	59.1498
12.1611	58.6140	59.1486
12.1712	59.1963	59.1481
12.1802	59.5291	59.1504
12.1912	58.9468	59.1519
12.2012	59.5291	59.1534
12.2113	58.8636	59.1546
12.2213	59.4459	59.1556
12.2305	59.4459	59.1583
12.2403	59.2795	59.1605
12.2513	58.7804	59.1607
12.2615	59.1131	59.1605
12.2713	58.7804	59.1602
12.2813	59.0299	59.1596
12.2903	59.3627	59.1608
12.3003	59.0299	59.1620
12.3114	58.6972	59.1612
12.3213	59.1963	59.1609
12.3313	58.6972	59.1606
12.3413	58.5308	59.1583
12.3504	58.9468	59.1568
12.3604	59.4459	59.1580
12.3704	59.3627	59.1605
12.3815	59.1963	59.1622
12.3914	59.1131	59.1631
12.4013	58.2812	59.1613
12.4115	58.9468	59.1590
12.4204	58.7804	59.1582
12.4304	59.4459	59.1589
12.4415	58.7804	59.1596
12.4513	59.5291	59.1606
12.4614	58.4476	59.1605
12.4715	58.4476	59.1572
12.4803	59.2795	59.1564
12.4904	58.8636	59.1569
12.5015	59.3627	59.1576
12.5113	58.9468	59.1586
12.5214	58.6140	59.1573
12.5315	59.6955	59.1583
12.5404	59.5291	59.1620
12.5504	58.8636	59.1632
12.5613	59.6123	59.1646
12.5713	59.4459	59.1678
12.5814	59.1131	59.1695
12.5913	59.1963	59.1704
12.6004	59.1131	59.1713
12.6104	59.2795	59.1725
12.6203	58.9468	59.1732
12.6314	59.7787	59.1753
12.6414	59.1131	59.1780
12.6513	59.0299	59.1784
12.6604	58.5308	59.1771
12.6704	58.6972	59.1747
12.6803	59.4459	59.1751
12.6914	59.2795	59.1773
12.7014	59.1131	59.1784
12.7113	59.1131	59.1790
12.7204	59.1963	59.1799
12.7304	58.8636	59.1801
12.7404	58.8636	59.1792
12.7515	59.0299	59.1789
12.7615	59.2795	59.1798
12.7716	58.8636	59.1802
12.7805	59.1131	59.1800
12.7906	59.1963	59.1809
12.8004	58.9468	59.1813
12.8104	59.1963	59.1817
12.8215	58.8636	59.1818
12.8314	58.9468	59.1812
12.8404	59.1963	59.1815
12.8504	59.0299	59.1822
12.8606	58.6972	59.1813
12.8704	59.1131	59.1807
12.8814	59.6955	59.1830
12.8914	59.1963	59.1857
12.9005	58.8636	59.1858
12.9104	59.5291	59.1869
12.9205	58.8636	59.1880
12.9305	59.1131	59.1879
12.9414	59.7787	59.1905
12.9516	59.1963	59.1933
12.9614	58.8636	59.1934
12.9706	59.2795	59.1937
12.9805	59.3627	59.1956
12.9905	58.8636	59.1961
13.0015	59.0299	59.1957
13.0115	58.9468	59.1955
13.0215	58.9468	59.1951
13.0305	58.7804	59.1942
13.0406	58.7804	59.1927
13.0505	59.1963	59.1926
13.0605	59.3627	59.1942
13.0715	59.1963	59.1957
13.0815	59.5291	59.1978
13.0905	59.2795	59.2001
13.1005	58.9468	59.2007
13.1105	58.8636	59.2000
13.1205	59.0299	59.1995
13.1315	59.2795	59.2003
13.1415	58.7804	59.2004
13.1505	59.3627	59.2007
13.1606	59.0299	59.2017
13.1706	59.1963	59.2023
13.1805	58.7804	59.2021
13.1916	59.1963	59.2019
13.2016	59.0299	59.2024
13.2105	59.6123	59.2042
13.2206	58.8636	59.2055
13.2307	59.5291	59.2065
13.2405	58.9468	59.2078
13.2506	58.9468	59.2073
13.2617	59.5291	59.2086
13.2706	59.0299	59.2101
13.2806	59.2795	59.2109
13.2906	59.2795	59.2124
13.3006	59.5291	59.2146
13.3107	58.7804	59.2154
13.3216	58.7804	59.2139
13.3306	59.1131	59.2134
13.3407	59.4459	59.2149
13.3506	59.1963	59.2166
13.3607	59.5291	59.2186
13.3707	59.0299	59.2201
13.3816	59.6955	59.2220
13.3907	58.8636	59.2235
13.4008	59.2795	59.2237
13.4106	58.9468	59.2241
13.4208	59.2795	59.2246
13.4308	58.7804	59.2245
13.4416	59.4459	59.2250
13.4507	59.3627	59.2272
13.4607	58.8636	59.2276
13.4707	58.7804	59.2263
13.4809	59.0299	59.2255
13.4907	59.1131	59.2257
13.5008	59.0299	59.2259
13.5108	59.0299	59.2258
13.5207	59.4459	59.2270
13.5310	59.6123	59.2299
13.5409	59.1963	59.2321
13.5507	59.2795	59.2333
13.5607	59.3627	59.2349
13.5717	58.6140	59.2346
13.5807	59.6123	59.2350
13.5907	59.4459	59.2379
13.6008	58.9468	59.2388
13.6107	59.0299	59.2384
13.6207	59.0299	59.2383
13.6319	59.1963	59.2387
13.6407	59.5291	59.2406
13.6507	58.4476	59.2403
13.6608	58.2812	59.2361
13.6708	59.0299	59.2338
13.6809	59.3627	59.2347
13.6909	58.8636	59.2351
13.7008	59.6123	59.2363
13.7108	58.8636	59.2374
13.7208	59.4459	59.2381
13.7307	58.9468	59.2389
13.7409	59.3627	59.2396
13.7508	59.3627	59.2415
13.7608	58.8636	59.2418
13.7709	58.9468	59.2410
13.7808	59.2795	59.2413
13.7908	59.1963	59.2425
13.8008	58.5308	59.2413
13.8108	59.3627	59.2407
13.8195	59.4459	59.2429
13.9055	58.6972	59.2430
13.9109	59.3627	59.2429
13.9208	59.1963	59.2442
13.9308	59.1963	59.2451
13.9408	58.8636	59.2450
13.9508	59.0299	59.2443
13.9608	59.4459	59.2455
13.9709	59.1963	59.2471
13.9808	58.9468	59.2472
13.9908	59.0299	59.2468
14.0008	59.0299	59.2467
14.0109	59.0299	59.2465
14.0208	59.1131	59.2466
14.0310	59.3627	59.2477
14.0409	59.5291	59.2501
14.0509	59.0299	59.2514
14.0609	58.7804	59.2505
14.0709	58.8636	59.2491
14.0809	58.8636	59.2480
14.0910	59.4459	59.2486
14.1010	59.6955	59.2517
14.1109	59.0299	59.2536
14.1209	59.1963	59.2540
14.1309	58.9468	59.2541
14.1410	59.0299	59.2538
14.1510	59.2795	59.2544
14.1609	59.5291	59.2566
14.1710	59.2795	59.2588
14.1810	58.8636	59.2590
14.1910	59.0299	59.2584
14.2010	59.4459	59.2596
14.2109	59.3627	59.2618
14.2209	58.6972	59.2618
14.2310	59.0299	59.2607
14.2410	59.3627	59.2617
14.2509	59.2795	59.2634
14.2610	59.2795	59.2648
14.2710	59.5291	59.2670
14.2810	59.0299	59.2684
14.2911	58.6140	59.2670
14.3010	59.1963	59.2662
14.3109	59.0299	59.2665
14.3210	59.3627	59.2674
14.3312	59.1963	59.2687
14.3409	59.5291	59.2706
14.3511	58.4476	59.2702
14.3611	59.1963	59.2687
14.3710	59.2795	59.2698
14.3810	58.5308	59.2689
14.3910	58.6972	59.2662
14.4013	58.8636	59.2645
14.4111	59.0299	59.2639
14.4211	59.1963	59.2642
14.4311	59.0299	59.2646
14.4411	59.0299	59.2644
14.4511	58.8636	59.2637
14.4611	59.5291	59.2646
14.4711	59.3627	59.2669
14.4811	59.2795	59.2684
14.4911	59.1963	59.2695
14.5010	59.4459	59.2711
14.5110	59.3627	59.2731
14.5211	59.0299	59.2739
14.5311	59.6955	59.2757
14.5412	58.8636	59.2769
14.5512	59.0299	59.2762
14.5611	59.1963	59.2765
14.5711	58.1980	59.2742
14.5812	58.6972	59.2705
14.5911	59.3627	59.2703
14.6011	59.3627	59.2721
14.6112	58.7804	59.2721
14.6212	58.8636	59.2707
14.6311	58.6972	59.2690
14.6411	59.0299	59.2678
14.6512	59.1963	59.2681
14.6610	59.3627	59.2694
14.6711	59.1963	59.2707
14.6810	59.3627	59.2721
14.6910	59.1131	59.2731
14.7011	59.1963	59.2737
14.7111	59.6955	59.2759
14.7212	58.9468	59.2775
14.7312	59.5291	59.2785
14.7411	58.8636	59.2793
14.7512	59.4459	59.2798
14.7612	59.2795	59.2816
14.7711	58.9468	59.2819
14.7812	59.1963	59.2820
14.7911	59.0299	59.2823
14.8011	59.1963	59.2826
14.8112	59.4459	59.2842
14.8202	59.1963	59.2858
14.8311	59.0299	59.2861
14.8412	59.6955	59.2880
14.8511	59.0299	59.2898
14.8611	58.7804	59.2890
14.8712	58.9468	59.2879
14.8802	59.0299	59.2875
14.8913	59.3627	59.2884
14.9013	59.5291	59.2909
14.9112	59.4459	59.2936
14.9215	58.8636	59.2943
14.9304	58.8636	59.2933
14.9403	59.3627	59.2938
14.9514	58.8636	59.2943
14.9613	59.1131	59.2941
14.9713	59.0299	59.2944
14.9813	59.0299	59.2944
14.9913	58.3644	59.2926
15.0002	59.4459	59.2919
15.0103	59.1963	59.2938
15.0213	59.6123	59.2963
15.0313	59.0299	59.2982
15.0414	59.3627	59.2994
15.0513	59.3627	59.3017
15.0602	59.2795	59.3037
15.0704	59.5291	59.3062
15.0812	58.8636	59.3075
15.0912	59.1963	59.3078
15.1013	58.6972	59.3076
15.1112	58.8636	59.3065
15.1203	59.3627	59.3074
15.1303	59.1963	59.3093
15.1413	59.3627	59.3113
15.1512	59.1963	59.3133
15.1613	58.8636	59.3138
15.1714	59.7787	59.3161
15.1804	59.3627	59.3199
15.1903	58.6972	59.3205
15.2014	59.3627	59.3211
15.2114	59.5291	59.3242
15.2216	59.1963	59.3269
15.2313	59.0299	59.3281
15.2414	58.6972	59.3278
15.2504	59.5291	59.3291
15.2603	59.5291	59.3328
15.2714	59.1131	59.3354
15.2812	59.0299	59.3365
15.2913	59.3627	59.3384
15.3013	58.5308	59.3388
15.3103	58.7804	59.3375
15.3203	59.0299	59.3377
15.3312	59.8619	59.3412
15.3413	58.9468	59.3445
15.3513	59.0299	59.3453
15.3613	58.8636	59.3460
15.3703	59.3627	59.3476
15.3803	58.3644	59.3478
15.3913	59.3627	59.3481
15.4013	58.3644	59.3484
15.4113	59.1963	59.3482
15.4213	59.1963	59.3506
15.4304	59.1963	59.3530
15.4404	58.8636	59.3545
15.4503	59.5291	59.3570
15.4614	59.5291	59.3615
15.4714	59.0299	59.3646
15.4814	59.5291	59.3677
15.4903	59.4459	59.3721
15.5008	59.2795	59.3758
15.5104	59.0299	59.3783
15.5214	59.3627	59.3810
15.5315	58.6972	59.3828
15.5414	59.8619	59.3862
15.5504	59.5291	59.3921
15.5604	59.3627	59.3965
15.5704	59.3627	59.4005
15.5814	59.2795	59.4042
15.5916	59.0299	59.4070
15.6015	58.9468	59.4088
15.6104	59.1963	59.4112
15.6205	58.9468	59.4137
15.6305	59.8619	59.4181
15.6415	59.2795	59.4236
15.6516	59.1963	59.4272
15.6615	59.5291	59.4315
15.6705	59.0299	59.4354
15.6805	58.9468	59.4376
15.6904	59.1963	59.4403
15.7004	58.6140	59.4421
15.7114	59.1963	59.4439
15.7214	59.2795	59.4478
15.7304	59.1963	59.4517
15.7405	59.2795	59.4556
15.7504	59.1963	59.4596
15.7604	59.1963	59.4634
15.7715	59.1963	59.4672
15.7814	59.3627	59.4715
15.7905	59.4459	59.4767
15.8005	59.6955	59.4828
15.8104	58.9468	59.4875
15.8205	59.8619	59.4928
15.8314	59.2795	59.4990
15.8414	58.7804	59.5021
15.8504	58.8636	59.5039
15.8605	59.4459	59.5078
15.8705	59.1963	59.5127
15.8806	59.6123	59.5181
15.8905	59.1963	59.5236
15.9015	59.1963	59.5278
15.9105	59.1963	59.5321
15.9205	59.3627	59.5369
15.9305	59.5291	59.5428
15.9405	59.4459	59.5489
15.9505	59.0299	59.5535
15.9615	59.4459	59.5582
15.9715	59.1963	59.5634
15.9805	59.2795	59.5681
15.9905	59.3627	59.5734
16.0005	59.6123	59.5797
16.0105	59.4459	59.5862
16.0216	59.1963	59.5916
16.0316	59.9451	59.5985
16.0405	59.2795	59.6056
16.0506	59.3627	59.6110
16.0605	59.1963	59.6162
16.0706	59.4459	59.6216
16.0806	59.5291	59.6281
16.0916	59.1131	59.6336
16.1006	59.2795	59.6384
16.1106	59.7787	59.6452
16.1207	59.4459	59.6526
16.1306	59.2795	59.6584
16.1406	59.4459	59.6643
16.1516	59.6123	59.6712
16.1607	59.7787	59.6791
16.1707	59.5291	59.6868
16.1806	59.3627	59.6933
16.1906	59.0299	59.6983
16.2006	59.0299	59.7023
16.2116	59.5291	59.7078
16.2206	59.1963	59.7139
16.2307	59.5291	59.7200
16.2406	59.3627	59.7266
16.2507	59.1131	59.7320
16.2607	59.7787	59.7387
16.2717	59.3627	59.7461
16.2806	60.1115	59.7546
16.2906	59.4459	59.7633
16.3006	59.5291	59.7703
16.3106	59.6123	59.7778
16.3206	59.2795	59.7845
16.3306	59.7787	59.7918
16.3407	59.5291	59.7998
16.3506	59.8619	59.8082
16.3607	59.8619	59.8175
16.3706	59.2795	59.8250
16.3807	59.1963	59.8306
16.3907	59.3627	59.8365
16.4007	59.3627	59.8428
16.4107	59.6123	59.8500
16.4207	60.0283	59.8591
16.4307	59.6123	59.8682
16.4407	59.6955	59.8764
16.4507	59.3627	59.8838
16.4607	59.5291	59.8907
16.4707	59.1963	59.8971
16.4807	59.6123	59.9037
16.4908	59.6123	59.9116
16.5007	59.7787	59.9200
16.5110	59.6955	59.9286
16.5208	59.6955	59.9370
16.5307	59.5291	59.9448
16.5410	59.6123	59.9524
16.5507	59.7787	59.9607
16.5607	59.6955	59.9693
16.5709	59.6955	59.9776
16.5808	59.6123	59.9856
16.5907	59.9451	59.9944
16.6008	60.5275	60.0059
16.6107	59.6955	60.0166
16.6208	59.3627	60.0239
16.6308	59.6955	60.0311
16.6408	59.4459	60.0385
16.6508	59.6123	60.0457
16.6608	60.1115	60.0548
16.6708	60.0283	60.0652
16.6809	60.1115	60.0756
16.6908	59.5291	60.0844
16.7008	60.3611	60.0940
16.7108	59.6123	60.1038
16.7208	60.3611	60.1135
16.7308	59.6955	60.1235
16.7408	60.0283	60.1325
16.7510	59.6955	60.1414
16.7608	59.8619	60.1498
16.7709	59.9451	60.1589
16.7810	59.9451	60.1683
16.7908	59.6955	60.1768
16.8009	60.0283	60.1856
16.8108	60.1947	60.1959
16.8211	60.1947	60.2066
16.8309	59.7787	60.2160
16.8409	60.0283	60.2249
16.8509	59.9451	60.2342
16.8610	60.1947	60.2441
16.8709	59.5291	60.2526
16.8810	60.1115	60.2609
16.8909	59.5291	60.2691
16.9010	59.6955	60.2760
16.9109	59.6955	60.2834
16.9210	59.8619	60.2913
16.9309	60.0283	60.3001
16.9410	59.8619	60.3089
16.9510	59.6955	60.3167
16.9609	60.3611	60.3259
16.9710	59.6955	60.3351
16.9811	60.7772	60.3454
16.9909	60.3611	60.3577
17.0010	59.5291	60.3663
17.0110	59.6955	60.3727
17.0209	60.1947	60.3812
17.0310	60.1947	60.3911
17.0410	60.1947	60.4009
17.0509	60.1947	60.4107
17.0610	60.1947	60.4204
17.0710	59.6123	60.4284
17.0810	59.8619	60.4353
17.0910	60.0283	60.4434
17.1010	59.5291	60.4504
17.1110	59.8619	60.4569
17.1211	59.8619	60.4644
17.1310	60.3611	60.4733
17.1410	60.2779	60.4835
17.1511	60.1947	60.4930
17.1609	59.5291	60.5003
17.1709	60.6940	60.5090
17.1810	60.2779	60.5199
17.1911	59.8619	60.5283
17.2011	60.1115	60.5361
17.2110	59.8619	60.5438
17.2211	59.8619	60.5507
17.2313	60.5275	60.5596
17.2409	60.0283	60.5689
17.2509	59.4459	60.5750
17.2610	60.0283	60.5809
17.2710	59.9451	60.5884
17.2810	59.4459	60.5940
17.2910	60.1947	60.6003
17.3010	59.4459	60.6066
17.3110	60.0283	60.6123
17.3210	60.1115	60.6200
17.3310	60.6107	60.6293
17.3411	60.2779	60.6392
17.3511	60.6940	60.6492
17.3610	60.2779	60.6591
17.3710	60.5275	60.6685
17.3811	60.0283	60.6771
17.3911	60.4443	60.6854
17.4010	60.1115	60.6938
17.4111	60.7772	60.7032
17.4211	60.5275	60.7138
17.4311	60.2779	60.7229
17.4411	60.3611	60.7313
17.4513	60.5275	60.7405
17.4610	59.6123	60.7474
17.4711	59.9451	60.7524
17.4811	60.3611	60.7597
17.4911	60.5275	60.7687
17.5010	60.5275	60.7781
17.5111	60.6107	60.7878
17.5210	60.7772	60.7981
17.5311	60.7772	60.8088
17.5410	60.6940	60.8193
17.5511	61.0268	60.8304
17.5611	60.3611	60.8404
17.5711	60.6940	60.8494
17.5810	60.6940	60.8594
17.5912	60.4443	60.8685
17.6012	60.3611	60.8766
17.6112	60.6107	60.8851
17.6211	60.7772	60.8948
17.6313	60.9436	60.9055
17.6403	60.6940	60.9159
17.6503	60.6940	60.9254
17.6612	60.3611	60.9339
17.6713	60.6107	60.9421
17.6812	60.7772	60.9515
17.6912	60.6107	60.9608
17.7003	60.1947	60.9683
17.7122	60.5275	60.9755
17.7212	60.6940	60.9842
17.7313	60.7772	60.9935
17.7412	61.4428	61.0051
17.7512	60.3611	61.0153
17.7612	60.8604	61.0237
17.7702	61.0268	61.0341
17.7812	61.2764	61.0456
17.7913	60.4443	61.0554
17.8013	60.2779	61.0621
17.8113	60.6940	61.0694
17.8213	60.6940	61.0780
17.8302	60.6107	61.0863
17.8404	60.6107	61.0943
17.8514	60.6940	61.1025
17.8613	61.1100	61.1121
17.8713	60.2779	61.1204
17.8813	60.5275	61.1269
17.8902	60.5275	61.1341
17.9003	60.6940	61.1418
17.9112	61.0268	61.1509
17.9212	61.0268	61.1610
17.9312	60.3611	61.1689
17.9413	61.0268	61.1769
17.9512	60.5275	61.1853
17.9602	60.6940	61.1926
17.9713	60.9436	61.2011
17.9812	60.7772	61.2099
17.9912	61.3596	61.2198
18.0012	60.6940	61.2294
18.0102	60.9436	61.2378
18.0202	61.3596	61.2480
18.0314	61.1932	61.2590
18.0413	61.3596	61.2699
18.0514	60.6940	61.2792
18.0613	60.2779	61.2853
18.0703	61.9421	61.2950
18.0803	61.1932	61.3074
18.0902	61.0268	61.3170
18.1013	61.6925	61.3281
18.1112	61.0268	61.3391
18.1212	60.8604	61.3475
18.1313	61.3596	61.3569
18.1403	61.0268	61.3667
18.1502	60.6940	61.3745
18.1614	61.1932	61.3827
18.1714	60.9436	61.3917
18.1813	61.3596	61.4010
18.1913	61.1100	61.4108
18.2003	61.0268	61.4195
18.2103	61.6925	61.4300
18.2213	61.0268	61.4403
18.2313	60.8604	61.4481
18.2413	60.8604	61.4554
18.2514	61.0268	61.4631
18.2605	60.5275	61.4697
18.2703	60.7772	61.4755
18.2803	61.1932	61.4834
18.2914	61.1932	61.4924
18.3014	61.1932	61.5013
18.3113	61.6925	61.5117
18.3203	61.5261	61.5231
18.3304	61.2764	61.5331
18.3403	61.6925	61.5436
18.3513	61.1932	61.5537
18.3614	61.6925	61.5638
18.3713	61.3596	61.5744
18.3803	61.1932	61.5834
18.3904	61.6093	61.5931
18.4004	60.8604	61.6017
18.4113	61.4428	61.6098
18.4213	61.1932	61.6188
18.4314	60.6107	61.6253
18.4409	61.1932	61.6317
18.4504	61.5261	61.6408
18.4603	61.1100	61.6497
18.4713	61.5261	61.6584
18.4814	62.1086	61.6701
18.4914	60.6940	61.6793
18.5004	61.2764	61.6859
18.5105	61.4428	61.6946
18.5203	61.0268	61.7026
18.5304	61.6925	61.7113
18.5414	61.0268	61.7199
18.5514	61.6925	61.7285
18.5606	61.1100	61.7372
18.5704	61.1932	61.7444
18.5804	61.6925	61.7533
18.5906	62.0254	61.7646
18.6015	61.3596	61.7749
18.6114	61.1100	61.7823
18.6205	61.9421	61.7915
18.6305	61.3596	61.8013
18.6404	61.5261	61.8099
18.6504	61.5261	61.8188
18.6614	61.7757	61.8285
18.6715	61.8589	61.8391
18.6805	61.4428	61.8487
18.6905	60.6940	61.8547
18.7004	61.4428	61.8606
18.7107	61.6093	61.8692
18.7205	61.9421	61.8793
18.7314	61.1932	61.8881
18.7406	61.6093	61.8958
18.7505	61.8589	61.9055
18.7605	62.0254	61.9164
18.7706	61.4428	61.9260
18.7806	62.1086	61.9357
18.7915	62.3582	61.9482
18.8005	62.2750	61.9611
18.8105	62.2750	61.9737
18.8205	62.1086	61.9857
18.8306	62.4414	61.9981
18.8405	61.6925	62.0092
18.8515	62.5247	62.0205
18.8615	61.7757	62.0320
18.8705	61.5261	62.0404
18.8805	61.4428	62.0477
18.8905	62.1086	62.0567
18.9006	61.8589	62.0669
18.9116	62.1086	62.0771
18.9215	62.1086	62.0879
18.9305	62.2750	62.0992
18.9405	61.9421	62.1098
18.9506	62.3582	62.1207
18.9606	62.4414	62.1330
18.9706	61.9421	62.1439
18.9817	61.5261	62.1520
18.9906	61.9421	62.1601
19.0006	61.3596	62.1675
19.0106	61.9421	62.1749
19.0210	62.4414	62.1855
19.0306	61.7757	62.1955
19.0416	62.2750	62.2050
19.0506	62.1918	62.2156
19.0606	62.4414	62.2266
19.0705	62.1086	62.2372
19.0807	62.4414	62.2478
19.0907	61.7757	62.2573
19.1016	62.6079	62.2672
19.1107	62.4414	62.2791
19.1206	61.9421	62.2888
19.1306	61.3596	62.2952
19.1407	62.9408	62.3045
19.1507	62.1086	62.3160
19.1606	62.1086	62.3249
19.1707	62.0254	62.3334
19.1807	62.5247	62.3432
19.1906	63.1072	62.3561
19.2007	62.3582	62.3683
19.2109	62.2750	62.3780
19.2213	62.7743	62.3889
19.2307	62.4414	62.4001
19.2409	62.5247	62.4105
19.2507	62.2750	62.4203
19.2608	62.4414	62.4298
19.2707	63.0240	62.4414
19.2807	62.3582	62.4526
19.2907	61.8589	62.4603
19.3007	62.1918	62.4674
19.3107	62.4414	62.4761
19.3207	62.4414	62.4855
19.3300	62.9408	62.4963
19.3407	62.1086	62.5060
19.3507	62.5247	62.5144
19.3607	62.3582	62.5234
19.3707	61.8589	62.5303
19.3807	62.2750	62.5369
19.3907	62.6911	62.5459
19.4007	62.4414	62.5553
19.4107	62.6911	62.5646
19.4208	62.7743	62.5748
19.4308	62.0254	62.5829
19.4408	62.5247	62.5902
19.4508	61.7757	62.5966
19.4608	62.0254	62.6015
19.4708	63.0240	62.6099
19.4808	62.9408	62.6211
19.4909	62.1918	62.6296
19.5008	62.8576	62.6378
19.5108	62.1918	62.6460
19.5209	62.7743	62.6537
19.5309	63.2737	62.6646
19.5409	62.6911	62.6752
19.5508	62.7743	62.6841
19.5609	62.7743	62.6932
19.5710	62.9408	62.7027
19.5809	62.3582	62.7108
19.5909	62.6911	62.7181
19.6009	62.7743	62.7265
19.6109	62.9408	62.7355
19.6209	62.5247	62.7437
19.6309	62.0254	62.7491
19.6409	63.1072	62.7561
19.6508	62.4414	62.7642
19.6609	62.9408	62.7718
19.6709	62.6911	62.7800
19.6808	63.0240	62.7883
19.6909	62.9408	62.7973
19.7009	62.6079	62.8049
19.7108	62.6079	62.8114
19.7209	62.6079	62.8178
19.7308	63.1072	62.8257
19.7408	62.9408	62.8344
19.7508	63.0240	62.8427
19.7609	62.9408	62.8509
19.7709	62.9408	62.8588
19.7808	62.4414	62.8651
19.7908	62.6911	62.8705
19.8009	62.2750	62.8753
19.8110	63.1072	62.8813
19.8209	62.6079	62.8882
19.8310	63.1072	62.8950
19.8409	62.7743	62.9022
19.8509	63.1905	62.9095
19.8609	63.2737	62.9182
19.8710	63.1072	62.9266
19.8809	62.8576	62.9336
19.8912	62.9408	62.9401
19.9010	63.2737	62.9477
19.9109	63.1072	62.9556
19.9210	62.7743	62.9620
19.9310	63.2737	62.9688
19.9409	62.9408	62.9760
19.9512	63.1072	62.9826
19.9609	63.1072	62.9897
19.9709	62.7743	62.9956
19.9810	63.1072	63.0014
19.9909	63.1905	63.0084
20.0009	62.9408	63.0148
20.0110	63.6066	63.0224
20.0209	62.9408	63.0299
20.0309	62.9408	63.0353
20.0410	62.9408	63.0406
20.0510	63.1072	63.0463
20.0610	63.1072	63.0524
20.0710	62.6911	63.0572
20.0811	63.0240	63.0617
20.0910	63.0240	63.0671
20.1010	63.2737	63.0731
20.1111	62.6911	63.0781
20.1210	62.9408	63.0819
20.1312	63.4401	63.0880
20.1411	63.1072	63.0944
20.1510	63.1072	63.0998
20.1612	62.9408	63.1046
20.1711	62.9408	63.1088
20.1811	62.5247	63.1117
20.1910	63.1072	63.1150
20.2010	63.2737	63.1205
20.2110	63.0240	63.1256
20.2210	63.6066	63.1317
20.2311	63.3569	63.1387
20.2411	62.8576	63.1433
20.2511	62.7743	63.1461
20.2610	62.6911	63.1484
20.2711	63.1905	63.1518
20.2810	63.1905	63.1566
20.2911	63.1905	63.1614
20.3011	63.0240	63.1656
20.3111	63.1905	63.1697
20.3211	63.1072	63.1740
20.3311	62.9408	63.1774
20.3413	62.6079	63.1793
20.3502	63.1905	63.1819
20.3612	62.9408	63.1854
20.3712	63.0240	63.1883
20.3811	63.4401	63.1927
20.3915	63.0240	63.1970
20.4011	62.6911	63.1990
20.4102	62.9408	63.2006
20.4212	63.1905	63.2037
20.4312	63.1905	63.2075
20.4413	63.6898	63.2127
20.4512	62.7743	63.2166
20.4612	63.3569	63.2194
20.4702	63.4401	63.2242
20.4803	63.4401	63.2291
20.4911	63.6066	63.2344
20.5012	63.1072	63.2387
20.5112	63.4401	63.2424
20.5212	62.7743	63.2451
20.5302	62.9408	63.2462
20.5402	63.6066	63.2497
20.5511	63.1072	63.2537
20.5612	62.9408	63.2556
20.5712	62.6911	63.2562
20.5811	63.1072	63.2572
20.5903	63.3569	63.2602
20.6003	63.0240	63.2629
20.6111	63.2737	63.2652
20.6214	63.5234	63.2691
20.6312	63.4401	63.2733
20.6411	63.4401	63.2773
20.6512	63.4401	63.2812
20.6602	63.6898	63.2857
20.6712	63.2737	63.2898
20.6812	62.8576	63.2912
20.6912	62.9408	63.2916
20.7013	63.1072	63.2928
20.7111	63.1072	63.2943
20.7202	63.4401	63.2969
20.7302	64.1892	63.3026
20.7412	63.0240	63.3070
20.7512	63.4401	63.3091
20.7613	63.1905	63.3117
20.7713	63.3569	63.3140
20.7802	63.4401	63.3170
20.7903	63.0240	63.3189
20.8012	62.9408	63.3193
20.8112	63.4401	63.3209
20.8212	63.4401	63.3240
20.8312	63.4401	63.3270
20.8404	63.2737	63.3294
20.8503	63.6066	63.3324
20.8612	63.1072	63.3347
20.8712	63.5234	63.3368
20.8813	63.7731	63.3409
20.8912	63.1072	63.3436
20.9002	63.2737	63.3448
20.9103	63.6066	63.3475
20.9202	63.4401	63.3506
20.9313	63.1072	63.3522
20.9413	63.2737	63.3533
20.9512	62.8576	63.3536
20.9605	62.9408	63.3528
20.9704	63.1072	63.3528
20.9802	63.6066	63.3547
20.9914	63.4401	63.3576
21.0014	63.2737	63.3594
21.0112	63.3569	63.3610
21.0204	63.6066	63.3636
21.0304	63.6066	63.3668
21.0404	63.7731	63.3705
21.0517	63.8563	63.3750
21.0614	63.2737	63.3779
21.0713	63.1072	63.3785
21.0805	63.2737	63.3790
21.0904	62.7743	63.3786
21.1004	63.3569	63.3784
21.1114	63.4401	63.3802
21.1214	63.1072	63.3811
21.1314	63.7731	63.3831
21.1404	63.7731	63.3870
21.1503	63.6066	63.3904
21.1604	63.6066	63.3933
21.1704	63.2737	63.3951
21.1814	62.9408	63.3949
21.1913	63.0240	63.3940
21.2014	63.4401	63.3945
21.2104	63.3569	63.3960
21.2203	63.2737	63.3969
21.2304	62.9408	63.3966
21.2414	63.2737	63.3963
21.2514	63.1072	63.3965
21.2614	63.2737	63.3966
21.2704	63.5234	63.3980
21.2804	63.3569	63.3996
21.2903	64.1060	63.4030
21.3014	63.4401	63.4066
21.3115	63.1072	63.4071
21.3204	62.6079	63.4051
21.3310	63.4401	63.4041
21.3404	63.6066	63.4061
21.3504	63.4401	63.4081
21.3604	63.4401	63.4096
21.3714	63.4401	63.4111
21.3814	63.5234	63.4127
21.3906	63.6898	63.4151
21.4004	63.6066	63.4178
21.4104	63.1072	63.4187
21.4205	63.4401	63.4190
21.4314	63.9395	63.4219
21.4415	63.6066	63.4252
21.4505	63.2737	63.4265
21.4605	63.7731	63.4283
21.4706	63.8563	63.4318
21.4806	63.4401	63.4344
21.4916	63.1072	63.4346
21.5015	63.1905	63.4341
21.5106	63.2737	63.4341
21.5205	62.9408	63.4333
21.5304	63.6066	63.4336
21.5405	63.6066	63.4358
21.5515	63.1072	63.4365
21.5615	63.3569	63.4365
21.5705	63.4401	63.4374
21.5805	63.5234	63.4389
21.5905	63.9395	63.4418
21.6006	63.7731	63.4455
21.6106	62.9408	63.4462
21.6215	62.9408	63.4444
21.6305	62.8576	63.4423
21.6405	63.4401	63.4417
21.6505	63.2737	63.4424
21.6606	63.7731	63.4441
21.6706	63.6066	63.4468
21.6815	63.6066	63.4490
21.6907	63.4401	63.4506
21.7005	62.9408	63.4503
21.7106	63.6898	63.4507
21.7205	63.6898	63.4534
21.7305	63.0240	63.4540
21.7416	63.6898	63.4547
21.7515	63.6066	63.4570
21.7605	63.6066	63.4592
21.7707	63.7731	63.4618
21.7806	63.3569	63.4637
21.7906	63.6066	63.4650
21.8007	63.4401	63.4666
21.8116	63.4401	63.4677
21.8205	63.2737	63.4683
21.8307	63.7731	63.4698
21.8407	63.4401	63.4719
21.8506	63.5234	63.4732
21.8606	62.6911	63.4723
21.8716	63.4401	63.4711
21.8808	63.2737	63.4716
21.8906	63.3569	63.4719
21.9006	62.9408	63.4712
21.9110	63.5234	63.4710
21.9206	63.4401	63.4722
21.9316	63.5234	63.4735
21.9406	62.9408	63.4733
21.9506	63.2737	63.4723
21.9607	63.4401	63.4728
21.9711	63.9395	63.4753
21.9807	63.6066	63.4783
21.9916	63.2737	63.4793
22.0008	63.5234	63.4801
22.0107	63.1905	63.4805
22.0207	63.7731	63.4818
22.0308	63.6066	63.4842
22.0407	63.6066	63.4862
22.0507	63.2737	63.4871
22.0607	63.7731	63.4886
22.0707	63.1905	63.4897
22.0806	63.2737	63.4894
22.0908	63.3569	63.4896
22.1007	63.3569	63.4900
22.1107	63.4401	63.4907
22.1209	63.6898	63.4923
22.1307	63.7731	63.4950
22.1407	63.2737	63.4964
22.1509	63.6066	63.4973
22.1607	63.6066	63.4992
22.1709	63.4401	63.5005
22.1809	63.3569	63.5011
22.1907	63.2737	63.5012
22.2008	62.9408	63.5001
22.2108	63.2737	63.4990
22.2207	63.4401	63.4993
22.2307	62.7743	63.4982
22.2409	63.4401	63.4970
22.2507	63.7731	63.4989
22.2608	63.2737	63.5002
22.2709	63.6898	63.5013
22.2807	63.5234	63.5031
22.2908	63.1905	63.5035
22.3008	63.4401	63.5035
22.3107	63.7731	63.5054
22.3208	63.1072	63.5062
22.3308	63.8563	63.5072
22.3407	63.4401	63.5093
22.3508	63.5234	63.5103
22.3608	63.9395	63.5129
22.3708	63.4401	63.5151
22.3808	63.0240	63.5147
22.3908	63.5234	63.5144
22.4008	63.2737	63.5149
22.4108	63.3569	63.5150
22.4208	63.4401	63.5155
22.4308	63.6066	63.5167
22.4408	63.4401	63.5180
22.4508	63.2737	63.5182
22.4608	63.5234	63.5187
22.4708	62.9408	63.5182
22.4807	63.6066	63.5180
22.4908	63.4401	63.5192
22.5008	63.6066	63.5204
22.5108	63.6066	63.5222
22.5210	63.6898	63.5241
22.5309	63.5234	63.5259
22.5408	63.4401	63.5268
22.5509	63.1072	63.5265
22.5600	63.2737	63.5257
22.5708	63.3569	63.5257
22.5809	63.8563	63.5274
22.5909	63.5234	63.5296
22.6008	63.4401	63.5305
22.6109	63.1072	63.5302
22.6208	63.7731	63.5309
22.6308	64.1060	63.5346
22.6409	63.6066	63.5378
22.6509	63.6066	63.5394
22.6609	63.7731	63.5416
22.6709	63.4401	63.5432
22.6809	63.6066	63.5443
22.6909	63.6066	63.5460
22.7009	63.1072	63.5461
22.7109	63.6066	63.5462
22.7209	63.6898	63.5481
22.7309	63.6066	63.5499
22.7409	63.4401	63.5510
22.7509	63.6066	63.5521
22.7610	63.8563	63.5545
22.7710	63.7731	63.5573
22.7810	63.5234	63.5591
22.7910	63.7731	63.5609
22.8010	63.3569	63.5622
22.8110	63.4401	63.5625
22.8211	63.3569	63.5628
22.8309	63.1072	63.5621
22.8410	63.6066	63.5622
22.8509	63.2737	63.5627
22.8609	63.3569	63.5625
22.8710	63.1905	63.5620
22.8810	63.6898	63.5626
22.8909	63.5234	63.5641
22.9010	63.5234	63.5651
22.9109	63.6066	63.5664
22.9209	63.1905	63.5667
22.9310	63.4401	63.5665
22.9411	63.6066	63.5675
22.9510	63.3569	63.5682
22.9610	63.1905	63.5678
22.9709	63.8563	63.5688
22.9810	64.0228	63.5723
22.9910	63.0240	63.5733
23.0010	63.6898	63.5733
23.0110	63.9395	63.5760
23.0210	63.4401	63.5780
23.0310	63.6898	63.5792
23.0409	63.7731	63.5814
23.0512	63.5234	63.5831
23.0610	63.5234	63.5841
23.0710	63.7731	63.5858
23.0811	63.5234	63.5874
23.0911	63.4401	63.5881
23.1011	63.1905	63.5878
23.1101	63.5234	63.5877
23.1201	63.6898	63.5891
23.1311	63.2737	63.5898
23.1411	63.7731	63.5907
23.1511	63.2737	63.5916
23.1612	63.5234	63.5918
23.1712	63.3569	63.5922
23.1801	63.6898	63.5930
23.1912	63.6066	63.5947
23.2012	63.9395	63.5971
23.2112	63.1072	63.5979
23.2214	63.3569	63.5971
23.2311	63.2737	63.5967
23.2402	63.4401	63.5966
23.2512	63.4401	63.5969
23.2611	63.3569	63.5970
23.2712	63.1905	63.5964
23.2811	63.6898	63.5968
23.2911	63.7731	63.5989
23.3002	63.5234	63.6005
23.3112	63.1905	63.6003
23.3212	63.1905	63.5992
23.3312	63.3569	63.5985
23.3411	63.6066	63.5991
23.3511	62.9408	63.5985
23.3611	63.0240	63.5961
23.3701	62.7743	63.5932
23.3811	63.3569	63.5913
23.3912	63.4401	63.5915
23.4012	63.9395	63.5933
23.4111	63.6066	63.5957
23.4212	63.6898	63.5973
23.4302	63.7731	63.5994
23.4412	63.6066	63.6013
23.4513	63.0240	63.6009
23.4614	63.2737	63.5995
23.4711	63.9395	63.6008
23.4811	63.2737	63.6022
23.4901	63.2737	63.6015
23.5011	63.7731	63.6023
23.5113	62.9408	63.6022
23.5212	63.6898	63.6017
23.5311	64.0228	63.6046
23.5412	63.4401	63.6066
23.5501	63.1072	63.6059
23.5602	63.4401	63.6053
23.5713	63.1072	63.6046
23.5812	62.7743	63.6019
23.5912	63.6066	63.6007
23.6012	63.3569	63.6013
23.6103	63.1905	63.6006
23.6203	63.2737	63.5997
23.6312	63.6898	63.6003
23.6412	63.7731	63.6023
23.6512	63.8563	63.6049
23.6612	63.1072	63.6055
23.6702	63.3569	63.6045
23.6803	63.5234	63.6048
23.6913	63.0240	63.6042
23.7012	63.6898	63.6040
23.7112	63.1905	63.6043
23.7212	63.2737	63.6033
23.7299	62.8576	63.6014
23.7403	63.7731	63.6010
23.7512	63.4401	63.6023
23.7612	63.6066	63.6031
23.7712	63.3569	63.6037
23.7812	63.4401	63.6037
23.7902	63.2737	63.6035
23.8003	63.6066	63.6038
23.8103	63.0240	63.6034
23.8212	63.4401	63.6025
23.8313	63.8563	63.6040
23.8412	63.2737	63.6051
23.8504	63.3569	63.6046
23.8603	63.5234	63.6049
23.8702	63.3569	63.6052
23.8813	63.2737	63.6048
23.8912	62.9408	63.6031
23.9013	63.6066	63.6024
23.9104	63.4401	63.6032
23.9204	63.1072	63.6025
23.9303	63.4401	63.6018
23.9413	63.6066	63.6026
23.9513	63.5234	63.6037
23.9613	63.0240	63.6030
23.9704	63.5234	63.6023
23.9804	63.9395	63.6043
23.9903	63.3569	63.6059
24.0004	63.4401	63.6059
24.0114	63.6066	63.6067
24.0213	63.0240	63.6062
24.0305	63.2737	63.6048
24.0405	63.6066	63.6050
24.0504	63.4401	63.6058
24.0605	63.6898	63.6069
24.0715	63.1905	63.6071
24.0814	63.8563	63.6079
24.0905	63.7731	63.6104
24.1005	63.7731	63.6127
24.1105	63.4401	63.6140
24.1205	63.3569	63.6140
24.1314	63.1072	63.6130
24.1415	63.2737	63.6117
24.1504	63.3569	63.6112
24.1604	63.7731	63.6122
24.1704	63.5234	63.6137
24.1806	64.1060	63.6162
24.1915	63.6898	63.6192
24.2015	64.0228	63.6219
24.2105	63.1072	63.6229
24.2204	63.6898	63.6229
24.2306	63.4401	63.6238
24.2404	62.9408	63.6225
24.2505	63.4401	63.6212
24.2615	63.2737	63.6209
24.2715	63.1905	63.6199
24.2805	63.6066	63.6198
24.2905	63.4401	63.6206
24.3005	63.6066	63.6213
24.3104	63.3569	63.6217
24.3216	63.8563	63.6229
24.3314	63.4401	63.6244
24.3405	63.6898	63.6253
24.3505	63.1905	63.6255
24.3604	63.1072	63.6239
24.3705	63.6898	63.6239
24.3816	63.3569	63.6246
24.3914	63.9395	63.6260
24.4005	63.7731	63.6287
24.4105	63.7731	63.6309
24.4204	63.7731	63.6330
24.4306	63.6898	63.6349
24.4405	63.2737	63.6353
24.4515	64.0228	63.6367
24.4606	63.4401	63.6386
24.4705	63.8563	63.6399
24.4805	62.6911	63.6391
24.4906	63.7731	63.6379
24.5005	63.1072	63.6381
24.5115	63.6066	63.6377
24.5205	64.1060	63.6403
24.5306	63.2737	63.6419
24.5405	63.4401	63.6416
24.5506	63.0240	63.6404
24.5606	63.7731	63.6403
24.5715	63.0240	63.6402
24.5806	63.6066	63.6395
24.5905	63.3569	63.6399
24.6006	63.7731	63.6408
24.6106	63.2737	63.6414
24.6206	63.6066	63.6415
24.6315	63.2737	63.6416
24.6406	63.6066	63.6417
24.6506	63.4401	63.6423
24.6606	63.9395	63.6439
24.6706	62.7743	63.6435
24.6805	63.1072	63.6406
24.6907	63.6066	63.6402
24.7006	64.1060	63.6428
24.7106	63.1072	63.6439
24.7206	63.2737	63.6425
24.7307	62.9408	63.6406
24.7406	63.6066	63.6397
24.7507	63.1905	63.6395
24.7607	63.5234	63.6391
24.7706	63.4401	63.6395
24.7806	63.2737	63.6391
24.7906	63.5234	63.6389
24.8006	62.6079	63.6368
24.8106	63.3569	63.6342
24.8206	63.1905	63.6333
24.8306	63.6066	63.6331
24.8406	63.5234	63.6340
24.8519	63.6066	63.6349
24.8606	63.6898	63.6362
24.8706	63.9395	63.6386
24.8806	63.2737	63.6397
24.8907	62.7743	63.6373
24.9006	63.1072	63.6344
24.9107	63.4401	63.6335
24.9207	63.2737	63.6331
24.9307	63.5234	63.6329
24.9407	63.4401	63.6333
24.9507	63.1072	63.6324
24.9607	63.6898	63.6323
24.9706	62.9408	63.6316
24.9808	63.3569	63.6300
24.9907	63.3569	63.6296
25.0007	63.1072	63.6285
25.0107	63.1905	63.6269
25.0207	64.1892	63.6285
25.0307	63.2737	63.6304
25.0407	63.2737	63.6295
25.0507	63.9395	63.6306
25.0607	63.2737	63.6317
25.0707	62.8576	63.6296
25.0807	63.2737	63.6274
25.0907	63.4401	63.6270
25.1008	63.6066	63.6277
25.1107	62.9408	63.6268
25.1207	63.1905	63.6247
25.1307	63.7731	63.6250
25.1408	63.5234	63.6264
25.1507	63.1072	63.6258
25.1608	63.8563	63.6261
25.1707	63.6898	63.6283
25.1808	63.6066	63.6296
25.1908	63.4401	63.6302
25.2008	63.7731	63.6313
25.2107	63.3569	63.6322
25.2209	63.1072	63.6310
25.2308	63.6898	63.6308
25.2409	63.6898	63.6324
25.2509	64.1060	63.6353
25.2608	63.1072	63.6364
25.2708	63.2737	63.6349
25.2809	63.7731	63.6355
25.2908	63.6898	63.6373
25.3009	62.9408	63.6367
25.3109	63.7731	63.6362
25.3208	63.5234	63.6376
25.3308	63.6066	63.6384
25.3411	63.4401	63.6389
25.3509	63.6066	63.6395
25.3609	63.7731	63.6411
25.3708	62.9408	63.6406
25.3808	63.5234	63.6394
25.3908	62.8576	63.6380
25.4008	63.4401	63.6363
25.4108	63.2737	63.6359
25.4208	63.1072	63.6344
25.4308	63.6066	63.6340
25.4408	63.7731	63.6356
25.4508	63.6066	63.6372
25.4609	63.6898	63.6385
25.4709	63.4401	63.6393
25.4809	63.6066	63.6399
25.4909	63.6898	63.6412
25.5009	63.3569	63.6417
25.5109	63.3569	63.6413
25.5209	63.6898	63.6418
25.5309	63.4401	63.6426
25.5409	63.8563	63.6439
25.5509	63.1072	63.6442
25.5608	63.4401	63.6432
25.5709	63.4401	63.6433
25.5809	63.5234	63.6436
25.5909	62.6079	63.6414
25.6009	62.9408	63.6374
25.6109	64.1060	63.6380
25.6209	63.7731	63.6410
25.6310	63.1072	63.6411
25.6409	63.3569	63.6398
25.6509	63.3569	63.6394
25.6609	63.4401	63.6392
25.6709	63.5234	63.6395
25.6810	63.1072	63.6388
25.6910	63.6898	63.6386
25.7009	63.5234	63.6396
25.7110	63.6898	63.6407
25.7210	63.1072	63.6405
25.7310	63.0240	63.6382
25.7410	63.6898	63.6378
25.7511	63.2737	63.6381
25.7601	63.6066	63.6381
25.7712	62.7743	63.6367
25.7811	63.2737	63.6342
25.7911	63.8563	63.6350
25.8011	63.5234	63.6366
25.8111	63.4401	63.6369
25.8202	63.7731	63.6379
25.8312	63.4401	63.6390
25.8411	63.3569	63.6388
25.8512	63.2737	63.6381
25.8611	63.5234	63.6378
25.8711	63.9395	63.6396
25.8803	62.9408	63.6397
25.8912	63.7731	63.6392
25.9011	63.4401	63.6403
25.9112	63.9395	63.6418
25.9211	63.2737	63.6429
25.9313	63.2737	63.6419
25.9411	63.4401	63.6414
25.9511	63.7731	63.6424
25.9615	63.6066	63.6440
25.9711	63.2737	63.6440
25.9810	63.6066	63.6440
25.9910	63.5234	63.6448
26.0010	63.1072	63.6440
26.0102	63.8563	63.6443
26.0211	63.6066	63.6460
26.0311	63.4401	63.6465
26.0410	63.7731	63.6475
26.0511	63.6066	63.6490
26.0610	63.7731	63.6505
26.0701	63.2737	63.6510
26.0811	63.4401	63.6505
26.0931	63.6066	63.6510
26.1011	63.8563	63.6528
26.1111	63.4401	63.6540
26.1210	63.2737	63.6534
26.1301	64.2725	63.6554
26.1411	63.5234	63.6581
26.1511	63.1072	63.6573
26.1611	63.2737	63.6557
26.1712	62.6079	63.6527
26.1811	63.7731	63.6512
26.1901	63.6898	63.6529
26.2001	63.6898	63.6544
26.2111	63.4401	63.6551
26.2211	64.0228	63.6568
26.2311	63.2737	63.6580
26.2411	63.3569	63.6572
26.2501	63.5234	63.6572
26.2602	62.7743	63.6554
26.2711	63.6066	63.6538
26.2812	63.6898	63.6551
26.2912	63.1072	63.6548
26.3012	63.2737	63.6532
26.3103	64.0228	63.6544
26.3202	63.6066	63.6567
26.3311	62.8576	63.6554
26.3412	63.1072	63.6526
26.3512	63.6066	63.6520
26.3612	63.1072	63.6515
26.3702	63.2737	63.6500
26.3802	63.1072	63.6485
26.3912	62.6079	63.6449
26.4012	63.4401	63.6424
26.4111	63.2737	63.6419
26.4212	63.3569	63.6412
26.4302	63.7731	63.6420
26.4402	63.6066	63.6435
26.4502	63.6898	63.6447
26.4612	63.6066	63.6460
26.4712	63.1905	63.6457
26.4811	63.6898	63.6457
26.4902	63.2737	63.6459
26.5002	63.4401	63.6454
26.5103	63.6898	63.6462
26.5212	63.6066	63.6474
26.5312	63.2737	63.6474
26.5412	63.6898	63.6476
26.5504	63.6066	63.6488
26.5603	63.6066	63.6498
26.5704	63.6066	63.6507
26.5812	63.2737	63.6507
26.5912	63.5234	63.6504
26.6013	63.4401	63.6506
26.6103	63.1905	63.6498
26.6204	63.1072	63.6480
26.6304	63.6066	63.6475
26.6402	63.4401	63.6480
26.6514	63.2737	63.6474
26.6614	63.4401	63.6469
26.6714	63.9395	63.6484
26.6803	63.0240	63.6486
26.6904	63.6066	63.6478
26.7002	63.6066	63.6487
26.7119	63.5234	63.6495
26.7213	63.4401	63.6497
26.7312	63.7731	63.6506
26.7404	63.3569	63.6513
26.7505	63.1905	63.6503
26.7603	63.3569	63.6492
26.7714	62.8576	63.6472
26.7813	63.4401	63.6454
26.7913	63.3569	63.6451
26.8003	64.1060	63.6468
26.8103	63.0240	63.6476
26.8203	63.2737	63.6458
26.8313	63.6898	63.6460
26.8413	63.4401	63.6467
26.8514	63.9395	63.6482
26.8603	63.3569	63.6494
26.8703	63.4401	63.6491
26.8803	63.5234	63.6493
26.8904	63.6898	63.6502
26.9013	63.7731	63.6519
26.9113	63.3569	63.6526
26.9204	64.1892	63.6545
26.9305	63.8563	63.6580
26.9404	63.4401	63.6591
26.9504	63.5234	63.6593
26.9613	63.8563	63.6607
26.9714	64.2725	63.6643
26.9804	63.2737	63.6662
26.9903	64.2725	63.6681
27.0004	62.9408	63.6690
27.0104	63.7731	63.6683
27.0214	63.4401	63.6692
27.0315	63.5234	63.6693
27.0404	63.3569	63.6692
27.0504	63.6898	63.6695
27.0604	63.9395	63.6716
27.0692	63.6898	63.6737
27.0804	63.6066	63.6748
27.0915	63.3569	63.6749
27.1005	63.1072	63.6735
27.1104	63.8563	63.6736
27.1205	63.5234	63.6749
27.1304	63.6066	63.6755
27.1405	63.2737	63.6753
27.1515	63.5234	63.6749
27.1605	63.6066	63.6755
27.1706	64.0228	63.6776
27.1805	63.4401	63.6791
27.1905	63.7731	63.6800
27.2005	63.1072	63.6798
27.2116	63.7731	63.6796
27.2215	63.3569	63.6801
27.2307	63.6066	63.6802
27.2406	63.4401	63.6805
27.2506	63.6898	63.6811
27.2607	63.6898	63.6824
27.2716	63.2737	63.6824
27.2816	64.1892	63.6840
27.2906	63.6066	63.6865
27.3006	63.8563	63.6880
27.3106	63.6066	63.6896
27.3207	63.7731	63.6908
27.3305	63.5234	63.6918
27.3416	63.8563	63.6931
27.3506	62.6079	63.6916
27.3606	62.9408	63.6874
27.3706	63.7731	63.6866
27.3806	63.7731	63.6884
27.3906	63.1072	63.6882
27.4016	63.5234	63.6872
27.4106	63.6066	63.6877
27.4205	63.6066	63.6885
27.4307	63.2737	63.6882
27.4407	63.9395	63.6890
27.4506	63.6898	63.6910
27.4616	64.0228	63.6933
27.4708	64.0228	63.6965
27.4806	63.9395	63.6995
27.4907	63.3569	63.7004
27.5006	63.5234	63.7002
27.5106	63.0240	63.6989
27.5207	63.6898	63.6981
27.5307	63.4401	63.6985
27.5406	63.2737	63.6978
27.5506	62.9408	63.6955
27.5606	63.2737	63.6932
27.5710	62.9408	63.6909
27.5805	63.6898	63.6899
27.5917	63.4401	63.6904
27.5991	63.1905	63.6894
27.6112	63.2737	63.6879
27.6218	63.4401	63.6872
27.6519	63.2737	63.6864
27.6606	63.2737	63.6852
27.6706	63.4401	63.6844
27.6807	63.7731	63.6852
27.6906	63.8563	63.6872
27.7007	63.1905	63.6875
27.7106	63.1072	63.6855
27.7207	62.9408	63.6827
27.7307	63.7731	63.6820
27.7407	63.4401	63.6828
27.7507	63.1905	63.6818
27.7607	63.3569	63.6805
27.7707	63.7731	63.6811
27.7807	63.2737	63.6813
27.7907	63.6898	63.6814
27.8007	63.9395	63.6834
27.8108	63.2737	63.6841
27.8207	63.2737	63.6829
27.8308	62.9408	63.6807
27.8407	63.7731	63.6799
27.8508	63.7731	63.6817
27.8608	63.1072	63.6815
27.8708	63.5234	63.6805
27.8808	63.2737	63.6800
27.8907	63.6066	63.6798
27.9007	63.2737	63.6796
27.9107	62.9408	63.6774
27.9207	63.1072	63.6746
27.9308	63.3569	63.6732
27.9410	63.3569	63.6725
27.9509	63.7731	63.6730
27.9608	63.1072	63.6728
27.9707	62.6079	63.6691
27.9808	63.6066	63.6669
27.9907	63.6066	63.6677
28.0007	63.0240	63.6668
28.0109	63.5234	63.6656
28.0208	63.5234	63.6659
28.0307	62.8576	63.6643
28.0408	63.4401	63.6623
28.0508	63.3569	63.6619
28.0607	63.1072	63.6605
28.0708	63.9395	63.6609
28.0808	63.6066	63.6627
28.0908	63.7731	63.6640
28.1008	63.6898	63.6656
28.1105	63.6066	63.6667
28.1208	63.4401	63.6670
28.1308	63.3569	63.6666
28.1403	62.9408	63.6647
28.1508	63.2737	63.6625
28.1609	63.4401	63.6618
28.1709	63.2737	63.6612
28.1809	63.3569	63.6602
28.1909	63.6898	63.6606
28.2008	63.3569	63.6609
28.2109	63.2737	63.6600
28.2209	63.2737	63.6588
28.2309	62.8576	63.6564
28.2409	63.1072	63.6535
28.2508	62.9408	63.6509
28.2608	63.2737	63.6488
28.2708	63.6898	63.6489
28.2808	63.9395	63.6510
28.2909	63.3569	63.6521
28.3009	63.9395	63.6533
28.3109	63.1072	63.6536
28.3209	63.4401	63.6525
28.3309	62.8576	63.6506
28.3408	62.6079	63.6462
28.3509	63.9395	63.6451
28.3609	63.6066	63.6470
28.3709	63.6066	63.6479
28.3809	63.4401	63.6483
28.3909	63.7731	63.6491
28.4009	63.1072	63.6490
28.4109	62.6911	63.6456
28.4214	63.6066	63.6438
28.4310	63.3569	63.6439
28.4410	63.2737	63.6431
28.4509	63.1072	63.6415
28.4609	63.1072	63.6394
28.4709	63.8563	63.6396
28.4811	63.6898	63.6415
28.4910	62.9408	63.6406
28.5010	63.6898	63.6398
28.5111	63.6066	63.6410
28.5200	63.1072	63.6404
28.5313	63.6066	63.6398
28.5410	62.6911	63.6380
28.5510	63.4401	63.6357
28.5610	63.1072	63.6346
28.5710	62.9408	63.6320
28.5810	63.6066	63.6310
28.5910	63.0240	63.6302
28.6011	63.2737	63.6284
28.6110	63.4401	63.6279
28.6211	63.0240	63.6266
28.6310	63.4401	63.6253
28.6410	63.1072	63.6243
28.6500	63.6898	63.6240
28.6610	63.5234	63.6250
28.6710	63.4401	63.6252
28.6810	62.9408	63.6237
28.6914	63.9395	63.6236
28.7010	63.9395	63.6266
28.7110	63.6066	63.6286
28.7210	63.5234	63.6293
28.7310	63.7731	63.6305
28.7408	63.1072	63.6304
28.7510	63.4401	63.6294
28.7610	63.4401	63.6293
28.7700	63.2737	63.6287
28.7810	63.1072	63.6272
28.7911	62.9408	63.6246
28.8010	63.2737	63.6226
28.8110	63.2737	63.6216
28.8210	63.7731	63.6220
28.8310	63.6066	63.6235
28.8400	63.6066	63.6245
28.8510	62.8576	63.6232
28.8611	63.7731	63.6224
28.8710	63.2737	63.6229
28.8811	63.7731	63.6233
28.8910	63.4401	63.6243
28.9000	63.4401	63.6242
28.9111	63.1072	63.6232
28.9212	62.8576	63.6204
28.9311	63.6066	63.6191
28.9410	63.1905	63.6188
28.9511	63.1072	63.6171
28.9601	63.2737	63.6155
28.9712	63.5234	63.6153
28.9811	63.1072	63.6145
28.9911	63.0240	63.6122
29.0011	63.6898	63.6117
29.0111	63.4401	63.6125
29.0201	63.7731	63.6135
29.0312	63.6066	63.6150
29.0411	63.6066	63.6160
29.0512	63.7731	63.6175
29.0612	63.2737	63.6179
29.0711	63.0240	63.6162
29.0801	63.9395	63.6164
29.0901	62.9408	63.6164
29.1011	63.6066	63.6154
29.1111	63.4401	63.6158
29.1211	63.2737	63.6153
29.1311	63.2737	63.6143
29.1401	63.2737	63.6133
29.1501	63.1072	63.6118
29.1611	62.4414	63.6078
29.1713	63.7731	63.6058
29.1812	63.7731	63.6078
29.1912	63.1072	63.6078
29.2002	63.1905	63.6061
29.2101	64.0228	63.6071
29.2212	63.1905	63.6081
29.2313	63.4401	63.6074
29.2412	63.7731	63.6084
29.2512	62.9408	63.6079
29.2603	63.4401	63.6064
29.2702	63.1072	63.6054
29.2805	63.9395	63.6059
29.2913	63.1905	63.6067
29.3013	62.4414	63.6030
29.3112	62.7743	63.5980
29.3203	62.9408	63.5945
29.3303	63.4401	63.5931
29.3402	63.6066	63.5937
29.3513	63.3569	63.5940
29.3612	63.7731	63.5948
29.3712	63.1905	63.5951
29.3813	63.7731	63.5954
29.3903	63.2737	63.5960
29.4003	63.7731	63.5965
29.4113	63.6066	63.5981
29.4212	63.5234	63.5989
29.4315	63.7731	63.6002
29.4412	63.4401	63.6012
29.4503	62.9408	63.5998
29.4604	64.1060	63.6003
29.4713	63.7731	63.6033
29.4813	63.6066	63.6049
29.4912	63.6066	63.6059
29.5002	63.2737	63.6059
29.5104	63.1072	63.6044
29.5202	63.6066	63.6040
29.5302	63.6898	63.6052
29.5413	63.3569	63.6057
29.5512	63.2737	63.6050
29.5612	63.7731	63.6055
29.5703	63.7731	63.6076
29.5802	63.6066	63.6091
29.5904	63.1072	63.6086
29.6013	63.4401	63.6076
29.6112	62.6911	63.6054
29.6212	63.4401	63.6031
29.6304	63.7731	63.6041
29.6403	62.7743	63.6032
29.6502	63.7731	63.6022
29.6613	63.4401	63.6032
29.6713	64.1060	63.6053
29.6812	62.9408	63.6058
29.6904	63.5234	63.6046
29.7003	63.1072	63.6038
29.7103	63.0240	63.6016
29.7203	63.5234	63.6007
29.7313	63.6066	63.6014
29.7414	63.8563	63.6032
29.7504	62.8576	63.6028
29.7604	64.0228	63.6028
29.7704	63.6898	63.6053
29.7804	62.9408	63.6046
29.7914	63.5234	63.6034
29.8014	63.6066	63.6041
29.8105	63.4401	63.6047
29.8203	63.3569	63.6044
29.8304	63.8563	63.6054
29.8405	63.7731	63.6077
29.8513	63.2737	63.6082
29.8615	63.1072	63.6067
29.8705	63.1072	63.6047
29.8804	63.2737	63.6033
29.8905	63.7731	63.6038
29.9005	63.3569	63.6046
29.9114	62.7743	63.6023
29.9215	63.2737	63.5999
29.9306	62.9408	63.5979
29.9405	63.2737	63.5960
29.9505	63.9395	63.5970
29.9604	63.6898	63.5993
29.9705	63.5234	63.6004
29.9815	62.9408	63.5991
29.9905	63.7731	63.5987
30.0005	62.9408	63.5982
30.0104	63.4401	63.5968
30.0204	63.6898	63.5976
30.0305	63.7731	63.5994
30.0414	63.1905	63.5997
30.0505	62.8576	63.5972
30.0604	63.3569	63.5952
30.0704	63.1072	63.5941
30.0804	64.2725	63.5956
30.0906	63.6066	63.5987
30.1015	63.1905	63.5985
30.1115	63.7731	63.5988
30.1205	63.6066	63.6003
30.1305	62.7743	63.5988
30.1404	63.6066	63.5974
30.1505	63.1072	63.5969
30.1606	63.6066	63.5965
30.1714	63.4401	63.5970
30.1806	63.4401	63.5971
30.1905	63.2737	63.5966
30.2005	63.4401	63.5962
30.2106	63.4401	63.5962
30.2208	63.5234	63.5965
30.2315	63.2737	63.5963
30.2405	63.6066	63.5964
30.2505	63.1905	63.5962
30.2606	63.5234	63.5957
30.2706	63.4401	63.5960
30.2805	63.7731	63.5971
30.2915	63.4401	63.5981
30.3005	63.4401	63.5982
30.3105	63.1072	63.5972
30.3207	63.1072	63.5953
30.3306	63.6898	63.5951
30.3405	63.7731	63.5969
30.3515	63.5234	63.5982
30.3605	63.7731	63.5995
30.3705	63.4401	63.6005
30.3806	63.9395	63.6020
30.3906	63.6066	63.6041
30.4006	62.7743	63.6026
30.4105	63.1072	63.5996
30.4205	63.6898	63.5994
30.4306	63.8563	63.6014
30.4406	63.6066	63.6032
30.4505	63.6066	63.6042
30.4606	63.2737	63.6042
30.4705	63.6898	63.6045
30.4805	63.6898	63.6060
30.4906	62.7743	63.6048
30.5007	63.0240	63.6015
30.5112	63.4401	63.6003
30.5206	63.4401	63.6003
30.5305	63.1072	63.5994
30.5406	62.9408	63.5969
30.5505	62.9408	63.5939
30.5606	63.4401	63.5925
30.5706	63.6898	63.5933
30.5806	63.1072	63.5931
30.5906	63.2737	63.5917
30.6006	63.4401	63.5912
30.6107	63.6898	63.5920
30.6206	63.4401	63.5928
30.6307	63.4401	63.5929
30.6406	63.2737	63.5925
30.6510	63.7731	63.5930
30.6607	62.6079	63.5916
30.6706	63.9395	63.5906
30.6807	64.0228	63.5940
30.6907	63.7731	63.5968
30.7006	63.6066	63.5983
30.7107	62.9408	63.5973
30.7206	63.6066	63.5964
30.7306	62.7743	63.5949
30.7406	62.9408	63.5915
30.7507	63.5234	63.5903
30.7607	63.1072	63.5896
30.7707	62.9408	63.5872
30.7807	63.2737	63.5852
30.7908	63.2737	63.5843
30.8007	63.8563	63.5852
30.8107	63.6898	63.5872
30.8207	63.2737	63.5876
30.8308	63.8563	63.5884
30.8407	63.6898	63.5905
30.8509	63.1905	63.5906
30.8608	63.6898	63.5906
30.8707	63.1072	63.5904
30.8808	63.2737	63.5890
30.8908	63.3569	63.5883
30.9008	63.4401	63.5882
30.9112	63.3569	63.5880
30.9208	63.6898	63.5885
30.9308	63.1072	63.5884
30.9408	63.2737	63.5869
30.9507	63.2737	63.5860
30.9607	63.1905	63.5848
30.9708	64.1060	63.5862
30.9807	63.9395	63.5898
30.9907	63.6898	63.5921
31.0009	63.4401	63.5929
31.0107	63.7731	63.5940
31.0208	63.4401	63.5950
31.0308	62.9408	63.5936
31.0407	64.0228	63.5938
31.0507	63.5234	63.5959
31.0609	63.6066	63.5967
31.0707	63.6898	63.5980
31.0808	63.6066	63.5993
31.1017	63.8563	63.6010
31.1140	63.7731	63.6033
31.1235	63.6898	63.6051
31.1308	63.4401	63.6058
31.1408	63.4401	63.6058
31.1508	63.6066	63.6063
31.1608	63.8563	63.6081
31.1708	63.9395	63.6108
31.1808	63.4401	63.6123
31.1909	63.7731	63.6133
31.2008	63.1072	63.6132
31.2108	63.1072	63.6112
31.2208	63.1072	63.6092
31.2309	63.6066	63.6087
31.2411	62.8576	63.6074
31.2510	63.9395	63.6072
31.2610	63.6066	63.6091
31.2711	63.4401	63.6096
31.2809	63.1072	63.6086
31.2909	63.9395	63.6091
31.3009	63.1905	63.6098
31.3110	63.2737	63.6086
31.3210	63.4401	63.6081
31.3309	63.3569	63.6078
31.3409	63.1072	63.6065
31.3509	63.1072	63.6045
31.3608	63.4401	63.6035
31.3711	63.1072	63.6025
31.3810	63.6066	63.6020
31.3909	62.9408	63.6010
31.4011	63.3569	63.5993
31.4111	64.1060	63.6011
31.4210	63.4401	63.6031
31.4311	63.9395	63.6046
31.4410	63.6066	63.6066
31.4509	63.8563	63.6084
31.4621	63.2737	63.6091
31.4710	63.7731	63.6096
31.4801	63.4401	63.6106
31.4910	63.4401	63.6105
31.5010	63.5234	63.6108
31.5112	63.3569	63.6107
31.5211	62.9408	63.6090
31.5310	63.3569	63.6072
31.5401	63.7731	63.6079
31.5510	63.4401	63.6089
31.5609	63.4401	63.6089
31.5713	63.4401	63.6089
31.5810	63.1072	63.6079
31.5910	63.6066	63.6074
31.6010	63.4401	63.6078
31.6111	63.6066	63.6083
31.6210	63.4401	63.6088
31.6310	63.6066	63.6093
31.6409	63.4401	63.6098
31.6510	63.6066	63.6102
31.6611	63.1072	63.6097
31.6710	63.3569	63.6084
31.6810	63.7731	63.6092
31.6912	63.1905	63.6094
31.7011	63.1072	63.6076
31.7110	63.7731	63.6076
31.7212	63.2737	63.6081
31.7301	63.1072	63.6066
31.7410	63.7731	63.6066
31.7512	63.1072	63.6066
31.7610	62.9408	63.6040
31.7710	63.7731	63.6035
31.7810	63.5234	63.6048
31.7900	63.6066	63.6055
31.8010	63.1072	63.6050
31.8112	63.4401	63.6040
31.8210	63.8563	63.6053
31.8310	63.5234	63.6068
31.8412	63.6066	63.6075
31.8500	63.4401	63.6080
31.8611	63.0240	63.6067
31.8712	63.6898	63.6062
31.8810	63.5234	63.6072
31.8911	63.4401	63.6075
31.9012	62.8576	63.6057
31.9101	63.8563	63.6052
31.9211	63.5234	63.6067
31.9311	63.2737	63.6064
31.9411	63.7731	63.6069
31.9512	63.4401	63.6079
31.9614	63.6066	63.6084
31.9700	63.2737	63.6084
31.9802	63.7731	63.6089
31.9912	63.6066	63.6103
32.0011	63.1905	63.6101
32.0111	62.7743	63.6073
32.0212	63.3569	63.6050
32.0301	63.7731	63.6058
32.0402	63.6066	63.6073
32.0511	63.1072	63.6067
32.0612	63.5234	63.6060
32.0711	63.3569	63.6060
32.0811	63.2737	63.6052
32.0904	63.8563	63.6060
32.1001	63.9395	63.6087
32.1111	62.9408	63.6087
32.1211	63.7731	63.6082
32.1312	63.4401	63.6091
32.1411	62.7743	63.6071
32.1512	63.6066	63.6056
32.1602	62.9408	63.6046
32.1702	62.9408	63.6016
32.1812	62.8576	63.5983
32.1912	63.4401	63.5966
32.2013	63.5234	63.5969
32.2112	62.9408	63.5957
32.2206	62.8576	63.5924
32.2302	62.9408	63.5892
32.2412	63.4401	63.5878
32.2512	63.6066	63.5883
32.2612	63.4401	63.5889
32.2705	63.1072	63.5880
32.2803	63.2737	63.5865
32.2902	63.6066	63.5866
32.3013	63.4401	63.5871
32.3113	63.9395	63.5887
32.3213	62.5247	63.5875
32.3313	63.4401	63.5848
32.3404	63.2737	63.5844
32.3502	62.7743	63.5820
32.3613	63.0240	63.5788
32.3713	63.6898	63.5784
32.3813	63.4401	63.5793
32.3913	63.1072	63.5784
32.4003	63.9395	63.5790
32.4102	63.5234	63.5808
32.4203	63.4401	63.5811
32.4314	63.2737	63.5807
32.4413	63.1905	63.5796
32.4512	63.6066	63.5794
32.4614	63.2737	63.5795
32.4703	62.6079	63.5766
32.4802	63.1905	63.5735
32.4912	63.3569	63.5726
32.5012	63.0240	63.5712
32.5113	63.4401	63.5701
32.5202	63.7731	63.5712
32.5319	63.5234	63.5726
32.5403	62.6079	63.5704
32.5514	63.2737	63.5676
32.5613	63.6898	63.5679
32.5713	63.1072	63.5678
32.5803	63.6066	63.5675
32.5903	64.1060	63.5701
32.6003	63.2737	63.5717
32.6103	63.3569	63.5711
32.6213	63.6066	63.5715
32.6313	63.7731	63.5731
32.6437	63.1072	63.5732
32.6503	62.9408	63.5708
32.6603	63.6898	63.5702
32.6703	62.6079	63.5686
32.6814	63.1072	63.5652
32.6913	63.5234	63.5646
32.7009	63.2737	63.5645
32.7103	63.4401	63.5642
32.7204	63.7731	63.5653
32.7304	63.1072	63.5655
32.7414	63.1905	63.5638
32.7513	63.0240	63.5620
32.7604	63.7731	63.5619
32.7704	63.1905	63.5623
32.7804	63.6898	63.5625
32.7904	63.1905	63.5626
32.8014	63.6066	63.5625
32.8114	63.1905	63.5624
32.8204	63.4401	63.5618
32.8304	63.7731	63.5630
32.8404	63.5234	63.5644
32.8504	63.7731	63.5658
32.8605	63.8563	63.5682
32.8714	63.4401	63.5696
32.8814	63.3569	63.5695
32.8905	63.6066	63.5698
32.9005	63.1072	63.5695
32.9104	63.3569	63.5683
32.9205	62.6079	63.5657
32.9315	63.5234	63.5636
32.9415	63.4401	63.5640
32.9505	63.2737	63.5637
32.9606	63.1072	63.5623
32.9704	62.9408	63.5600
32.9804	63.3569	63.5584
32.9912	63.4401	63.5583
33.0005	63.3569	63.5582
33.0104	63.7731	63.5591
33.0205	63.0240	63.5591
33.0305	63.6066	63.5585
33.0404	63.3569	63.5589
33.0505	63.7731	63.5598
33.0615	63.6898	63.5617
33.0704	63.4401	63.5626
33.0805	63.4401	63.5628
33.0905	63.4401	63.5630
33.1005	63.6066	63.5636
33.1105	63.9395	63.5658
33.1215	63.1072	63.5664
33.1305	63.4401	63.5656
33.1406	63.6066	63.5662
33.1505	62.6079	63.5644
33.1605	63.3569	63.5618
33.1705	63.6066	63.5622
33.1815	64.1060	63.5648
33.1905	63.2737	63.5665
33.2005	63.2737	63.5656
33.2105	62.9408	63.5638
33.2205	62.2750	63.5589
33.2306	63.1072	63.5546
33.2416	63.1072	63.5528
33.2506	63.7731	63.5530
33.2605	63.3569	63.5539
33.2705	63.4401	63.5539
33.2806	62.7743	63.5521
33.2907	63.2737	63.5498
33.3006	63.2737	63.5490
33.3106	63.7731	63.5497
33.3206	63.1072	63.5499
33.3305	63.3569	63.5489
33.3406	63.0240	63.5476
33.3507	64.0228	63.5483
33.3606	63.2737	63.5498
33.3707	64.2725	63.5520
33.3806	63.1072	63.5537
33.3906	62.8576	63.5512
33.4006	63.3569	63.5494
33.4106	63.5234	63.5496
33.4206	62.6911	63.5478
33.4307	63.6066	63.5463
33.4406	63.4401	63.5470
33.4506	64.1060	63.5492
33.4607	62.9408	63.5500
33.4707	63.1072	63.5477
33.4807	63.3569	63.5467
33.4907	63.3569	63.5464
33.5007	63.4401	63.5464
33.5107	64.1060	63.5486
33.5207	63.2737	63.5503
33.5307	63.3569	63.5498
33.5408	63.6066	63.5502
33.5507	63.4401	63.5510
33.5606	63.3569	63.5509
33.5707	63.6066	63.5514
33.5808	63.6066	63.5526
33.5906	63.7731	63.5543
33.6007	63.4401	63.5555
33.6107	63.7731	63.5567
33.6207	63.2737	63.5574
33.6308	63.4401	63.5570
33.6407	62.8576	63.5555
33.6507	63.6066	63.5544
33.6608	63.1072	63.5541
33.6707	63.1905	63.5526
33.6807	63.3569	63.5518
33.6908	63.5234	63.5520
33.7007	63.3569	63.5522
33.7108	63.4401	63.5521
33.7208	63.2737	63.5518
33.7307	63.1072	63.5505
33.7408	63.1905	63.5490
33.7508	63.2737	63.5480
33.7608	63.1905	63.5469
33.7706	63.4401	63.5464
33.7808	63.6898	63.5474
33.7907	63.5234	63.5486
33.8008	63.4401	63.5491
33.8107	64.2725	63.5518
33.8207	63.2737	63.5540
33.8308	63.3569	63.5534
33.8407	63.2737	63.5529
33.8507	63.7731	63.5536
33.8608	63.6066	63.5553
33.8707	63.3569	63.5557
33.8807	62.7743	63.5537
33.8908	62.6911	63.5496
33.9008	63.6066	63.5481
33.9107	62.9408	63.5473
33.9208	63.4401	63.5460
33.9308	63.7731	63.5472
33.9407	63.1072	63.5475
33.9508	63.9395	63.5482
33.9608	63.1905	63.5492
33.9708	63.4401	63.5486
33.9809	63.5234	63.5491
33.9908	63.2737	63.5491
34.0008	63.6066	63.5493
34.0109	62.9408	63.5485
34.0208	63.1905	63.5465
34.0308	63.1072	63.5450
34.0408	63.1072	63.5432
34.0507	63.1905	63.5417
34.0608	63.2737	63.5407
34.0708	62.6079	63.5379
34.0808	63.1072	63.5347
34.0909	63.1072	63.5330
34.1008	62.9408	63.5308
34.1108	63.2737	63.5291
34.1208	62.6079	63.5264
34.1309	63.4401	63.5242
34.1410	63.1072	63.5235
34.1510	63.0240	63.5216
34.1609	63.2737	63.5201
34.1709	63.2737	63.5195
34.1810	63.5234	63.5195
34.1909	63.6066	63.5206
34.2010	63.5234	63.5217
34.2110	63.0240	63.5210
34.2209	63.6898	63.5209
34.2310	63.3569	63.5217
34.2411	63.7731	63.5228
34.2510	63.6898	63.5249
34.2609	63.6066	63.5264
34.2711	63.1905	63.5265
34.2810	63.6066	63.5266
34.2910	63.1072	63.5264
34.3011	63.4401	63.5257
34.3110	62.6079	63.5235
34.3209	63.6898	63.5221
34.3311	63.4401	63.5232
34.3410	63.4401	63.5235
34.3509	63.5234	63.5241
34.3611	63.4401	63.5247
34.3700	63.5234	63.5252
34.3810	63.3569	63.5255
34.3911	63.6898	63.5264
34.4010	62.9408	63.5259
34.4110	62.6911	63.5225
34.4210	63.6066	63.5211
34.4309	63.4401	63.5219
34.4410	63.7731	63.5233
34.4512	63.4401	63.5246
34.4609	63.4401	63.5249
34.4710	62.9408	63.5237
34.4809	63.9395	63.5241
34.4909	63.4401	63.5259
34.5009	63.2737	63.5257
34.5109	63.6066	63.5260
34.5209	63.7731	63.5278
34.5309	63.7731	63.5302
34.5409	63.2737	63.5310
34.5509	63.1072	63.5298
34.5612	63.2737	63.5286
34.5710	62.7743	63.5264
34.5810	63.0240	63.5235
34.5910	62.6911	63.5203
34.6011	62.9408	63.5169
34.6109	62.6079	63.5132
34.6200	62.8576	63.5094
34.6311	63.1072	63.5070
34.6409	63.4401	63.5064
34.6511	62.6079	63.5043
34.6610	62.7743	63.5002
34.6709	62.9408	63.4971
34.6802	63.4401	63.4961
34.6910	63.3569	63.4963
34.7009	63.2737	63.4959
34.7110	63.4401	63.4959
34.7210	63.1905	63.4956
34.7310	63.4401	63.4953
34.7400	63.7731	63.4967
34.7511	63.2737	63.4977
34.7611	62.7743	63.4956
34.7710	62.9408	63.4926
34.7810	63.2737	63.4910
34.7910	63.5234	63.4912
34.8001	63.4401	63.4919
34.8100	63.6066	63.4929
34.8211	63.6066	63.4944
34.8311	63.6898	63.4961
34.8412	63.7731	63.4983
34.8512	63.7731	63.5007
34.8601	63.2737	63.5017
34.8701	63.9395	63.5031
34.8812	63.2737	63.5045
34.8912	63.6066	63.5049
34.9011	63.2737	63.5054
34.9111	63.6066	63.5058
34.9201	63.3569	63.5064
34.9301	63.1905	63.5059
34.9411	63.4401	63.5055
34.9511	63.3569	63.5057
34.9611	63.3569	63.5056
34.9711	63.3569	63.5055
34.9801	63.6066	63.5062
34.9901	63.0240	63.5059
35.0011	63.3569	63.5048
35.0111	63.2737	63.5044
35.0213	62.8576	63.5026
35.0311	63.5234	63.5015
35.0411	62.9408	63.5007
35.0501	63.4401	63.4997
35.0601	63.2737	63.4996
35.0711	63.2737	63.4990
35.0811	63.2737	63.4985
35.0911	63.1072	63.4974
35.1011	62.9408	63.4954
35.1102	62.7743	63.4923
35.1202	62.7743	63.4888
35.1311	63.2737	63.4868
35.1411	63.1905	63.4860
35.1511	62.7743	63.4838
35.1611	63.4401	63.4823
35.1703	63.3569	63.4825
35.1801	63.6898	63.4836
35.1912	63.1072	63.4838
35.2012	62.8576	63.4816
35.2112	63.0240	63.4791
35.2211	63.5234	63.4786
35.2302	63.1072	63.4784
35.2402	63.7731	63.4789
35.2502	64.0228	63.4822
35.2612	63.5234	63.4847
35.2712	63.4401	63.4855
35.2812	63.1072	63.4850
35.2903	63.1072	63.4835
35.3002	63.4401	63.4830
35.3102	62.9408	63.4820
35.3212	63.2737	63.4806
35.3312	62.6079	63.4781
35.3412	63.4401	63.4761
35.3502	63.1905	63.4759
35.3602	63.6066	63.4762
35.3703	63.1072	63.4763
35.3813	62.6079	63.4733
35.3912	63.1072	63.4704
35.4014	63.2737	63.4694
35.4103	63.4401	63.4695
35.4202	63.1072	63.4691
35.4303	63.1072	63.4676
35.4413	63.6066	63.4677
35.4512	63.1072	63.4678
35.4615	62.8576	63.4656
35.4703	63.3569	63.4642
35.4803	63.6898	63.4653
35.4905	63.6066	63.4672
35.5004	62.6911	63.4660
35.5114	63.7731	63.4654
35.5215	63.2737	63.4665
35.5304	63.7731	63.4675
35.5403	63.6066	63.4696
35.5503	63.2737	63.4702
35.5605	63.0240	63.4691
35.5713	63.3569	63.4681
35.5813	63.0240	63.4672
35.5903	62.6079	63.4641
35.6003	62.9408	63.4607
35.6104	63.4401	63.4598
35.6204	63.3569	63.4602
35.6314	63.0240	63.4593
35.6415	63.0240	63.4574
35.6503	64.1060	63.4588
35.6603	63.1072	63.4604
35.6703	62.8576	63.4583
35.6804	63.1905	63.4564
35.6904	63.3569	63.4561
35.7014	63.2737	63.4559
35.7114	63.1072	63.4551
35.7204	63.4401	63.4547
35.7303	63.8563	63.4566
35.7404	62.9408	63.4570
35.7505	63.4401	63.4562
35.7616	63.6898	63.4575
35.7703	63.1072	63.4579
35.7804	63.2737	63.4571
35.7906	63.1072	63.4562
35.8004	63.6066	63.4563
35.8105	63.3569	63.4572
35.8216	63.2737	63.4571
35.8313	63.8563	63.4585
35.8404	63.6066	63.4609
35.8511	62.9408	63.4605
35.8604	63.5234	63.4599
35.8705	63.1905	63.4600
35.8814	63.7731	63.4609
35.8914	63.4401	63.4625
35.9004	63.1072	63.4622
35.9106	63.6066	63.4623
35.9205	63.4401	63.4634
35.9305	63.1072	63.4630
35.9405	63.7731	63.4636
35.9514	63.6066	63.4658
35.9605	63.6066	63.4674
35.9705	63.4401	63.4685
35.9806	63.4401	63.4691
35.9905	63.2737	63.4692
36.0005	63.1072	63.4683
36.0115	63.2737	63.4674
36.0204	62.9408	63.4660
36.0304	63.1905	63.4643
36.0405	64.1060	63.4662
36.0505	63.6066	63.4693
36.0605	63.1072	63.4694
36.0715	63.1905	63.4683
36.0805	63.4401	63.4681
36.0904	63.0240	63.4675
36.1006	62.6911	63.4646
36.1105	63.2737	63.4624
36.1205	63.6066	63.4631
36.1306	63.6066	63.4647
36.1405	63.4401	63.4658
36.1512	63.6066	63.4669
36.1606	63.7731	63.4690
36.1706	63.1905	63.4699
36.1805	63.5234	63.4700
36.1906	63.9395	63.4723
36.2005	63.4401	63.4744
36.2105	62.9408	63.4735
36.2205	64.2725	63.4751
36.2307	63.2737	63.4777
36.2405	63.8563	63.4790
36.2505	63.6066	63.4813
36.2605	63.5234	63.4826
36.2705	63.5234	63.4837
36.2805	63.2737	63.4840
36.2906	63.6066	63.4845
36.3007	63.2737	63.4851
36.3107	63.7731	63.4861
36.3205	63.7731	63.4886
36.3306	63.4401	63.4902
36.3406	63.2737	63.4902
36.3506	63.4401	63.4902
36.3608	63.3569	63.4905
36.3706	63.5234	63.4910
36.3806	63.0240	63.4905
36.3906	63.1072	63.4888
36.4006	63.1905	63.4876
36.4106	63.8563	63.4886
36.4206	63.1072	63.4894
36.4306	63.2737	63.4884
36.4406	63.8563	63.4897
36.4508	63.2737	63.4910
36.4606	62.7743	63.4890
36.4706	63.8563	63.4888
36.4806	63.1905	63.4898
36.4906	63.2737	63.4891
36.5006	62.6079	63.4866
36.5106	63.4401	63.4846
36.5206	63.7731	63.4862
36.5309	63.2737	63.4872
36.5408	63.0240	63.4860
36.5506	62.7743	63.4833
36.5606	63.7731	63.4828
36.5706	64.0228	63.4861
36.5806	63.7731	63.4894
36.5907	63.8563	63.4922
36.6007	62.8576	63.4922
36.6107	64.0228	63.4927
36.6207	63.4401	63.4950
36.6308	63.4401	63.4955
36.6407	63.1905	63.4953
36.6508	63.3569	63.4948
36.6608	63.6898	63.4958
36.6707	63.1072	63.4960
36.6808	63.8563	63.4968
36.6908	62.8576	63.4968
36.7007	62.8576	63.4938
36.7108	63.2737	63.4920
36.7208	62.9408	63.4905
36.7307	62.6911	63.4873
36.7408	63.7731	63.4866
36.7507	62.9408	63.4866
36.7607	63.6066	63.4862
36.7708	63.1905	63.4865
36.7807	63.9395	63.4877
36.7908	63.1905	63.4890
36.8008	63.2737	63.4883
36.8107	62.7743	63.4864
36.8207	63.1072	63.4839
36.8308	62.8576	63.4817
36.8407	63.6066	63.4810
36.8509	63.6066	63.4826
36.8609	63.2737	63.4831
36.8708	63.2737	63.4827
36.8808	63.3569	63.4825
36.8909	63.2737	63.4823
36.9009	63.2737	63.4819
36.9110	63.4401	63.4819
36.9210	62.7743	63.4805
36.9308	63.6066	63.4796
36.9409	63.6066	63.4811
36.9509	62.9408	63.4807
36.9609	63.9395	63.4813
36.9711	63.6066	63.4838
36.9809	63.6066	63.4854
36.9909	63.2737	63.4859
37.0011	63.7731	63.4870
37.0099	63.1905	63.4878
37.0212	63.2737	63.4871
37.0310	63.2737	63.4866
37.0409	62.9408	63.4851
37.0509	63.4401	63.4842
37.0609	63.0240	63.4835
37.0709	64.0228	63.4846
37.0818	63.4401	63.4869
37.0911	63.7731	63.4884
37.1009	63.7731	63.4910
37.1109	62.9408	63.4910
37.1210	64.2725	63.4925
37.1309	63.1905	63.4948
37.1410	63.1072	63.4936
37.1509	63.2737	63.4926
37.1612	63.7731	63.4936
37.1710	63.3569	63.4949
37.1808	63.1072	63.4942
37.1909	63.4401	63.4937
37.2010	63.2737	63.4938
37.2108	63.3569	63.4935
37.2209	63.7731	63.4948
37.2309	63.1072	63.4953
37.2408	63.2737	63.4944
37.2509	62.7743	63.4924
37.2609	63.7731	63.4919
37.2710	62.2750	63.4900
37.2810	63.3569	63.4868
37.2909	63.1072	63.4861
37.3010	62.6079	63.4831
37.3109	63.7731	63.4822
37.3209	62.9408	63.4823
37.3309	63.2737	63.4809
37.3410	63.0240	63.4797
37.3510	63.1905	63.4783
37.3610	63.6066	63.4786
37.3710	62.8576	63.4780
37.3809	63.7731	63.4778
37.3909	62.6079	63.4769
37.4010	63.1072	63.4740
37.4109	63.3569	63.4734
37.4209	64.6887	63.4775
37.4310	63.1905	63.4811
37.4409	63.6066	63.4815
37.4500	63.7731	63.4835
37.4611	63.6898	63.4859
37.4710	63.2737	63.4867
37.4809	62.9408	63.4853
37.4910	62.6079	63.4818
37.5010	63.2737	63.4794
37.5100	62.5247	63.4768
37.5211	63.7731	63.4756
37.5313	63.2737	63.4767
37.5410	62.7743	63.4749
37.5511	62.9408	63.4720
37.5610	63.7731	63.4721
37.5701	63.3569	63.4735
37.5811	63.6066	63.4743
37.5911	63.7731	63.4765
37.6012	63.1072	63.4771
37.6111	62.9408	63.4752
37.6210	63.4401	63.4743
37.6301	63.5234	63.4752
37.6410	63.9395	63.4775
37.6510	63.4401	63.4796
37.6612	63.2737	63.4797
37.6711	63.2737	63.4794
37.6811	63.2737	63.4790
37.6902	62.9408	63.4776
37.7006	63.5234	63.4769
37.7110	64.1892	63.4800
37.7211	63.2737	63.4824
37.7311	63.3569	63.4822
37.7410	63.1905	63.4818
37.7502	63.4401	63.4817
37.7601	63.0240	63.4810
37.7711	62.9408	63.4788
37.7813	63.4401	63.4780
37.7911	63.5234	63.4788
37.8011	63.4401	63.4797
37.8102	63.4401	63.4803
37.8201	63.1905	63.4801
37.8311	63.6898	63.4807
37.8413	63.6066	63.4826
37.8518	62.9408	63.4822
37.8612	63.7731	63.4823
37.8701	64.0228	63.4856
37.8801	63.4401	63.4879
37.8902	63.3569	63.4883
37.9011	63.3569	63.4883
37.9111	63.6898	63.4894
37.9212	63.4401	63.4907
37.9302	63.2737	63.4908
37.9402	63.7731	63.4918
37.9504	63.0240	63.4921
37.9613	63.4401	63.4915
37.9711	63.6066	63.4925
37.9812	63.1905	63.4928
37.9913	63.8563	63.4939
38.0002	63.0240	63.4944
38.0102	63.1905	63.4930
38.0213	63.9395	63.4943
38.0311	63.2737	63.4958
38.0412	63.8563	63.4971
38.0513	63.1072	63.4979
38.0601	63.6898	63.4982
38.0704	63.1072	63.4985
38.0811	63.3569	63.4978
38.0911	63.1905	63.4973
38.1011	63.2737	63.4966
38.1111	63.1905	63.4959
38.1202	63.8563	63.4969
38.1301	63.6898	63.4995
38.1401	62.9408	63.4993
38.1514	63.7731	63.4993
38.1612	63.6898	63.5016
38.1716	62.9408	63.5013
38.1802	63.9395	63.5019
38.1902	63.6066	63.5044
38.2002	63.5234	63.5056
38.2113	63.1072	63.5054
38.2212	63.9395	63.5064
38.2312	63.6066	63.5089
38.2402	62.9408	63.5084
38.2502	62.9408	63.5059
38.2602	63.6898	63.5057
38.2712	63.4401	63.5069
38.2813	63.3569	63.5072
38.2912	63.4401	63.5075
38.3004	63.0240	63.5067
38.3103	63.3569	63.5057
38.3202	63.6898	63.5067
38.3302	63.2737	63.5075
38.3413	63.0240	63.5062
38.3512	63.8563	63.5068
38.3603	63.4401	63.5085
38.3703	63.2737	63.5085
38.3803	63.3569	63.5083
38.3903	63.6066	63.5090
38.4012	63.1072	63.5090
38.4113	62.4414	63.5055
38.4204	63.2737	63.5025
38.4305	63.1072	63.5016
38.4403	63.0240	63.4998
38.4504	63.9395	63.5006
38.4616	62.8576	63.5009
38.4714	63.2737	63.4992
38.4803	63.1072	63.4982
38.4903	63.2737	63.4973
38.5003	63.0240	63.4961
38.5104	62.6911	63.4931
38.5213	63.6898	63.4922
38.5313	63.4401	63.4935
38.5403	62.7743	63.4921
38.5503	63.1072	63.4897
38.5604	63.6898	63.4900
38.5703	62.9408	63.4898
38.5803	63.1905	63.4882
38.5913	63.5234	63.4882
38.6003	63.4401	63.4891
38.6103	62.8576	63.4879
38.6204	63.2737	63.4863
38.6303	63.4401	63.4863
38.6405	63.2737	63.4864
38.6514	62.8576	63.4848
38.6604	63.3569	63.4834
38.6704	63.6066	63.4842
38.6804	63.6898	63.4861
38.6904	63.0240	63.4862
38.7006	63.6898	63.4863
38.7115	63.3569	63.4874
38.7214	63.4401	63.4877
38.7305	63.2737	63.4878
38.7405	62.9408	63.4864
38.7504	63.4401	63.4855
38.7605	63.4401	63.4861
38.7705	63.1072	63.4857
38.7814	63.1072	63.4843
38.7905	62.7743	63.4819
38.8005	63.7731	63.4816
38.8112	63.1072	63.4822
38.8205	63.1072	63.4808
38.8305	63.6898	63.4812
38.8414	63.5234	63.4828
38.8505	63.4401	63.4836
38.8604	63.9395	63.4858
38.8704	63.1072	63.4869
38.8806	63.7731	63.4875
38.8905	63.4401	63.4891
38.9015	62.7743	63.4877
38.9106	63.9395	63.4877
38.9206	62.9408	63.4883
38.9305	63.3569	63.4872
38.9406	62.9408	63.4860
38.9505	62.8576	63.4834
38.9614	63.6066	63.4828
38.9714	63.6066	63.4844
38.9805	63.4401	63.4855
38.9905	63.1072	63.4851
39.0006	63.7731	63.4857
39.0105	63.7731	63.4883
39.0205	63.3569	63.4897
39.0305	62.5247	63.4873
39.0405	63.1072	63.4841
39.0506	63.1072	63.4827
39.0606	63.1072	63.4813
39.0705	63.6066	63.4814
39.0806	63.2737	63.4821
39.0906	63.3569	63.4819
39.1005	62.7743	63.4803
39.1106	63.3569	63.4787
39.1205	63.6066	63.4796
39.1305	63.4401	63.4807
39.1406	63.1072	63.4803
39.1505	62.6079	63.4774
39.1605	63.4401	63.4756
39.1707	62.7743	63.4742
39.1807	63.7731	63.4739
39.1907	63.1905	63.4748
39.2008	63.2737	63.4742
39.2105	63.4401	63.4743
39.2208	63.2737	63.4745
39.2306	63.3569	63.4744
39.2406	63.0240	63.4735
39.2507	63.1072	63.4719
39.2606	63.4401	63.4716
39.2705	62.8576	63.4705
39.2806	63.4401	63.4694
39.2908	63.4401	63.4700
39.3006	63.1072	63.4697
39.3106	63.1905	63.4686
39.3206	64.3557	63.4713
39.3306	62.9408	63.4732
39.3406	63.4401	63.4724
39.3508	63.1905	63.4723
39.3607	63.5234	63.4724
39.3707	62.7743	63.4713
39.3807	63.9395	63.4715
39.3906	63.1072	63.4727
39.4006	63.4401	63.4723
39.4107	63.1905	63.4722
39.4208	62.8576	63.4704
39.4306	64.1892	63.4716
39.4407	64.2725	63.4770
39.4507	63.4401	63.4801
39.4607	63.2737	63.4802
39.4706	63.2737	63.4799
39.4808	63.4401	63.4800
39.4907	63.4401	63.4806
39.5006	63.2737	63.4807
39.5108	63.1072	63.4799
39.5208	63.2737	63.4790
39.5306	63.3569	63.4789
39.5407	63.2737	63.4788
39.5508	64.0228	63.4806
39.5607	63.5234	63.4833
39.5707	63.0240	63.4829
39.5808	63.7731	63.4832
39.5907	63.2737	63.4844
39.6007	62.6079	63.4820
39.6108	63.2737	63.4796
39.6207	62.9408	63.4782
39.6307	63.1072	63.4764
39.6408	62.6079	63.4735
39.6507	63.5234	63.4719
39.6608	62.6079	63.4703
39.6710	63.3569	63.4682
39.6808	63.2737	63.4682
39.6909	63.5234	63.4686
39.7008	63.0240	63.4683
39.7108	62.2750	63.4642
39.7209	63.6066	63.4619
39.7308	63.1072	63.4621
39.7408	63.1072	63.4608
39.7509	63.2737	63.4600
39.7608	63.4401	63.4602
39.7709	63.1072	63.4599
39.7809	62.8576	63.4579
39.7908	63.5234	63.4571
39.8009	63.1905	63.4573
39.8109	63.1072	63.4562
39.8208	63.3569	63.4557
39.8310	63.7731	63.4572
39.8409	63.9395	63.4604
39.8509	63.4401	63.4626
39.8609	62.8576	63.4616
39.8709	62.6911	63.4583
39.8808	63.2737	63.4562
39.8909	63.1072	63.4555
39.9008	62.6079	63.4527
39.9108	62.7743	63.4489
39.9209	63.6066	63.4482
39.9308	63.1072	63.4484
39.9408	63.2737	63.4477
39.9510	63.1072	63.4470
39.9608	62.4414	63.4437
39.9710	63.4401	63.4415
39.9809	63.4401	63.4423
39.9909	63.2737	63.4426
40.0008	63.1905	63.4421
40.0109	63.1072	63.4412
40.0209	64.0228	63.4427
40.0308	62.8576	63.4435
40.0410	63.6066	63.4430
40.0514	63.0240	63.4431
40.0608	62.7743	63.4406
40.0709	63.6066	63.4399
40.0808	64.0228	63.4429
40.0908	63.0240	63.4442
40.1008	63.2737	63.4433
40.1117	63.7731	63.4446
40.1209	63.5234	63.4466
40.1308	63.4401	63.4476
40.1408	62.9408	63.4469
40.1498	63.1905	63.4454
40.1609	63.7731	63.4464
40.1710	63.3569	63.4480
40.1809	62.6079	63.4460
40.1909	63.1072	63.4433
40.2009	63.0240	63.4418
40.2109	63.3569	63.4411
40.2209	63.4401	63.4417
40.2309	63.9395	63.4440
40.2411	63.1072	63.4452
40.2509	63.1905	63.4443
40.2609	63.6066	63.4448
40.2709	63.1072	63.4451
40.2809	63.1905	63.4442
40.2911	62.9408	63.4427
40.3011	62.7743	63.4400
40.3109	63.9395	63.4403
40.3209	63.1905	63.4419
40.3299	63.1072	63.4409
40.3399	63.1905	63.4400
40.3510	63.8563	63.4413
40.3609	63.6066	63.4438
40.3709	63.3569	63.4449
40.3810	63.4401	63.4454
40.3909	63.1905	63.4455
40.4000	63.4401	63.4455
40.4111	63.3569	63.4460
40.4210	64.1060	63.4486
40.4310	63.1072	63.4504
40.4411	62.7743	63.4482
40.4511	63.2737	63.4464
40.4600	63.2737	63.4462
40.4710	62.7743	63.4445
40.4811	63.6898	63.4441
40.4913	63.5234	63.4459
40.5010	64.0228	63.4487
40.5111	63.0240	63.4500
40.5201	63.5234	63.4497
40.5314	63.4401	63.4508
40.5410	63.9395	63.4531
40.5510	63.2737	63.4548
40.5611	63.1905	63.4543
40.5710	62.9408	63.4529
40.5801	62.7743	63.4501
40.5901	63.4401	63.4489
40.6010	63.4401	63.4497
40.6111	62.8576	63.4487
40.6211	63.4401	63.4478
40.6310	63.2737	63.4481
40.6401	63.7731	63.4493
40.6501	63.1072	63.4501
40.6612	63.1072	63.4489
40.6712	63.1905	63.4480
40.6812	63.3569	63.4477
40.6912	63.6898	63.4490
40.7001	62.7743	63.4486
40.7101	62.5247	63.4446
40.7210	62.3582	63.4394
40.7311	63.1905	63.4362
40.7411	63.4401	63.4363
40.7510	63.5234	63.4374
40.7601	63.2737	63.4380
40.7701	63.8563	63.4396
40.7801	63.8563	63.4429
40.7911	63.2737	63.4445
40.8011	63.8563	63.4460
40.8111	62.7743	63.4461
40.8201	63.2737	63.4444
40.8301	63.0240	63.4434
40.8400	62.9408	63.4415
40.8511	63.6066	63.4413
40.8611	63.0240	63.4414
40.8711	62.8576	63.4392
40.8801	63.4401	63.4383
40.8901	63.1072	63.4381
40.9001	63.0240	63.4367
40.9112	62.8576	63.4345
40.9212	62.9408	63.4321
40.9313	62.7743	63.4295
40.9412	63.6066	63.4289
40.9501	63.6898	63.4310
40.9602	63.3569	63.4324
40.9712	63.6066	63.4335
40.9811	63.1905	63.4341
40.9914	64.0228	63.4359
41.0012	63.1072	63.4375
41.0101	63.1905	63.4366
41.0201	63.2737	63.4362
41.0301	64.0228	63.4383
41.0411	64.0228	63.4426
41.0511	62.4414	63.4422
41.0602	62.6079	63.4375
41.0702	63.1905	63.4351
41.0802	62.7743	63.4332
41.0902	62.5247	63.4293
41.1012	62.9408	63.4259
41.1114	62.6911	63.4231
41.1212	63.6066	63.4222
41.1301	63.5234	63.4238
41.1402	63.6066	63.4255
41.1502	62.6911	63.4246
41.1612	63.3569	63.4230
41.1712	63.3569	63.4234
41.1812	62.8576	63.4223
41.1903	63.2737	63.4210
41.2003	63.0240	63.4202
41.2102	63.2737	63.4193
41.2202	63.7731	63.4207
41.2313	63.3569	63.4224
41.2412	63.2737	63.4225
41.2502	62.6911	63.4207
41.2602	63.1072	63.4184
41.2703	62.7743	63.4163
41.2803	63.6066	63.4157
41.2913	63.4401	63.4171
41.3012	63.8563	63.4193
41.3103	63.3569	63.4212
41.3202	63.2737	63.4214
41.3302	64.3557	63.4246
41.3403	63.2737	63.4277
41.3512	63.2737	63.4276
41.3613	64.0228	63.4297
41.3703	63.1072	63.4313
41.3803	63.2737	63.4307
41.3903	63.2737	63.4306
41.4007	63.1072	63.4299
41.4112	63.3569	63.4296
41.4215	63.4401	63.4302
41.4305	63.2737	63.4306
41.4403	63.1905	63.4302
41.4509	63.4401	63.4303
41.4603	63.2737	63.4307
41.4703	63.4401	63.4311
41.4813	63.3569	63.4317
41.4903	64.3557	63.4351
41.5003	63.6898	63.4394
41.5105	62.8576	63.4393
41.5204	63.6898	63.4391
41.5303	62.6079	63.4382
41.5414	63.0240	63.4353
41.5514	63.6066	63.4354
41.5603	63.0240	63.4355
41.5705	63.1072	63.4341
41.5803	63.0240	63.4327
41.5904	63.6066	63.4328
41.6016	63.2737	63.4337
41.6116	63.5234	63.4343
41.6204	62.9408	63.4339
41.6305	63.1072	63.4323
41.6403	63.9395	63.4337
41.6504	63.4401	63.4360
41.6604	63.4401	63.4369
41.6704	62.6911	63.4355
41.6804	62.7743	63.4321
41.6905	62.8576	63.4292
41.7003	63.9395	63.4299
41.7104	63.1072	63.4312
41.7205	63.8563	63.4324
41.7315	63.1072	63.4335
41.7405	63.0240	63.4321
41.7504	63.4401	63.4318
41.7605	62.8576	63.4309
41.7706	63.2737	63.4295
41.7805	63.0240	63.4287
41.7915	63.5234	63.4286
41.8005	62.7743	63.4277
41.8105	63.6898	63.4274
41.8206	63.6898	63.4297
41.8306	62.9408	63.4299
41.8406	63.1905	63.4285
41.8517	63.6898	63.4294
41.8606	63.8563	63.4323
41.8705	63.4401	63.4345
41.8805	62.6911	63.4331
41.8906	63.1072	63.4307
41.9005	63.1072	63.4296
41.9105	64.0228	63.4312
41.9206	63.4401	63.4339
41.9305	63.6066	63.4352
41.9407	62.7743	63.4346
41.9506	63.5234	63.4337
41.9605	62.7743	63.4329
41.9705	63.3569	63.4315
41.9806	63.1905	63.4314
41.9905	62.8576	63.4298
42.0005	63.1072	63.4279
42.0106	63.6898	63.4286
42.0205	62.9408	63.4287
42.0306	63.8563	63.4294
42.0405	62.4414	63.4285
42.0505	63.5234	63.4267
42.0605	63.2737	63.4273
42.0706	63.3569	63.4275
42.0805	63.8563	63.4294
42.0908	62.7743	63.4296
42.1005	62.8576	63.4267
42.1105	62.9408	63.4244
42.1206	63.1072	63.4228
42.1306	64.5222	63.4260
42.1407	63.2737	63.4296
42.1506	63.6898	63.4308
42.1606	62.9408	63.4309
42.1706	62.8576	63.4286
42.1806	63.5234	63.4280
42.1906	63.1072	63.4282
42.2006	63.2737	63.4276
42.2107	63.6066	63.4285
42.2206	63.0240	63.4286
42.2305	63.0240	63.4270
42.2406	63.5234	63.4270
42.2506	63.7731	63.4291
42.2606	63.1905	63.4303
42.2706	63.4401	63.4304
42.2806	63.6898	63.4321
42.2905	63.6898	63.4345
42.3006	63.2737	63.4356
42.3106	62.6911	63.4337
42.3206	63.1905	63.4316
42.3306	63.8563	63.4330
42.3407	62.6911	63.4329
42.3506	63.5234	63.4318
42.3606	63.2737	63.4325
42.3706	63.6898	63.4336
42.3808	63.2737	63.4347
42.3906	63.6066	63.4356
42.4006	63.5234	63.4373
42.4107	62.8576	63.4367
42.4207	63.2737	63.4353
42.4307	63.8563	63.4369
42.4408	62.9408	63.4375
42.4507	63.5234	63.4372
42.4606	62.6911	63.4361
42.4709	64.0228	63.4364
42.4808	64.0228	63.4408
42.4908	63.5234	63.4437
42.5010	63.9395	63.4463
42.5108	63.1072	63.4476
42.5207	63.5234	63.4477
42.5308	63.1072	63.4478
42.5407	64.1892	63.4499
42.5508	64.1892	63.4552
42.5609	62.7743	63.4563
42.5708	63.3569	63.4549
42.5808	63.1072	63.4544
42.5909	63.5234	63.4545
42.6008	63.2737	63.4551
42.6108	64.0228	63.4571
42.6209	63.3569	63.4594
42.6308	63.8563	63.4612
42.6409	63.0240	63.4620
42.6509	63.6898	63.4623
42.6609	63.1072	63.4629
42.6709	63.2737	63.4621
42.6809	63.6066	63.4629
42.6909	63.2737	63.4637
42.7009	63.2737	63.4635
42.7109	63.5234	63.4640
42.7210	63.5234	63.4653
42.7308	63.9395	63.4678
42.7408	63.5234	63.4703
42.7508	63.2737	63.4708
42.7610	63.5234	63.4713
42.7709	63.8563	63.4736
42.7807	63.1072	63.4746
42.7908	63.6898	63.4750
42.8008	63.5234	63.4768
42.8108	62.4414	63.4748
42.8209	64.2725	63.4750
42.8308	63.9395	63.4797
42.8410	63.8563	63.4832
42.8509	64.6887	63.4889
42.8609	62.9408	63.4918
42.8709	63.2737	63.4905
42.8809	63.5234	63.4909
42.8910	63.8563	63.4931
42.9009	62.7743	63.4930
42.9109	62.7743	63.4897
42.9210	63.5234	63.4886
42.9309	63.8563	63.4908
42.9409	63.1072	63.4917
42.9508	62.9408	63.4899
42.9611	63.7731	63.4901
42.9709	63.4401	63.4917
42.9808	63.9395	63.4939
42.9914	63.2737	63.4956
43.0009	63.5234	63.4960
43.0108	63.6898	63.4976
43.0209	63.2737	63.4985
43.0309	63.6898	63.4994
43.0398	63.2737	63.5003
43.0510	63.6898	63.5012
43.0609	63.1072	63.5016
43.0709	63.1072	63.5002
43.0810	63.5234	63.5001
43.0909	63.2737	63.5005
43.1000	63.5234	63.5009
43.1110	63.8563	63.5030
43.1211	63.1072	63.5039
43.1310	63.3569	63.5032
43.1409	63.5234	63.5039
43.1510	63.1905	63.5040
43.1610	63.2737	63.5034
43.1709	63.9395	63.5050
43.1809	63.8563	63.5084
43.1909	64.1892	63.5125
43.2010	63.1072	63.5143
43.2109	63.4401	63.5139
43.2209	62.9408	63.5130
43.2299	63.1072	63.5111
43.2409	63.2737	63.5102
43.2510	63.3569	63.5100
43.2609	63.6066	63.5109
43.2709	63.5234	63.5122
43.2810	63.5234	63.5133
43.2899	62.7743	63.5121
43.3009	63.1905	63.5100
43.3110	63.6066	63.5103
43.3211	63.0240	63.5102
43.3310	63.2737	63.5090
43.3410	63.5234	63.5094
43.3500	63.8563	63.5115
43.3610	62.6079	63.5110
43.3709	63.6898	63.5099
43.3810	63.4401	63.5113
43.3912	63.1072	63.5110
43.4010	63.5234	63.5110
43.4100	63.6898	63.5126
43.4200	63.0240	63.5128
43.4311	63.0240	63.5110
43.4410	62.9408	63.5090
43.4510	64.0228	63.5099
43.4610	63.6898	63.5131
43.4700	63.6898	63.5153
43.4800	62.9408	63.5153
43.4911	62.9408	63.5130
43.5010	63.0240	63.5109
43.5110	63.4401	63.5104
43.5211	63.3569	63.5108
43.5300	62.6079	63.5088
43.5402	63.6898	63.5078
43.5511	63.6898	63.5100
43.5610	62.9408	63.5100
43.5711	63.8563	63.5104
43.5810	64.1892	63.5146
43.5901	63.2737	63.5170
43.6002	62.6079	63.5147
43.6111	62.9408	63.5114
43.6210	63.5234	63.5108
43.6311	63.2737	63.5112
43.6410	63.1905	63.5106
43.6501	63.0240	63.5093
43.6601	63.1072	63.5077
43.6700	62.9408	63.5059
43.6811	63.6898	63.5058
43.6912	63.6066	63.5077
43.7010	62.9408	63.5074
43.7102	62.8576	63.5048
43.7201	63.6898	63.5044
43.7300	63.0240	63.5046
43.7411	62.9408	63.5025
43.7513	62.8576	63.5000
43.7611	63.1072	63.4979
43.7703	63.2737	63.4971
43.7802	63.1905	63.4965
43.7901	63.6066	63.4970
43.8011	62.7743	63.4962
43.8111	63.3569	63.4946
43.8211	63.7731	63.4961
43.8302	63.5234	63.4980
43.8401	63.5234	63.4992
43.8502	62.7743	63.4981
43.8602	63.1905	63.4961
43.8712	62.8576	63.4943
43.8811	63.1072	63.4922
43.8902	63.6898	63.4927
43.9005	63.6898	63.4949
43.9103	63.1072	63.4954
43.9201	62.4414	63.4921
43.9312	63.3569	63.4896
43.9413	63.8563	63.4913
43.9512	62.2750	63.4898
43.9602	63.1072	63.4860
43.9702	63.4401	63.4858
43.9802	63.5234	63.4868
43.9913	63.4401	63.4878
44.0012	63.9395	63.4900
44.0113	63.6898	63.4930
44.0202	63.3569	63.4943
44.0303	63.3569	63.4946
44.0402	63.2737	63.4946
44.0512	63.1905	63.4941
44.0613	62.7743	63.4922
44.0712	63.2737	63.4905
44.0804	63.5234	63.4910
44.0902	63.1905	63.4914
44.1002	63.1905	63.4908
44.1107	63.3569	63.4906
44.1212	63.3569	63.4910
44.1312	63.7731	63.4927
44.1402	63.9395	63.4961
44.1502	63.1905	63.4978
44.1602	62.9408	63.4965
44.1702	62.8576	63.4942
44.1812	63.8563	63.4947
44.1912	62.6911	63.4947
44.2003	63.3569	63.4932
44.2103	64.0228	63.4958
44.2202	62.9408	63.4971
44.2303	63.6898	63.4975
44.2413	62.8576	63.4976
44.2512	63.1072	63.4960
44.2603	63.4401	63.4962
44.2702	62.7743	63.4954
44.2802	63.1905	63.4939
44.2903	63.6898	63.4952
44.3003	64.1892	63.4994
44.3120	62.4414	63.5000
44.3203	63.3569	63.4980
44.3303	62.8576	63.4974
44.3404	62.9408	63.4955
44.3503	63.6898	63.4962
44.3604	63.5234	63.4986
44.3713	63.1905	63.4996
44.3804	62.8576	63.4986
44.3903	63.6898	63.4991
44.4004	63.2737	63.5009
44.4104	63.9395	63.5035
44.4203	63.6898	63.5073
44.4316	64.1892	63.5120
44.4404	63.2737	63.5153
44.4503	63.5234	63.5168
44.4603	63.1072	63.5177
44.4704	62.8576	63.5167
44.4804	63.8563	63.5179
44.4914	63.2737	63.5205
44.5014	63.1905	63.5210
44.5104	63.3569	63.5219
44.5204	63.6898	63.5243
44.5304	63.2737	63.5265
44.5408	62.9408	63.5264
44.5505	63.1072	63.5259
44.5614	63.1072	63.5259
44.5704	63.6898	63.5278
44.5804	63.6898	63.5314
44.5904	63.2737	63.5338
44.6005	63.3569	63.5352
44.6105	63.1905	63.5365
44.6204	63.4401	63.5380
44.6305	64.0228	63.5420
44.6405	63.5234	63.5464
44.6504	63.1905	63.5482
44.6605	63.0240	63.5486
44.6706	63.1905	63.5490
44.6815	62.9408	63.5493
44.6906	63.3569	63.5501
44.7005	62.8576	63.5506
44.7104	63.7731	63.5525
44.7205	62.9408	63.5547
44.7305	63.6066	63.5564
44.7405	63.4401	63.5597
44.7505	63.4401	63.5625
44.7604	63.6898	63.5661
44.7704	63.7731	63.5707
44.7805	62.7743	63.5726
44.7905	64.0228	63.5753
44.8005	63.5234	63.5803
44.8105	63.9395	63.5851
44.8205	62.9408	63.5882
44.8307	63.9395	63.5913
44.8406	63.2737	63.5955
44.8505	63.6898	63.5990
44.8606	63.6066	63.6035
44.8705	62.7743	63.6052
44.8805	62.9408	63.6051
44.8905	64.1060	63.6090
44.9006	63.7731	63.6154
44.9106	63.7731	63.6209
44.9205	63.7731	63.6264
44.9305	64.3557	63.6337
44.9406	64.1060	63.6420
44.9506	63.3569	63.6474
44.9606	63.1072	63.6498
44.9705	63.3569	63.6522
44.9806	62.8576	63.6539
44.9905	62.9408	63.6545
45.0005	63.4401	63.6568
45.0106	63.7731	63.6617
45.0205	63.8563	63.6678
45.0305	63.6898	63.6738
45.0406	63.6898	63.6792
45.0506	62.6911	63.6818
45.0608	62.7743	63.6816
45.0706	63.6066	63.6842
45.0806	63.3569	63.6886
45.0907	63.2737	63.6920
45.1006	63.1072	63.6947
45.1106	63.3569	63.6978
45.1207	63.4401	63.7018
45.1307	63.4401	63.7062
45.1406	63.5234	63.7108
45.1507	63.6898	63.7162
45.1606	63.1072	63.7204
45.1705	64.0228	63.7256
45.1806	63.3569	63.7317
45.1906	63.5234	63.7362
45.2006	63.1905	63.7403
45.2107	63.7731	63.7451
45.2207	63.4401	63.7508
45.2306	63.5234	63.7557
45.2406	63.4401	63.7606
45.2506	63.8563	63.7666
45.2606	64.0228	63.7744
45.2709	63.1905	63.7802
45.2807	63.5234	63.7845
45.2907	63.1905	63.7888
45.3007	63.6898	63.7937
45.3107	63.4401	63.7993
45.3210	63.8563	63.8055
45.3307	63.1072	63.8107
45.3407	63.6898	63.8154
45.3507	63.6066	63.8216
45.3607	63.6066	63.8277
45.3709	63.3569	63.8330
45.3808	63.1072	63.8368
45.3907	63.2737	63.8404
45.4007	63.8563	63.8463
45.4109	63.4401	63.8527
45.4207	64.0228	63.8597
45.4307	63.1905	63.8659
45.4409	63.9395	63.8719
45.4508	63.3569	63.8784
45.4607	63.4401	63.8835
45.4707	63.1905	63.8880
45.4808	63.8563	63.8939
45.4908	63.9395	63.9020
45.5008	62.9408	63.9074
45.5108	63.3569	63.9110
45.5207	63.6066	63.9167
45.5310	63.7731	63.9237
45.5408	63.9395	63.9317
45.5508	63.0240	63.9374
45.5608	63.7731	63.9427
45.5709	63.1905	63.9485
45.5808	63.6898	63.9541
45.5908	63.6898	63.9611
45.6007	63.9395	63.9690
45.6108	63.6898	63.9768
45.6208	64.4389	63.9862
45.6307	64.0228	63.9966
45.6408	63.8563	64.0052
45.6508	63.4401	64.0120
45.6607	63.9395	64.0192
45.6708	64.6054	64.0298
45.6809	63.7731	64.0399
45.6908	63.8563	64.0478
45.7009	64.5222	64.0579
45.7108	63.6066	64.0672
45.7207	63.6898	64.0741
45.7308	63.6898	64.0812
45.7409	63.5234	64.0878
45.7508	63.7731	64.0947
45.7609	64.0228	64.1030
45.7709	63.3569	64.1101
45.7809	63.7731	64.1165
45.7909	64.6054	64.1266
45.8009	63.6898	64.1364
45.8109	63.6898	64.1435
45.8209	64.6054	64.1533
45.8309	63.9395	64.1638
45.8409	63.5234	64.1711
45.8509	63.5234	64.1771
45.8608	64.1060	64.1849
45.8700	63.2737	64.1918
45.8808	64.3557	64.1996
45.8908	63.6066	64.2083
45.9009	63.6066	64.2147
45.9109	64.2725	64.2232
45.9209	63.5234	64.2314
45.9298	63.8563	64.2383
45.9409	64.1060	64.2469
45.9509	63.8563	64.2555
45.9609	64.0228	64.2639
45.9708	64.1892	64.2732
45.9808	64.5222	64.2840
45.9899	63.8563	64.2938
46.0009	63.8563	64.3015
46.0109	63.8563	64.3092
46.0209	64.5222	64.3189
46.0309	64.5222	64.3305
46.0408	64.1892	64.3411
46.0500	64.1892	64.3507
46.0609	63.7731	64.3590
46.0709	63.7731	64.3660
46.0810	64.5222	64.3752
46.0909	64.1892	64.3857
46.1009	64.5222	64.3961
46.1100	64.1060	64.4062
46.1199	63.8563	64.4143
46.1309	64.6054	64.4238
46.1409	63.6898	64.4328
46.1509	64.5222	64.4416
46.1610	64.8551	64.4537
46.1709	64.0228	64.4644
46.1801	64.5222	64.4740
46.1911	64.8551	64.4860
46.2010	64.0228	64.4965
46.2109	64.0228	64.5045
46.2209	64.1892	64.5129
46.2310	64.6887	64.5233
46.2401	64.3557	64.5341
46.2510	64.5222	64.5444
46.2610	64.5222	64.5551
46.2710	64.0228	64.5642
46.2810	64.1060	64.5721
46.2910	63.6898	64.5789
46.3001	64.3557	64.5865
46.3101	64.5222	64.5965
46.3210	64.1892	64.6059
46.3310	63.8563	64.6133
46.3410	64.5222	64.6217
46.3510	65.0216	64.6335
46.3600	64.2725	64.6445
46.3701	64.8551	64.6549
46.3811	64.3557	64.6656
46.3910	64.2725	64.6744
46.4011	64.3557	64.6832
46.4111	64.4389	64.6924
46.4201	64.6887	64.7026
46.4301	64.1892	64.7119
46.4411	64.4389	64.7205
46.4512	64.3557	64.7295
46.4612	64.2725	64.7379
46.4710	65.2713	64.7490
46.4801	64.5222	64.7609
46.4901	64.6887	64.7709
46.5010	64.3557	64.7803
46.5111	63.8563	64.7872
46.5211	64.1892	64.7935
46.5311	64.3557	64.8012
46.5402	64.1892	64.8089
46.5501	64.6887	64.8176
46.5600	64.6054	64.8274
46.5711	64.5222	64.8367
46.5811	64.1060	64.8444
46.5910	64.3557	64.8515
46.6002	64.5222	64.8599
46.6101	65.0216	64.8702
46.6201	65.0216	64.8819
46.6311	65.1881	64.8941
46.6411	64.5222	64.9047
46.6511	64.5222	64.9132
46.6602	65.3546	64.9242
46.6701	64.8551	64.9361
46.6801	65.0216	64.9469
46.6911	65.2713	64.9589
46.7011	64.7719	64.9701
46.7111	65.0216	64.9805
46.7202	64.6887	64.9905
46.7302	64.5222	64.9990
46.7402	65.0216	65.0085
46.7501	64.5222	65.0178
46.7615	64.7719	65.0264
46.7711	65.1049	65.0367
46.7802	64.6054	65.0464
46.7902	65.1049	65.0560
46.8002	64.7719	65.0661
46.8101	64.5222	65.0744
46.8212	65.1881	65.0839
46.8312	65.1049	65.0950
46.8402	65.3546	65.1066
46.8502	64.3557	65.1159
46.8602	64.7719	65.1234
46.8702	64.6887	65.1318
46.8812	64.6887	65.1399
46.8912	65.1049	65.1492
46.9002	64.8551	65.1590
46.9102	64.8551	65.1679
46.9202	65.1049	65.1775
46.9303	64.9384	65.1874
46.9413	64.5222	65.1954
46.9512	65.3546	65.2046
46.9603	65.5211	65.2167
46.9703	64.5222	65.2263
46.9802	65.4378	65.2356
46.9902	64.3557	65.2443
47.0003	65.0216	65.2517
47.0112	65.3546	65.2620
47.0203	65.5211	65.2738
47.0302	65.1049	65.2847
47.0403	64.6887	65.2931
47.0503	65.6043	65.3030
47.0604	64.9384	65.3135
47.0713	64.9384	65.3219
47.0814	65.3546	65.3316
47.0904	65.5211	65.3429
47.1003	65.6876	65.3552
47.1104	64.7719	65.3652
47.1203	65.6043	65.3748
47.1312	64.9384	65.3849
47.1414	65.9373	65.3960
47.1503	65.1049	65.4074
47.1602	65.1881	65.4165
47.1703	65.1049	65.4256
47.1803	64.9384	65.4339
47.1903	65.1881	65.4423
47.2012	64.8551	65.4505
47.2103	65.3546	65.4590
47.2203	65.3546	65.4691
47.2303	65.2713	65.4788
47.2403	65.4378	65.4887
47.2503	65.3546	65.4988
47.2615	65.6876	65.5096
47.2703	65.6876	65.5214
47.2807	65.6876	65.5331
47.2903	65.5211	65.5442
47.3003	65.7708	65.5555
47.3106	65.5211	65.5667
47.3214	65.0216	65.5756
47.3303	65.2713	65.5837
47.3410	65.1049	65.5920
47.3504	65.9373	65.6022
47.3604	65.3546	65.6132
47.3704	65.1881	65.6218
47.3815	66.0206	65.6324
47.3904	65.1881	65.6429
47.4005	65.0216	65.6503
47.4104	65.8541	65.6597
47.4204	65.1881	65.6696
47.4305	65.7708	65.6791
47.4404	65.5211	65.6896
47.4504	65.6043	65.6996
47.4606	65.8541	65.7104
47.4704	65.8541	65.7220
47.4804	65.8541	65.7335
47.4905	65.5211	65.7439
47.5005	65.4378	65.7531
47.5104	65.5211	65.7621
47.5205	65.8541	65.7724
47.5305	65.6876	65.7831
47.5405	65.6043	65.7929
47.5506	65.5211	65.8023
47.5604	65.5211	65.8113
47.5705	65.1881	65.8192
47.5805	65.1881	65.8261
47.5904	65.3546	65.8334
47.6005	65.8541	65.8427
47.6105	64.9384	65.8506
47.6206	65.7708	65.8583
47.6306	66.0206	65.8691
47.6406	66.0206	65.8806
47.6504	66.0206	65.8920
47.6606	65.4378	65.9016
47.6705	65.6876	65.9102
47.6805	65.8541	65.9199
47.6906	65.6876	65.9295
47.7005	66.1038	65.9398
47.7104	66.0206	65.9511
47.7205	65.8541	65.9615
47.7306	65.8541	65.9713
47.7404	65.6876	65.9805
47.7506	65.8541	65.9897
47.7606	66.0206	65.9998
47.7708	66.0206	66.0103
47.7806	66.2703	66.0215
47.7906	66.0206	66.0326
47.8007	65.6043	66.0416
47.8105	65.7708	66.0498
47.8205	65.1049	66.0564
47.8305	65.6043	66.0624
47.8406	65.6043	66.0699
47.8506	66.0206	66.0785
47.8606	66.0206	66.0883
47.8705	65.5211	66.0965
47.8805	65.9373	66.1044
47.8906	66.1871	66.1142
47.9005	65.6876	66.1232
47.9106	65.1881	66.1291
47.9207	66.5201	66.1374
47.9306	65.6876	66.1472
47.9405	65.8541	66.1548
47.9507	65.7708	66.1626
47.9609	65.9373	66.1706
47.9707	65.9373	66.1790
47.9808	66.0206	66.1876
47.9908	66.2703	66.1971
48.0006	66.0206	66.2065
48.0108	66.2703	66.2158
48.0208	66.0206	66.2250
48.0307	65.5211	66.2319
48.0407	66.1871	66.2392
48.0507	65.3546	66.2459
48.0607	66.2703	66.2527
48.0706	65.2713	66.2593
48.0806	66.1038	66.2652
48.0907	66.1871	66.2738
48.1007	65.8541	66.2816
48.1107	65.9373	66.2886
48.1208	66.4368	66.2972
48.1307	66.2703	66.3067
48.1406	66.7698	66.3171
48.1508	66.6033	66.3284
48.1607	65.9373	66.3371
48.1707	66.0206	66.3440
48.1808	65.8541	66.3505
48.1906	66.8531	66.3595
48.2007	66.3536	66.3698
48.2107	65.8541	66.3770
48.2207	66.5201	66.3847
48.2307	65.8541	66.3922
48.2408	66.1038	66.3984
48.2507	66.3536	66.4060
48.2606	65.8541	66.4128
48.2708	66.1871	66.4190
48.2806	66.1871	66.4261
48.2908	66.1038	66.4328
48.3007	66.1038	66.4392
48.3107	66.2703	66.4460
48.3208	66.1871	66.4529
48.3307	65.6876	66.4580
48.3407	66.2703	66.4633
48.3509	66.5201	66.4709
48.3607	66.5201	66.4792
48.3708	66.2703	66.4867
48.3809	66.4368	66.4938
48.3907	66.1871	66.5005
48.4007	66.3536	66.5069
48.4108	66.1871	66.5132
48.4207	66.4368	66.5196
48.4307	66.1871	66.5259
48.4408	66.1038	66.5312
48.4507	66.0206	66.5358
48.4607	66.6866	66.5421
48.4709	66.0206	66.5482
48.4807	66.5201	66.5538
48.4907	65.8541	66.5588
48.5008	66.6033	66.5640
48.5107	66.7698	66.5718
48.5205	66.6866	66.5797
48.5309	66.3536	66.5863
48.5407	66.3536	66.5918
48.5508	66.9364	66.5990
48.5608	66.6866	66.6070
48.5708	66.8531	66.6147
48.5808	66.2703	66.6211
48.5908	67.0196	66.6278
48.6008	66.7698	66.6360
48.6108	66.4368	66.6423
48.6210	66.1871	66.6468
48.6307	66.3536	66.6509
48.6409	66.3536	66.6554
48.6509	66.3536	66.6599
48.6608	66.1871	66.6638
48.6708	66.5201	66.6680
48.6809	66.5201	66.6732
48.6908	66.1038	66.6771
48.7009	66.8531	66.6819
48.7108	66.2703	66.6871
48.7208	66.5201	66.6913
48.7308	66.6033	66.6963
48.7408	66.0206	66.6998
48.7508	66.0206	66.7014
48.7598	66.3536	66.7040
48.7708	66.3536	66.7075
48.7808	66.5201	66.7114
48.7909	67.0196	66.7172
48.8009	66.6033	66.7232
48.8109	66.8531	66.7286
48.8199	66.7698	66.7344
48.8309	66.6033	66.7394
48.8409	66.6033	66.7438
48.8509	66.6866	66.7484
48.8610	66.6866	66.7531
48.8709	66.9364	66.7585
48.8799	66.5201	66.7633
48.8908	67.0196	66.7683
48.9010	66.7698	66.7739
48.9109	66.8531	66.7790
48.9208	66.7698	66.7840
48.9309	66.8531	66.7889
48.9399	66.5201	66.7930
48.9499	66.4368	66.7957
48.9609	66.8531	66.7994
48.9709	66.3536	66.8028
48.9810	66.2703	66.8043
48.9909	66.9364	66.8075
48.9999	66.8531	66.8124
49.0100	66.6866	66.8165
49.0209	67.1029	66.8212
49.0309	66.8531	66.8264
49.0410	66.6033	66.8299
49.0509	66.8531	66.8335
49.0601	66.8531	66.8376
49.0699	66.9364	66.8420
49.0810	66.6866	66.8458
49.0909	66.5201	66.8483
49.1010	66.3536	66.8497
49.1109	66.7698	66.8518
49.1199	66.6866	66.8548
49.1300	66.2703	66.8562
49.1410	66.4368	66.8569
49.1509	66.8531	66.8592
49.1610	66.5201	66.8617
49.1709	66.6033	66.8634
49.1802	67.0196	66.8665
49.1901	66.2703	66.8685
49.1999	66.8531	66.8700
49.2110	66.6866	66.8727
49.2210	66.6866	66.8748
49.2310	67.1861	66.8783
49.2410	66.7698	66.8820
49.2501	66.7698	66.8844
49.2600	67.0196	66.8874
49.2711	66.5201	66.8896
49.2811	66.3536	66.8898
49.2911	66.6866	66.8904
49.3010	66.8531	66.8925
49.3100	66.6866	66.8944
49.3201	67.1861	66.8973
49.3311	67.0196	66.9012
49.3411	66.8531	66.9040
49.3510	66.6866	66.9057
49.3610	67.1861	66.9083
49.3700	67.0196	66.9119
49.3801	67.3526	66.9160
49.3911	67.6857	66.9219
49.4011	66.7698	66.9261
49.4111	66.8531	66.9277
49.4210	67.1861	66.9305
49.4301	67.4359	66.9349
49.4401	66.3536	66.9369
49.4501	66.8531	66.9370
49.4611	67.0196	66.9391
49.4710	66.3536	66.9397
49.4812	67.1029	66.9404
49.4901	66.9364	66.9429
49.5001	67.1861	66.9456
49.5103	66.6866	66.9474
49.5211	66.8531	66.9483
49.5311	67.1861	66.9506
49.5411	67.0196	66.9534
49.5502	67.5192	66.9571
49.5602	66.8531	66.9602
49.5701	66.8531	66.9614
49.5811	67.1861	66.9635
49.5912	67.1861	66.9665
49.6011	67.0196	66.9690
49.6102	66.5201	66.9695
49.6203	66.3536	66.9679
49.6301	66.8531	66.9673
49.6402	66.8531	66.9682
49.6512	66.9364	66.9693
49.6611	67.5192	66.9724
49.6702	66.9364	66.9754
49.6802	67.1861	66.9774
49.6901	66.8531	66.9791
49.7002	67.2694	66.9811
49.7113	66.8531	66.9830
49.7213	67.5192	66.9856
49.7303	66.6033	66.9874
49.7402	67.2694	66.9885
49.7503	66.6033	66.9895
49.7602	66.7698	66.9890
49.7711	66.1871	66.9872
49.7811	67.8522	66.9887
49.7902	66.6866	66.9916
49.8002	66.8531	66.9915
49.8100	67.1861	66.9929
49.8202	66.8531	66.9942
49.8313	67.1861	66.9956
49.8412	66.7698	66.9966
49.8502	66.8531	66.9966
49.8602	67.3526	66.9984
49.8702	67.1861	67.0011
49.8803	66.8531	67.0024
49.8903	66.7698	67.0023
49.9012	66.7698	67.0020
49.9103	66.5201	67.0009
49.9202	67.1861	67.0011
49.9303	67.1029	67.0030
49.9403	67.0196	67.0044
49.9502	67.0196	67.0055
49.9613	66.5201	67.0051
49.9703	67.3526	67.0057
49.9805	66.5201	67.0062
49.9903	67.1029	67.0061
50.0004	67.0196	67.0074
50.0102	66.7698	67.0077
50.0218	67.1861	67.0084
50.0314	67.1861	67.0105
50.0403	67.1861	67.0125
50.0503	66.6033	67.0127
50.0603	66.5201	67.0110
50.0703	66.6866	67.0094
50.0803	67.4359	67.0107
50.0913	66.8531	67.0124
50.1003	66.7698	67.0122
50.1103	67.1861	67.0129
50.1203	67.1029	67.0146
50.1305	67.0196	67.0158
50.1404	67.1029	67.0170
50.1513	67.1861	67.0187
50.1604	66.2703	67.0179
50.1704	66.7698	67.0159
50.1803	67.1861	67.0166
50.1903	66.6866	67.0171
50.2004	66.7698	67.0163
50.2114	66.5201	67.0150
50.2205	66.6866	67.0134
50.2305	66.9364	67.0132
50.2403	67.5192	67.0154
50.2504	67.1861	67.0183
50.2604	67.1861	67.0203
50.2713	67.1861	67.0222
50.2805	67.1029	67.0239
50.2905	66.6866	67.0241
50.3003	66.6033	67.0228
50.3104	66.7698	67.0217
50.3204	67.1861	67.0224
50.3303	67.1861	67.0243
50.3406	66.8531	67.0253
50.3505	67.1861	67.0262
50.3604	67.0196	67.0276
50.3706	67.0196	67.0285
50.3804	66.5201	67.0280
50.3904	67.0196	67.0274
50.4006	67.3526	67.0293
50.4105	67.5192	67.0327
50.4204	67.1029	67.0353
50.4306	66.6866	67.0354
50.4405	66.8531	67.0348
50.4504	66.7698	67.0344
50.4606	66.6866	67.0335
50.4704	66.2703	67.0311
50.4805	66.8531	67.0292
50.4907	66.9364	67.0293
50.5005	66.8531	67.0295
50.5105	67.2694	67.0306
50.5205	67.1029	67.0324
50.5304	67.5192	67.0351
50.5405	66.7698	67.0366
50.5507	67.1029	67.0370
50.5604	67.1861	67.0386
50.5707	66.7698	67.0391
50.5805	67.5192	67.0407
50.5904	66.6866	67.0420
50.6006	67.0196	67.0418
50.6106	67.5192	67.0441
50.6205	67.0196	67.0464
50.6305	66.7698	67.0465
50.6407	66.8531	67.0460
50.6505	66.8531	67.0458
50.6606	67.5192	67.0476
50.6705	66.7698	67.0491
50.6805	67.1029	67.0494
50.6906	66.6866	67.0494
50.7006	67.1861	67.0497
50.7105	66.6866	67.0499
50.7206	67.0196	67.0497
50.7305	67.0196	67.0504
50.7405	66.6033	67.0499
50.7505	67.6024	67.0512
50.7606	67.0196	67.0537
50.7710	66.6866	67.0534
50.7807	66.9364	67.0529
50.7906	67.2694	67.0542
50.8007	66.7698	67.0549
50.8107	67.1861	67.0554
50.8207	66.7698	67.0559
50.8306	66.8531	67.0553
50.8407	66.6866	67.0546
50.8508	66.8531	67.0538
50.8606	66.8531	67.0535
50.8707	66.6033	67.0525
50.8807	66.5201	67.0505
50.8907	67.0196	67.0497
50.9006	66.6033	67.0492
50.9106	66.6866	67.0477
50.9207	66.6866	67.0465
50.9306	66.8531	67.0457
50.9406	66.6866	67.0450
50.9506	66.6866	67.0437
50.9606	67.1861	67.0440
50.9707	67.0196	67.0453
50.9806	67.0196	67.0460
50.9906	67.4359	67.0480
51.0006	66.7698	67.0493
51.0106	66.5201	67.0478
51.0206	67.0196	67.0470
51.0306	67.2694	67.0485
51.0407	67.6024	67.0518
51.0507	67.2694	67.0550
51.0606	66.6033	67.0553
51.0707	67.6857	67.0567
51.0807	66.6033	67.0582
51.0906	66.8531	67.0571
51.1007	66.7698	67.0566
51.1108	66.5201	67.0551
51.1207	67.3526	67.0553
51.1307	66.6866	67.0560
51.1406	66.6866	67.0547
51.1508	66.7698	67.0537
51.1607	66.6866	67.0527
51.1708	66.6033	67.0512
51.1806	66.6033	67.0494
51.1907	67.5192	67.0504
51.2007	66.7698	67.0519
51.2107	67.6024	67.0536
51.2207	66.1871	67.0536
51.2307	67.0196	67.0518
51.2407	66.6866	67.0516
51.2507	66.7698	67.0505
51.2607	67.3526	67.0515
51.2707	66.9364	67.0530
51.2808	67.0196	67.0535
51.2907	66.7698	67.0535
51.3008	67.0196	67.0535
51.3108	66.6866	67.0532
51.3207	67.3526	67.0539
51.3307	67.1029	67.0559
51.3407	66.9364	67.0566
51.3507	67.1029	67.0573
51.3609	66.6033	67.0570
51.3707	66.8531	67.0560
51.3807	66.8531	67.0557
51.3907	66.7698	67.0552
51.3997	66.6866	67.0541
51.4108	66.6033	67.0526
51.4207	66.5201	67.0506
51.4307	67.0196	67.0498
51.4410	66.6033	67.0493
51.4508	67.2694	67.0496
51.4607	66.5201	67.0495
51.4710	66.9364	67.0485
51.4808	67.1861	67.0495
51.4908	67.1861	67.0513
51.5009	67.4359	67.0538
51.5108	66.6866	67.0548
51.5208	66.6866	67.0535
51.5309	67.6024	67.0550
51.5408	66.9364	67.0572
51.5508	66.8531	67.0572
51.5610	67.0196	67.0574
51.5708	66.5201	67.0566
51.5808	67.2694	67.0566
51.5910	67.1861	67.0585
51.6008	66.6866	67.0587
51.6108	67.3526	67.0595
51.6208	67.0196	67.0612
51.6308	67.2694	67.0626
51.6408	66.5201	67.0626
51.6499	66.8531	67.0613
51.6608	67.1861	67.0620
51.6709	66.9364	67.0629
51.6808	67.2694	67.0641
51.6909	67.0196	67.0655
51.7008	67.2694	67.0670
51.7100	66.9364	67.0682
51.7209	67.4359	67.0698
51.7309	66.8531	67.0712
51.7409	66.6866	67.0704
51.7509	66.7698	67.0693
51.7608	66.6866	67.0682
51.7699	66.8531	67.0674
51.7809	66.8531	67.0671
51.7911	66.8531	67.0668
51.8009	66.6866	67.0659
51.8109	67.1029	67.0659
51.8209	66.6033	67.0656
51.8299	66.5201	67.0635
51.8399	67.0196	67.0627
51.8512	66.9364	67.0631
51.8610	67.1029	67.0638
51.8709	66.9364	67.0645
51.8809	67.1861	67.0654
51.8900	67.5192	67.0681
51.8999	67.1861	67.0708
51.9109	66.8531	67.0715
51.9210	67.1861	67.0721
51.9309	66.7698	67.0725
51.9409	67.0196	67.0724
51.9500	66.9364	67.0728
51.9599	66.8531	67.0727
51.9709	67.1861	67.0734
51.9810	67.2694	67.0753
51.9910	66.6866	67.0757
52.0010	67.1029	67.0756
52.0100	66.7698	67.0757
52.0200	66.6866	67.0746
52.0310	67.0196	67.0742
52.0409	66.7698	67.0741
52.0513	66.7698	67.0733
52.0610	67.0196	67.0732
52.0700	66.9364	67.0736
52.0800	67.1861	67.0745
52.0900	66.5201	67.0741
52.1010	66.6866	67.0723
52.1110	66.8531	67.0714
52.1211	66.6866	67.0706
52.1300	67.0196	67.0703
52.1400	67.1861	67.0714
52.1500	67.3526	67.0736
52.1610	66.6866	67.0742
52.1710	67.1029	67.0741
52.1810	67.5192	67.0765
52.1900	66.6866	67.0777
52.2001	66.8531	67.0768
52.2100	67.0196	67.0769
52.2210	67.0196	67.0776
52.2311	67.2694	67.0790
52.2410	67.0196	67.0804
52.2501	67.3526	67.0820
52.2600	66.9364	67.0833
52.2701	67.4359	67.0850
52.2801	67.1029	67.0871
52.2911	66.6033	67.0867
52.3010	66.7698	67.0853
52.3101	67.1029	67.0854
52.3201	67.1029	67.0865
52.3301	66.9364	67.0871
52.3401	67.4359	67.0887
52.3511	67.0196	67.0905
52.3611	66.7698	67.0904
52.3711	66.8531	67.0897
52.3801	67.2694	67.0905
52.3901	67.1861	67.0924
52.4002	67.0196	67.0934
52.4111	66.6866	67.0930
52.4211	66.8531	67.0921
52.4313	66.7698	67.0914
52.4402	67.1861	67.0917
52.4501	67.6024	67.0946
52.4602	66.6033	67.0956
52.4713	66.6866	67.0939
52.4811	67.0196	67.0935
52.4912	67.0196	67.0941
52.5002	67.0196	67.0947
52.5101	66.6033	67.0940
52.5203	67.4359	67.0945
52.5301	67.3526	67.0974
52.5411	66.4368	67.0972
52.5513	67.1861	67.0965
52.5602	66.6033	67.0963
52.5702	67.6024	67.0974
52.5802	67.3526	67.1007
52.5902	66.8531	67.1017
52.6012	66.3536	67.0998
52.6112	67.6024	67.1001
52.6201	67.0196	67.1024
52.6303	66.5201	67.1014
52.6402	67.0196	67.1004
52.6502	67.1861	67.1015
52.6614	67.1029	67.1028
52.6713	66.5201	67.1021
52.6802	66.8531	67.1006
52.6904	67.1861	67.1011
52.7003	66.9364	67.1019
52.7102	66.8531	67.1017
52.7205	67.0196	67.1018
52.7312	67.1861	67.1028
52.7406	67.3526	67.1048
52.7503	66.9364	67.1061
52.7602	67.2694	67.1071
52.7703	66.5201	67.1069
52.7803	66.8531	67.1054
52.7912	66.6866	67.1044
52.8003	66.3536	67.1020
52.8103	66.8531	67.1000
52.8202	66.7698	67.0993
52.8303	67.0196	67.0991
52.8403	66.6866	67.0986
52.8512	67.1029	67.0984
52.8604	67.2694	67.1000
52.8703	67.1029	67.1015
52.8802	66.7698	67.1016
52.8903	66.8531	67.1009
52.9003	67.2694	67.1017
52.9112	66.7698	67.1022
52.9203	67.3526	67.1030
52.9302	67.1029	67.1047
52.9403	66.8531	67.1050
52.9504	67.5192	67.1065
52.9603	66.5201	67.1070
52.9702	67.3526	67.1070
52.9813	67.3526	67.1095
52.9903	66.9364	67.1108
53.0003	66.5201	67.1095
53.0104	66.3536	67.1065
53.0203	67.0196	67.1050
53.0304	67.1861	67.1060
53.0413	67.0196	67.1071
53.0503	66.9364	67.1073
53.0604	66.8531	67.1071
53.0704	66.8531	67.1066
53.0803	67.1861	67.1071
53.0904	67.1861	67.1086
53.1014	67.1861	67.1101
53.1103	67.0196	67.1111
53.1204	66.8531	67.1111
53.1304	66.6033	67.1098
53.1403	66.6866	67.1080
53.1504	66.7698	67.1068
53.1614	67.1861	67.1070
53.1703	67.4359	67.1093
53.1804	67.0196	67.1110
53.1904	67.1861	67.1120
53.2004	67.0196	67.1130
53.2104	67.2694	67.1142
53.2205	66.6866	67.1145
53.2304	67.3526	67.1149
53.2404	67.1029	67.1167
53.2504	67.0196	67.1174
53.2604	66.8531	67.1173
53.2704	66.1038	67.1145
53.2804	67.1861	67.1127
53.2904	67.8522	67.1162
53.3004	66.3536	67.1172
53.3104	67.1861	67.1161
53.3205	66.6866	67.1161
53.3304	67.0196	67.1155
53.3404	66.4368	67.1142
53.3505	66.6866	67.1120
53.3604	67.4359	67.1127
53.3704	67.2694	67.1151
53.3804	67.0196	67.1164
53.3904	66.8531	67.1163
53.4004	66.8531	67.1158
53.4105	67.1861	67.1162
53.4204	67.1861	67.1177
53.4304	66.8531	67.1181
53.4405	67.0196	67.1181
53.4505	67.1861	67.1190
53.4605	67.0196	67.1200
53.4705	67.1029	67.1206
53.4805	66.7698	67.1206
53.4906	66.5201	67.1188
53.5006	66.6866	67.1167
53.5106	67.1861	67.1167
53.5207	66.6866	67.1166
53.5305	67.1861	67.1165
53.5406	66.9364	67.1172
53.5506	67.8522	67.1199
53.5606	67.2694	67.1236
53.5706	67.2694	67.1256
53.5806	66.9364	67.1265
53.5906	67.1029	67.1269
53.6005	66.9364	67.1273
53.6106	67.3526	67.1284
53.6206	66.6866	67.1288
53.6306	67.0196	67.1282
53.6407	66.9364	67.1284
53.6506	66.4368	67.1268
53.6605	67.3526	67.1264
53.6706	67.1861	67.1284
53.6806	66.9364	67.1290
53.6906	66.7698	67.1284
53.7006	66.9364	67.1278
53.7106	66.5201	67.1265
53.7205	66.6866	67.1244
53.7306	66.6866	67.1228
53.7407	66.7698	67.1215
53.7506	67.1029	67.1214
53.7606	67.4359	67.1233
53.7707	67.0196	67.1250
53.7807	67.3526	67.1264
53.7906	67.1029	67.1281
53.8006	66.8531	67.1282
53.8108	67.0196	67.1281
53.8211	67.2694	67.1292
53.8306	67.1861	67.1309
53.8406	66.7698	67.1310
53.8516	67.4359	67.1319
53.8606	67.0196	67.1335
53.8707	67.3526	67.1349
53.8806	66.4368	67.1345
53.8906	67.1861	67.1336
53.9007	66.8531	67.1340
53.9110	66.6866	67.1328
53.9206	66.5201	67.1307
53.9307	67.0196	67.1296
53.9407	66.7698	67.1292
53.9506	66.6866	67.1279
53.9608	66.8531	67.1268
53.9709	67.0196	67.1267
53.9806	67.1861	67.1276
53.9907	66.6866	67.1274
54.0008	66.7698	67.1261
54.0107	66.8531	67.1252
54.0207	66.6033	67.1239
54.0308	67.4359	67.1243
54.0407	66.6033	67.1247
54.0510	67.2694	67.1246
54.0607	66.8531	67.1253
54.0707	67.0196	67.1252
54.0807	66.8531	67.1251
54.0907	66.9364	67.1247
54.1007	67.1029	67.1251
54.1107	67.0196	67.1258
54.1207	66.6866	67.1251
54.1307	66.7698	67.1238
54.1407	66.0206	67.1204
54.1507	67.0196	67.1178
54.1607	67.2694	67.1190
54.1708	68.0187	67.1232
54.1807	67.2694	67.1273
54.1907	66.8531	67.1280
54.2008	67.2694	67.1286
54.2107	67.1861	67.1302
54.2207	66.9364	67.1308
54.2308	66.8531	67.1305
54.2407	67.0196	67.1303
54.2508	66.8531	67.1302
54.2608	66.9364	67.1298
54.2717	66.5201	67.1284
54.2808	67.1861	67.1278
54.2899	66.6866	67.1277
54.3010	66.8531	67.1266
54.3108	67.0196	67.1264
54.3207	67.1861	67.1273
54.3308	66.6033	67.1269
54.3408	66.5201	67.1246
54.3498	66.0206	67.1204
54.3608	66.6033	67.1166
54.3708	66.8531	67.1153
54.3818	67.3526	67.1162
54.3908	67.0196	67.1176
54.4008	67.5192	67.1195
54.4098	67.2694	67.1222
54.4208	67.0196	67.1233
54.4308	66.9364	67.1235
54.4408	67.0196	67.1236
54.4508	67.0196	67.1240
54.4609	66.6033	67.1231
54.4698	66.5201	67.1208
54.4809	67.0196	67.1197
54.4908	66.5201	67.1186
54.5008	66.6033	67.1162
54.5109	66.9364	67.1152
54.5208	66.6866	67.1143
54.5298	67.0196	67.1138
54.5399	66.6033	67.1129
54.5509	66.4368	67.1104
54.5608	66.5201	67.1075
54.5709	67.0196	67.1065
54.5809	67.0196	67.1069
54.5908	67.0196	67.1074
54.5999	66.7698	67.1071
54.6109	67.2694	67.1076
54.6209	66.6866	67.1078
54.6310	66.6866	67.1062
54.6409	66.9364	67.1055
54.6509	67.1861	67.1062
54.6599	66.4368	67.1054
54.6709	66.6866	67.1031
54.6809	66.7698	67.1018
54.6910	67.0196	67.1015
54.7008	66.6033	67.1008
54.7109	66.7698	67.0993
54.7199	67.6024	67.1007
54.7299	67.1029	67.1032
54.7409	67.1861	67.1044
54.7510	66.6866	67.1044
54.7609	66.7698	67.1031
54.7709	67.0196	67.1029
54.7799	66.6866	67.1023
54.7902	66.8531	67.1013
54.8009	67.4359	67.1025
54.8110	67.4359	67.1055
54.8209	66.9364	67.1069
54.8310	67.4359	67.1084
54.8399	66.6866	67.1091
54.8500	67.6024	67.1103
54.8610	67.1029	67.1127
54.8710	67.0196	67.1134
54.8809	67.1861	67.1143
54.8910	66.6866	67.1143
54.9000	67.5192	67.1152
54.9101	67.0196	67.1171
54.9211	66.8531	67.1170
54.9310	66.8531	67.1165
54.9411	66.5201	67.1149
54.9511	66.9364	67.1135
54.9609	67.0196	67.1137
54.9702	67.4359	67.1154
54.9800	67.0196	67.1171
54.9917	67.1861	67.1180
55.0009	66.6866	67.1179
55.0110	66.9364	67.1171
55.0200	66.6866	67.1162
55.0300	66.5201	67.1141
55.0400	66.8531	67.1126
55.0510	66.9364	67.1122
55.0610	67.4359	67.1137
55.0711	67.6024	67.1171
55.0801	66.9364	67.1190
55.0900	66.6866	67.1182
55.1000	67.0196	67.1176
55.1110	66.7698	67.1172
55.1210	67.0196	67.1169
55.1310	67.0196	67.1173
55.1400	66.9364	67.1175
55.1500	67.0196	67.1176
55.1600	67.4359	67.1193
55.1700	67.2694	67.1217
55.1810	67.6024	67.1246
55.1910	67.0196	67.1267
55.2001	66.8531	67.1266
55.2100	67.2694	67.1272
55.2201	67.1861	67.1288
55.2300	67.4359	67.1310
55.2411	66.6866	67.1316
55.2510	67.1861	67.1314
55.2601	66.7698	67.1315
55.2701	66.7698	67.1304
55.2801	66.5201	67.1285
55.2901	67.1861	67.1278
55.3011	66.7698	67.1279
55.3111	66.8531	67.1271
55.3212	67.0196	67.1269
55.3301	67.4359	67.1285
55.3403	66.8531	67.1296
55.3501	66.7698	67.1288
55.3611	66.6866	67.1274
55.3711	67.1861	67.1272
55.3810	66.6866	67.1271
55.3901	67.2694	67.1272
55.4001	67.3526	67.1293
55.4101	67.6024	67.1324
55.4201	67.1861	67.1350
55.4311	67.0196	67.1358
55.4411	66.8531	67.1356
55.4501	67.0196	67.1355
55.4602	66.9364	67.1355
55.4702	66.5201	67.1341
55.4802	67.5192	67.1344
55.4913	66.6033	67.1350
55.5012	66.5201	67.1326
55.5102	67.1029	67.1317
55.5201	66.9364	67.1320
55.5301	67.3526	67.1331
55.5402	66.5201	67.1329
55.5511	67.0196	67.1318
55.5612	67.0196	67.1321
55.5703	67.6857	67.1344
55.5802	66.8531	67.1363
55.5901	67.6857	67.1381
55.6003	66.9364	67.1402
55.6103	67.0196	67.1402
55.6212	67.0196	67.1405
55.6304	66.6033	67.1396
55.6403	66.9364	67.1384
55.6502	66.1871	67.1360
55.6604	66.8531	67.1333
55.6703	67.1861	67.1336
55.6812	67.0196	67.1344
55.6903	67.0196	67.1348
55.7006	67.1029	67.1353
55.7102	67.6024	67.1377
55.7202	67.0196	67.1397
55.7303	67.1861	67.1405
55.7413	66.9364	67.1411
55.7502	67.0196	67.1411
55.7603	67.4359	67.1427
55.7702	67.1029	67.1445
55.7804	67.1861	67.1455
55.7902	66.6866	67.1453
55.8012	67.1029	67.1448
55.8103	67.6024	67.1471
55.8203	67.0196	67.1491
55.8302	66.8531	67.1489
55.8403	67.0196	67.1487
55.8503	66.7698	67.1482
55.8604	67.1861	67.1482
55.8703	66.6866	67.1480
55.8813	66.6033	67.1460
55.8903	67.4359	67.1463
55.9004	66.6866	67.1468
55.9103	66.2703	67.1438
55.9203	67.1861	67.1423
55.9312	66.6866	67.1421
55.9403	67.4359	67.1427
55.9503	66.7698	67.1434
55.9603	67.1861	67.1435
55.9704	67.2694	67.1450
55.9804	67.0196	67.1460
55.9913	66.8531	67.1458
56.0004	66.9364	67.1453
56.0104	66.5201	67.1439
56.0203	67.4359	67.1439
56.0304	67.1861	67.1459
56.0404	67.3526	67.1477
56.0514	66.8531	67.1485
56.0606	66.8531	67.1477
56.0703	67.4359	67.1487
56.0804	67.0196	67.1502
56.0904	67.4359	67.1517
56.1004	67.1029	67.1535
56.1104	66.8531	67.1535
56.1204	66.6866	67.1522
56.1303	67.1861	67.1520
56.1404	67.5192	67.1542
56.1505	67.1029	67.1562
56.1604	67.1029	67.1570
56.1704	67.5192	67.1589
56.1805	66.8531	67.1602
56.1904	66.4368	67.1581
56.2003	67.2694	67.1573
56.2104	66.6866	67.1573
56.2204	66.8531	67.1560
56.2304	67.1861	67.1563
56.2404	66.8531	67.1565
56.2504	66.8531	67.1557
56.2605	67.3526	67.1565
56.2705	66.8531	67.1572
56.2805	67.6024	67.1587
56.2906	67.2694	67.1614
56.3004	67.0196	67.1623
56.3105	66.8531	67.1620
56.3206	66.9364	67.1615
56.3305	67.0196	67.1615
56.3405	66.5201	67.1602
56.3506	66.3536	67.1569
56.3605	67.9355	67.1578
56.3706	67.0196	67.1608
56.3805	66.6866	67.1600
56.3905	66.9364	67.1590
56.4005	66.8531	67.1584
56.4105	67.5192	67.1597
56.4205	67.4359	67.1626
56.4317	66.6866	67.1631
56.4405	66.4368	67.1605
56.4505	67.0196	67.1590
56.4605	67.2694	67.1599
56.4706	66.8531	67.1604
56.4806	67.1029	67.1603
56.4911	66.9364	67.1605
56.5006	66.7698	67.1598
56.5106	67.0196	67.1592
56.5207	66.8531	67.1589
56.5305	67.0196	67.1586
56.5406	67.0196	67.1588
56.5506	67.0196	67.1590
56.5605	67.0196	67.1592
56.5706	67.0196	67.1595
56.5806	66.6866	67.1587
56.5905	67.2694	67.1586
56.6005	66.8531	67.1591
56.6106	66.6033	67.1575
56.6205	67.1029	67.1567
56.6306	67.3526	67.1582
56.6408	66.8531	67.1589
56.6506	67.1029	67.1589
56.6606	67.3526	67.1603
56.6707	66.7698	67.1608
56.6805	67.6024	67.1620
56.6905	67.4359	67.1652
56.7006	66.7698	67.1659
56.7105	67.0196	67.1653
56.7207	66.9364	67.1652
56.7306	66.6866	67.1641
56.7405	66.6866	67.1623
56.7505	66.5201	67.1600
56.7606	66.8531	67.1582
56.7706	66.5201	67.1564
56.7806	67.2694	67.1559
56.7906	66.8531	67.1563
56.8006	66.8531	67.1555
56.8106	67.6024	67.1570
56.8206	66.8531	67.1585
56.8306	66.6866	67.1572
56.8406	67.6024	67.1581
56.8506	66.7698	67.1593
56.8606	66.8531	67.1583
56.8707	66.5201	67.1565
56.8816	66.8531	67.1547
56.8907	66.9364	67.1542
56.9006	66.8531	67.1536
56.9107	66.8531	67.1529
56.9207	66.8531	67.1521
56.9307	67.1861	67.1523
56.9407	66.9364	67.1528
56.9506	66.7698	67.1520
56.9607	66.6866	67.1505
56.9707	67.1029	67.1500
56.9806	67.1861	67.1509
56.9907	67.0196	67.1517
57.0007	66.8531	67.1514
57.0107	66.7698	67.1504
57.0206	66.6866	67.1489
57.0306	67.0196	67.1481
57.0407	67.2694	67.1491
57.0506	67.0196	67.1501
57.0607	67.4359	67.1516
57.0707	66.6033	67.1518
57.0807	66.8531	67.1503
57.0907	66.6866	67.1490
57.1007	66.3536	67.1462
57.1106	67.1029	67.1447
57.1206	67.0196	67.1452
57.1307	66.6866	67.1445
57.1407	67.2694	67.1445
57.1507	67.0196	67.1455
57.1607	66.8531	67.1452
57.1707	66.9364	67.1447
57.1808	67.2694	67.1455
57.1907	67.5192	67.1480
57.2008	67.2694	67.1505
57.2107	67.2694	67.1522
57.2208	66.8531	67.1527
57.2307	67.4359	67.1536
57.2407	67.4359	67.1564
57.2509	67.0196	67.1578
57.2608	66.6866	67.1570
57.2708	66.6866	67.1552
57.2809	66.8531	67.1539
57.2907	67.6024	67.1554
57.2999	67.3526	67.1584
57.3109	67.3526	67.1605
57.3208	67.6024	67.1635
57.3308	67.4359	67.1667
57.3408	66.8531	67.1676
57.3507	67.0196	67.1672
57.3608	67.0196	67.1674
57.3708	67.0196	67.1675
57.3808	66.6866	67.1667
57.3909	67.0196	67.1659
57.4008	67.5192	67.1675
57.4108	67.4359	67.1704
57.4208	67.0196	67.1718
57.4298	67.1861	67.1725
57.4408	67.4359	67.1743
57.4508	67.4359	67.1770
57.4608	67.3526	67.1793
57.4708	67.3526	67.1814
57.4808	66.0206	67.1795
57.4898	67.0196	67.1766
57.5010	66.6033	67.1755
57.5108	67.4359	67.1756
57.5208	66.8531	67.1765
57.5309	67.0196	67.1761
57.5409	66.8531	67.1757
57.5499	66.9364	67.1751
57.5609	67.1029	67.1752
57.5709	67.2694	67.1763
57.5808	67.1861	67.1777
57.5911	67.3526	67.1793
57.6009	67.2694	67.1812
57.6099	66.8531	67.1815
57.6199	67.0196	67.1811
57.6309	66.6866	67.1802
57.6409	67.5192	67.1808
57.6509	67.1861	67.1829
57.6608	67.2694	67.1843
57.6699	66.5201	67.1836
57.6799	66.6033	67.1809
57.6909	67.4359	67.1810
57.7009	66.8531	67.1819
57.7109	67.7690	67.1837
57.7208	66.6866	67.1851
57.7299	67.9355	67.1869
57.7400	66.7698	67.1890
57.7509	67.0196	67.1883
57.7609	67.2694	67.1891
57.7709	67.2694	67.1907
57.7809	67.3526	67.1925
57.7899	66.5201	67.1920
57.8000	67.0196	67.1906
57.8109	66.8531	67.1901
57.8209	66.8531	67.1892
57.8310	67.2694	67.1895
57.8409	67.1029	67.1905
57.8500	67.2694	67.1916
57.8600	67.0196	67.1924
57.8699	67.0196	67.1925
57.8809	67.8522	67.1950
57.8910	67.0196	67.1975
57.9010	66.7698	67.1968
57.9099	67.6857	67.1981
57.9199	67.3526	67.2011
57.9300	67.1861	67.2026
57.9411	67.4359	67.2044
57.9510	67.3526	67.2066
57.9610	67.6024	67.2093
57.9700	67.3526	67.2121
57.9801	67.2694	67.2138
57.9900	67.2694	67.2152
58.0011	66.7698	67.2152
58.0111	66.8531	67.2139
58.0210	67.2694	67.2141
58.0303	67.0196	67.2148
58.0399	67.1029	67.2150
58.0501	67.0196	67.2152
58.0600	67.4359	67.2164
58.0710	66.7698	67.2168
58.0809	67.0196	67.2160
58.0909	66.3536	67.2139
58.1000	67.0196	67.2119
58.1100	66.6866	67.2108
58.1200	66.8531	67.2093
58.1310	66.9364	67.2085
58.1411	67.1029	67.2084
58.1510	67.0196	67.2087
58.1601	67.2694	67.2094
58.1701	66.8531	67.2096
58.1800	67.1029	67.2093
58.1910	67.3526	67.2105
58.2010	67.6024	67.2132
58.2110	67.3526	67.2159
58.2201	67.1861	67.2173
58.2300	66.9364	67.2175
58.2400	66.6866	67.2162
58.2511	66.7698	67.2144
58.2611	67.2694	67.2143
58.2710	67.2694	67.2157
58.2801	66.6866	67.2154
58.2900	66.7698	67.2135
58.3000	67.4359	67.2140
58.3101	67.3526	67.2161
58.3211	66.6866	67.2161
58.3311	67.4359	67.2163
58.3402	67.2694	67.2182
58.3501	67.3526	67.2199
58.3601	67.2694	67.2215
58.3702	67.4359	67.2234
58.3811	66.9364	67.2243
58.3911	67.2694	67.2247
58.4002	66.6033	67.2241
58.4101	67.0196	67.2227
58.4202	66.8531	67.2221
58.4302	67.0196	67.2215
58.4411	66.6866	67.2204
58.4511	66.8531	67.2188
58.4602	67.2694	67.2189
58.4701	67.1029	67.2198
58.4801	67.4359	67.2212
58.4902	66.6866	67.2214
58.5001	67.6024	67.2220
58.5111	67.2694	67.2244
58.5201	67.2694	67.2258
58.5301	67.2694	67.2272
58.5401	66.7698	67.2271
58.5502	66.9364	67.2260
58.5602	67.2694	67.2264
58.5712	67.4359	67.2282
58.5802	66.5201	67.2279
58.5905	66.9364	67.2260
58.6003	67.4359	67.2269
58.6103	67.0196	67.2280
58.6204	67.2694	67.2286
58.6313	67.2694	67.2300
58.6403	67.1029	67.2308
58.6502	66.8531	67.2304
58.6603	67.1029	67.2301
58.6702	66.8531	67.2297
58.6803	66.3536	67.2270
58.6914	67.0196	67.2249
58.7013	67.1029	67.2250
58.7103	67.4359	67.2264
58.7205	67.1029	67.2278
58.7303	67.1029	67.2281
58.7403	66.7698	67.2275
58.7504	67.1861	67.2271
58.7612	66.9364	67.2273
58.7703	67.4359	67.2281
58.7804	67.5192	67.2307
58.7902	67.2694	67.2329
58.8003	66.5201	67.2320
58.8102	67.2694	67.2311
58.8212	67.1029	67.2319
58.8302	66.7698	67.2313
58.8402	67.2694	67.2311
58.8503	66.7698	67.2310
58.8604	67.1861	67.2306
58.8704	67.1029	67.2312
58.8813	67.2694	67.2320
58.8904	67.5192	67.2341
58.9004	66.8531	67.2350
58.9103	66.6866	67.2333
58.9204	67.2694	67.2329
58.9304	67.1029	67.2337
58.9415	67.2694	67.2346
58.9503	67.0196	67.2351
58.9603	67.2694	67.2357
58.9703	67.1029	67.2365
58.9804	66.7698	67.2359
58.9903	67.1029	67.2352
59.0003	67.3526	67.2363
59.0104	66.9364	67.2368
59.0203	67.0196	67.2364
59.0303	67.3526	67.2372
59.0404	66.7698	67.2373
59.0503	67.5192	67.2379
59.0606	67.1029	67.2394
59.0704	67.1029	67.2397
59.0803	67.1861	67.2403
59.0904	67.4359	67.2418
59.1004	67.0196	67.2429
59.1104	66.5201	67.2412
59.1204	67.5192	67.2410
59.1306	67.6857	67.2443
59.1405	67.1029	67.2463
59.1505	67.4359	67.2476
59.1606	67.2694	67.2494
59.1705	66.4368	67.2481
59.1805	67.1029	67.2464
59.1905	67.2694	67.2472
59.2005	67.3526	67.2487
59.2105	66.9364	67.2492
59.2205	67.1861	67.2492
59.2305	66.8531	67.2490
59.2405	66.7698	67.2475
59.2504	67.2694	67.2473
59.2605	66.7698	67.2471
59.2705	67.1861	67.2466
59.2805	67.3526	67.2478
59.2905	67.2694	67.2494
59.3005	67.0196	67.2499
59.3105	67.2694	67.2504
59.3206	67.1029	67.2511
59.3306	67.4359	67.2524
59.3405	67.1029	67.2536
59.3506	66.8531	67.2531
59.3605	66.7698	67.2516
59.3705	67.1029	67.2508
59.3805	67.2694	67.2516
59.3904	67.0196	67.2521
59.4005	67.1029	67.2521
59.4105	67.4359	67.2533
59.4205	67.2694	67.2550
59.4305	67.4359	67.2568
59.4405	67.1861	67.2582
59.4505	67.1861	67.2590
59.4605	67.2694	67.2599
59.4705	67.2694	67.2611
59.4805	67.1029	67.2618
59.4905	67.3526	67.2628
59.5005	67.5192	67.2650
59.5105	67.2694	67.2669
59.5210	67.0196	67.2673
59.5305	66.7698	67.2663
59.5405	67.4359	67.2664
59.5505	67.1029	67.2676
59.5605	66.8531	67.2670
59.5706	67.1861	67.2667
59.5806	67.6024	67.2686
59.5906	67.5192	67.2715
59.6005	67.6857	67.2747
59.6106	67.3526	67.2773
59.6206	67.6857	67.2800
59.6305	66.7698	67.2808
59.6406	66.8531	67.2792
59.6505	67.0196	67.2783
59.6606	67.1029	67.2782
59.6707	67.0196	67.2781
59.6805	67.2694	67.2784
59.6906	67.1861	67.2793
59.7007	67.0196	67.2794
59.7106	67.4359	67.2803
59.7206	67.1861	67.2817
59.7308	67.0196	67.2818
59.7406	67.1029	67.2816
59.7506	67.4359	67.2827
59.7606	67.0196	67.2836
59.7706	67.0196	67.2832
59.7807	66.9364	67.2825
59.7908	66.5201	67.2803
59.8007	66.2703	67.2762
59.8107	67.4359	67.2748
59.8208	66.7698	67.2749
59.8306	67.6024	67.2755
59.8408	67.2694	67.2776
59.8510	66.9364	67.2778
59.8606	67.4359	67.2784
59.8706	66.9364	67.2790
59.8807	67.1861	67.2788
59.8906	67.6024	67.2807
59.9007	66.9364	67.2818
59.9107	66.9364	67.2809
59.9206	67.1029	67.2804
59.9307	67.1029	67.2805
59.9407	67.7690	67.2826
59.9507	67.7690	67.2867
59.9607	66.8531	67.2880
59.9706	67.1861	67.2876
59.9806	67.6024	67.2894
59.9907	67.4359	67.2920
60.0007	67.0196	67.2927
60.0107	67.0196	67.2923
60.0207	67.1029	67.2921
60.0307	67.2694	67.2926
60.0407	66.5201	67.2914
60.0507	67.1029	67.2897
60.0607	67.1861	67.2900
60.0698	67.6024	67.2918
60.0809	67.7690	67.2954
60.0907	67.1029	67.2974
60.1007	67.4359	67.2984
60.1107	67.0196	67.2992
60.1207	67.3526	67.2997
60.1298	67.0196	67.3002
60.1407	67.1861	67.3002
60.1508	66.7698	67.2995
60.1608	66.8531	67.2977
60.1707	66.8531	67.2963
60.1808	67.3526	67.2963
60.1898	67.1861	67.2973
60.2009	67.4359	67.2986
60.2107	67.0196	67.2993
60.2208	67.1861	67.2993
60.2309	67.2694	67.3001
60.2407	67.2694	67.3011
60.2498	67.0196	67.3013
60.2608	67.2694	67.3016
60.2708	67.2694	67.3025
60.2809	67.1029	67.3030
60.2908	67.2694	67.3035
60.3009	67.1861	67.3043
60.3108	66.9364	67.3040
60.3198	67.4359	67.3045
60.3308	66.6033	67.3039
60.3409	67.5192	67.3037
60.3509	67.1861	67.3051
60.3608	67.3526	67.3061
60.3708	66.7698	67.3058
60.3799	67.5192	67.3061
60.3910	67.1861	67.3075
60.4010	67.2694	67.3082
60.4109	66.7698	67.3077
60.4209	66.7698	67.3056
60.4299	67.2694	67.3051
60.4399	67.2694	67.3061
60.4509	67.4359	67.3075
60.4610	67.1861	67.3087
60.4709	67.8522	67.3112
60.4810	67.2694	67.3139
60.4909	67.1029	67.3143
60.4999	67.1029	67.3142
60.5099	66.0206	67.3109
60.5210	67.1861	67.3078
60.5308	67.1029	67.3080
60.5411	67.0196	67.3077
60.5509	67.2694	67.3079
60.5599	67.4359	67.3093
60.5700	67.4359	67.3113
60.5809	67.1029	67.3122
60.5909	66.9364	67.3116
60.6009	67.1029	67.3111
60.6109	66.7698	67.3100
60.6199	67.5192	67.3102
60.6300	66.8531	67.3106
60.6410	67.2694	67.3103
60.6509	67.1861	67.3110
60.6610	67.6024	67.3126
60.6710	66.7698	67.3131
60.6800	66.9364	67.3115
60.6900	66.7698	67.3099
60.7010	66.9364	67.3083
60.7110	67.1029	67.3078
60.7209	66.8531	67.3069
60.7309	66.9364	67.3056
60.7401	67.6857	67.3068
60.7500	66.9364	67.3080
60.7600	66.6033	67.3060
60.7710	67.1029	67.3044
60.7810	67.2694	67.3048
60.7910	67.2694	67.3058
60.8001	67.2694	67.3067
60.8100	67.2694	67.3077
60.8200	67.6024	67.3096
60.8312	67.2694	67.3115
60.8410	67.1029	67.3119
60.8509	67.1861	67.3121
60.8600	66.9364	67.3118
60.8700	67.1029	67.3112
60.8800	67.6024	67.3126
60.8911	67.6024	67.3155
60.9011	67.3526	67.3177
60.9110	66.7698	67.3173
60.9202	66.7698	67.3152
60.9300	67.0196	67.3139
60.9401	67.2694	67.3140
60.9501	66.9364	67.3139
60.9610	67.2694	67.3138
60.9710	66.9364	67.3137
60.9800	67.3526	67.3139
60.9901	67.3526	67.3153
61.0000	67.1029	67.3159
61.0100	66.7698	67.3148
61.0211	67.1029	67.3137
61.0311	67.1029	67.3136
61.0400	67.2694	67.3140
61.0510	67.2694	67.3149
61.0601	66.3536	67.3130
61.0701	67.0196	67.3104
61.0810	67.5192	67.3113
61.0911	67.2694	67.3130
61.1000	67.3526	67.3141
61.1102	67.1029	67.3148
61.1202	67.3526	67.3154
61.1301	66.9364	67.3155
61.1411	66.7698	67.3139
61.1512	66.9364	67.3123
61.1601	67.6024	67.3132
61.1701	67.6857	67.3163
61.1802	66.9364	67.3175
61.1901	67.1029	67.3168
61.2002	67.2694	67.3172
61.2111	67.2694	67.3181
61.2213	66.8531	67.3177
61.2302	67.4359	67.3178
61.2402	66.6033	67.3172
61.2502	66.9364	67.3150
61.2602	67.4359	67.3154
61.2711	67.4359	67.3173
61.2811	67.2694	67.3187
61.2903	66.9364	67.3185
61.3001	66.1038	67.3149
61.3101	67.2694	67.3123
61.3202	67.7690	67.3147
61.3312	67.1029	67.3165
61.3401	67.1029	67.3164
61.3503	66.9364	67.3158
61.3602	66.9364	67.3147
61.3701	67.6024	67.3155
61.3802	67.0196	67.3167
61.3904	67.0196	67.3160
61.4012	67.4359	67.3166
61.4103	66.9364	67.3170
61.4204	67.1029	67.3164
61.4303	67.2694	67.3167
61.4403	66.5201	67.3154
61.4502	67.3526	67.3142
61.4613	67.1029	67.3149
61.4702	66.9364	67.3142
61.4802	67.4359	67.3146
61.4903	67.2694	67.3160
61.5003	67.1029	67.3163
61.5102	67.2694	67.3167
61.5214	67.2694	67.3176
61.5302	67.0196	67.3177
61.5402	67.2694	67.3178
61.5503	67.4359	67.3191
61.5603	67.2694	67.3205
61.5702	67.2694	67.3213
61.5813	67.1029	67.3217
61.5902	66.9364	67.3210
61.6003	66.9364	67.3199
61.6104	67.1861	67.3195
61.6203	67.7690	67.3216
61.6304	67.1029	67.3234
61.6403	66.6033	67.3218
61.6503	66.9364	67.3196
61.6605	66.9364	67.3184
61.6703	67.2694	67.3183
61.6803	66.7698	67.3176
61.6904	67.1029	67.3165
61.7003	67.2694	67.3169
61.7103	67.5192	67.3185
61.7203	67.6024	67.3211
61.7303	66.7698	67.3214
61.7403	67.1861	67.3205
61.7504	67.2694	67.3211
61.7603	67.1861	67.3217
61.7703	67.1861	67.3220
61.7804	67.2694	67.3226
61.7904	67.1029	67.3229
61.8004	66.6033	67.3213
61.8106	66.9364	67.3191
61.8206	67.9355	67.3210
61.8305	67.1861	67.3235
61.8405	67.0196	67.3234
61.8505	67.0196	67.3227
61.8605	67.0196	67.3220
61.8706	66.9364	67.3211
61.8804	67.6024	67.3219
61.8904	67.4359	67.3243
61.9004	67.1029	67.3251
61.9106	67.1861	67.3252
61.9203	67.2694	67.3257
61.9305	66.6866	67.3248
61.9403	67.2694	67.3238
61.9499	66.4368	67.3222
61.9604	67.2694	67.3205
61.9704	67.1029	67.3208
61.9804	66.6033	67.3191
61.9904	67.1029	67.3175
62.0004	67.2694	67.3178
62.0104	67.3526	67.3189
62.0204	66.9364	67.3190
62.0304	66.6866	67.3171
62.0405	67.5192	67.3169
62.0505	66.6866	67.3167
62.0604	67.0196	67.3151
62.0704	66.6866	67.3134
62.0804	66.9364	67.3115
62.0904	66.6866	67.3096
62.1005	67.1861	67.3085
62.1104	67.0196	67.3084
62.1204	67.2694	67.3085
62.1304	66.8531	67.3081
62.1404	67.1029	67.3072
62.1504	67.2694	67.3076
62.1605	67.1029	67.3080
62.1705	66.6866	67.3066
62.1804	67.1029	67.3052
62.1905	66.4368	67.3031
62.2005	66.9364	67.3005
62.2104	66.8531	67.2991
62.2205	67.4359	67.2993
62.2305	67.1029	67.3002
62.2404	66.9364	67.2996
62.2505	66.9364	67.2985
62.2605	66.8531	67.2971
62.2705	67.4359	67.2973
62.2806	66.9364	67.2977
62.2905	67.5192	67.2984
62.3005	67.1861	67.2998
62.3108	67.9355	67.3024
62.3205	67.5192	67.3060
62.3305	67.1029	67.3072
62.3405	67.1861	67.3073
62.3506	67.4359	67.3084
62.3605	67.2694	67.3098
62.3705	67.6857	67.3119
62.3805	66.9364	67.3130
62.3906	66.9364	67.3118
62.4005	66.6033	67.3096
62.4105	67.2694	67.3085
62.4205	66.9364	67.3083
62.4305	67.4359	67.3087
62.4405	67.4359	67.3105
62.4506	67.4359	67.3124
62.4606	67.2694	67.3137
62.4709	67.1029	67.3141
62.4806	67.1029	67.3139
62.4908	66.7698	67.3127
62.5007	67.4359	67.3126
62.5106	67.3526	67.3141
62.5207	66.9364	67.3142
62.5307	67.2694	67.3141
62.5406	67.4359	67.3154
62.5507	66.4368	67.3142
62.5607	66.9364	67.3115
62.5706	67.4359	67.3118
62.5806	67.2694	67.3132
62.5907	67.0196	67.3133
62.6007	66.9364	67.3123
62.6106	67.2694	67.3122
62.6206	67.2694	67.3130
62.6307	67.1029	67.3133
62.6406	66.3536	67.3109
62.6506	67.2694	67.3090
62.6607	67.2694	67.3098
62.6706	66.7698	67.3092
62.6806	66.9364	67.3075
62.6907	67.1029	67.3068
62.7007	67.1029	67.3067
62.7107	66.7698	67.3055
62.7207	67.2694	67.3049
62.7308	66.9364	67.3048
62.7407	66.7698	67.3031
62.7507	66.9364	67.3015
62.7606	67.1861	67.3011
62.7707	67.2694	67.3017
62.7808	67.1029	67.3021
62.7907	67.7690	67.3040
62.8007	66.6033	67.3043
62.8106	67.1861	67.3029
62.8207	67.1029	67.3030
62.8308	66.9364	67.3024
62.8407	66.7698	67.3008
62.8507	66.6033	67.2981
62.8608	66.6866	67.2952
62.8707	67.0196	67.2936
62.8807	67.4359	67.2943
62.8908	67.2694	67.2957
62.9007	67.1861	67.2963
62.9109	66.4368	67.2945
62.9214	67.1029	67.2923
62.9307	67.2694	67.2927
62.9407	67.1029	67.2931
62.9507	67.3526	67.2938
62.9597	67.4359	67.2954
62.9708	67.2694	67.2968
62.9808	67.3526	67.2980
62.9907	67.1029	67.2986
63.0009	67.1861	67.2987
63.0107	67.4359	67.2998
63.0197	66.4368	67.2987
63.0308	67.4359	67.2976
63.0408	67.7690	67.3005
63.0507	66.6866	67.3011
63.0609	67.3526	67.3005
63.0708	67.1861	67.3013
63.0797	67.2694	67.3019
63.0907	67.2694	67.3028
63.1008	66.7698	67.3022
63.1107	66.7698	67.3000
63.1208	66.5201	67.2971
63.1308	67.5192	67.2965
63.1398	66.9364	67.2971
63.1510	67.2694	67.2970
63.1608	67.1029	67.2974
63.1708	66.7698	67.2963
63.1808	67.2694	67.2957
63.1908	66.1038	67.2930
63.1999	66.9364	67.2894
63.2098	66.7698	67.2878
63.2208	67.0196	67.2865
63.2318	67.0196	67.2859
63.2409	67.6024	67.2871
63.2508	67.4359	67.2895
63.2598	67.4359	67.2914
63.2699	67.2694	67.2928
63.2808	66.8531	67.2925
63.2909	67.2694	67.2921
63.3010	66.6866	67.2913
63.3108	67.3526	67.2907
63.3199	67.6024	67.2928
63.3299	67.4359	67.2952
63.3409	67.4359	67.2971
63.3509	66.9364	67.2975
63.3610	67.1029	67.2969
63.3708	67.4359	67.2978
63.3801	66.9364	67.2982
63.3900	67.1861	67.2978
63.3998	67.6024	67.2994
63.4111	67.2694	67.3013
63.4209	66.9364	67.3011
63.4309	66.7698	67.2995
63.4409	67.4359	67.2994
63.4500	67.1029	67.3002
63.4599	67.1029	67.3001
63.4710	67.2694	67.3005
63.4809	66.9364	67.3003
63.4909	67.1029	67.2997
63.4999	67.2694	67.3001
63.5098	67.6857	67.3022
63.5198	66.9364	67.3033
63.5309	67.0196	67.3024
63.5410	67.1029	67.3020
63.5509	66.7698	67.3008
63.5599	67.1029	67.2997
63.5699	66.5201	67.2978
63.5799	66.6866	67.2947
63.5910	66.7698	67.2923
63.6009	67.9355	67.2937
63.6110	67.1029	67.2961
63.6211	67.1029	67.2960
63.6299	66.9364	67.2953
63.6401	66.8531	67.2940
63.6500	66.9364	67.2926
63.6610	66.9364	67.2915
63.6710	66.7698	67.2899
63.6811	66.9364	67.2883
63.6899	66.7698	67.2867
63.7000	66.7698	67.2846
63.7100	67.6024	67.2850
63.7210	67.2694	67.2869
63.7310	67.1029	67.2873
63.7400	66.4368	67.2852
63.7500	67.6024	67.2847
63.7601	67.4359	67.2871
63.7700	67.6024	67.2895
63.7810	66.1038	67.2879
63.7910	67.1861	67.2850
63.8010	67.1029	67.2852
63.8101	66.7698	67.2841
63.8201	66.7698	67.2820
63.8300	67.1029	67.2809
63.8401	67.4359	67.2818
63.8511	66.9364	67.2823
63.8610	66.9364	67.2812
63.8701	66.8531	67.2799
63.8800	67.4359	67.2800
63.8900	66.9364	67.2805
63.9000	66.8531	67.2791
63.9111	66.9364	67.2778
63.9210	66.6033	67.2758
63.9301	67.1029	67.2742
63.9401	67.1029	67.2742
63.9500	67.2694	67.2746
63.9601	67.1029	67.2751
63.9712	67.4359	67.2760
63.9810	66.6033	67.2755
63.9901	66.9364	67.2734
64.0002	67.2694	67.2734
64.0101	67.1861	67.2741
64.0201	67.0196	67.2740
64.0311	67.2694	67.2742
64.0410	66.9364	67.2742
64.0501	67.1029	67.2736
64.0602	67.2694	67.2741
64.0701	67.6024	67.2760
64.0801	67.1029	67.2775
64.0901	66.7698	67.2764
64.1012	67.5192	67.2766
64.1101	67.0196	67.2775
64.1201	67.2694	67.2777
64.1301	67.2694	67.2786
64.1401	66.9364	67.2786
64.1501	67.4359	67.2790
64.1611	67.2694	67.2804
64.1711	67.4359	67.2818
64.1801	67.2694	67.2833
64.1901	67.1029	67.2837
64.2001	67.2694	67.2841
64.2101	67.4359	67.2855
64.2211	66.9364	67.2859
64.2311	67.2694	67.2858
64.2402	67.1029	67.2862
64.2503	67.2694	67.2866
64.2602	66.3536	67.2847
64.2703	66.9364	67.2818
64.2811	67.1861	67.2815
64.2902	67.2694	67.2822
64.3002	67.1861	67.2828
64.3102	67.3526	67.2837
64.3201	67.2694	67.2849
64.3303	66.4368	67.2833
64.3402	68.2685	67.2847
64.3512	67.4359	67.2891
64.3604	67.2694	67.2905
64.3702	67.1861	67.2911
64.3802	67.2694	67.2917
64.3902	66.9364	67.2916
64.4003	67.2694	67.2915
64.4112	67.1861	67.2921
64.4203	66.8531	67.2914
64.4303	67.1029	67.2906
64.4402	67.0196	67.2902
64.4503	66.6866	67.2885
64.4602	67.1029	67.2872
64.4712	66.6866	67.2858
64.4802	66.7698	67.2834
64.4902	66.7698	67.2813
64.5002	66.9364	67.2797
64.5102	66.8531	67.2784
64.5202	67.1029	67.2776
64.5301	67.1029	67.2775
64.5402	67.2694	67.2779
64.5503	67.2694	67.2788
64.5604	66.7698	67.2782
64.5703	67.3526	67.2779
64.5804	66.4368	67.2766
64.5904	66.7698	67.2735
64.6005	67.4359	67.2734
64.6104	66.6033	67.2729
64.6204	67.1029	67.2713
64.6306	66.6033	67.2697
64.6403	67.1029	67.2682
64.6504	67.2694	67.2687
64.6604	66.7698	67.2681
64.6704	67.5192	67.2683
64.6804	66.9364	67.2690
64.6904	67.2694	67.2690
64.7003	67.2694	67.2700
64.7105	67.1861	67.2707
64.7204	66.9364	67.2704
64.7304	67.6024	67.2713
64.7404	66.7698	67.2718
64.7504	66.6033	67.2692
64.7606	67.1029	67.2677
64.7704	67.3526	67.2684
64.7803	67.1029	67.2691
64.7904	66.9364	67.2685
64.8004	66.6033	67.2665
64.8104	67.1029	67.2650
64.8204	67.1029	67.2649
64.8304	66.9364	67.2644
64.8404	66.9364	67.2634
64.8505	67.4359	67.2639
64.8604	67.4359	67.2658
64.8704	67.3526	67.2676
64.8805	66.6866	67.2670
64.8905	66.4368	67.2637
64.9004	67.2694	67.2622
64.9104	67.2694	67.2632
64.9204	67.6024	67.2652
64.9305	67.0196	67.2664
64.9405	67.1861	67.2664
64.9505	67.2694	67.2671
64.9608	66.6866	67.2663
64.9704	67.1029	67.2650
64.9805	67.1029	67.2650
64.9904	66.7698	67.2640
65.0005	66.9364	67.2624
65.0105	66.6033	67.2604
65.0204	67.0196	67.2586
65.0305	67.6857	67.2601
65.0404	66.6033	67.2604
65.0505	67.2694	67.2594
65.0605	66.9364	67.2594
65.0705	66.7698	67.2579
65.0805	67.4359	67.2578
65.0905	67.2694	67.2593
65.1005	67.1029	67.2598
65.1105	67.3526	67.2606
65.1206	67.1861	67.2616
65.1305	67.3526	67.2625
65.1405	67.1029	67.2633
65.1506	67.2694	67.2638
65.1606	67.5192	67.2655
65.1706	67.6857	67.2684
65.1805	67.0196	67.2699
65.1905	67.8522	67.2719
65.2006	66.1038	67.2710
65.2105	67.1029	67.2680
65.2205	67.1861	67.2682
65.2306	66.9364	67.2679
65.2405	67.4359	67.2683
65.2505	66.9364	67.2688
65.2606	66.9364	67.2677
65.2705	67.1029	67.2672
65.2805	66.9364	67.2667
65.2906	66.6033	67.2646
65.3006	66.7698	67.2621
65.3106	67.1029	67.2611
65.3206	67.4359	67.2620
65.3306	67.2694	67.2635
65.3406	67.2694	67.2645
65.3506	67.2694	67.2654
65.3606	66.7698	67.2649
65.3706	67.2694	67.2644
65.3806	66.6033	67.2634
65.3905	66.7698	67.2608
65.4006	67.3526	67.2606
65.4105	67.2694	67.2618
65.4207	67.1029	67.2623
65.4307	67.4359	67.2632
65.4406	67.1029	67.2642
65.4506	67.1861	67.2644
65.4607	66.8531	67.2639
65.4706	67.2694	67.2636
65.4806	67.2694	67.2646
65.4907	67.2694	67.2656
65.5007	67.1029	67.2661
65.5106	67.1029	67.2660
65.5208	66.8531	67.2652
65.5307	67.2694	67.2649
65.5406	66.9364	67.2649
65.5507	66.6033	67.2629
65.5606	66.9364	67.2609
65.5706	66.6866	67.2591
65.5810	66.6866	67.2566
65.5906	66.1871	67.2526
65.6006	66.5201	67.2481
65.6107	66.9364	67.2459
65.6207	66.7698	67.2444
65.6308	67.3526	67.2442
65.6408	67.6024	67.2465
65.6506	66.4368	67.2460
65.6598	66.3536	67.2418
65.6707	66.7698	67.2386
65.6807	66.9364	67.2372
65.6907	66.9364	67.2363
65.7007	66.9364	67.2354
65.7107	67.6024	67.2364
65.7197	66.9364	67.2375
65.7307	66.9364	67.2366
65.7407	67.1029	67.2362
65.7515	67.0196	67.2360
65.7610	67.0196	67.2356
65.7707	67.1861	67.2357
65.7798	66.7698	67.2350
65.7908	66.9364	67.2336
65.8008	66.9364	67.2327
65.8108	67.1861	67.2325
65.8209	67.6857	67.2346
65.8307	67.0196	67.2362
65.8400	66.9364	67.2356
65.8498	67.3526	67.2359
65.8609	66.9364	67.2362
65.8708	66.6866	67.2346
65.8808	66.6033	67.2319
65.8909	66.9364	67.2300
65.9000	66.7698	67.2286
65.9098	67.1861	67.2280
65.9209	66.9364	67.2279
65.9309	67.6857	67.2292
65.9408	67.0196	67.2308
65.9509	67.5192	67.2320
65.9608	66.7698	67.2323
65.9698	66.4368	67.2294
65.9809	66.2703	67.2250
65.9909	67.3526	67.2234
66.0008	67.1029	67.2243
66.0108	67.0196	67.2242
66.0209	67.2694	67.2246
66.0300	66.9364	67.2247
66.0409	66.8531	67.2236
66.0508	66.9364	67.2225
66.0610	66.7698	67.2212
66.0709	66.8531	67.2196
66.0808	66.5201	67.2172
66.0899	66.8531	67.2149
66.0998	67.3526	67.2151
66.1108	67.4359	67.2170
66.1209	66.7698	67.2172
66.1309	67.1029	67.2163
66.1398	66.9364	67.2160
66.1499	67.3526	67.2164
66.1598	66.6033	67.2158
66.1708	67.3526	67.2153
66.1809	67.0196	67.2159
66.1908	67.2694	67.2164
66.2008	67.1861	67.2173
66.2099	66.7698	67.2167
66.2199	66.9364	67.2154
66.2309	66.7698	67.2140
66.2409	67.0196	67.2130
66.2509	66.9364	67.2124
66.2609	66.3536	67.2098
66.2699	66.9364	67.2073
66.2799	67.6024	67.2085
66.2909	67.2694	67.2107
66.3010	66.6866	67.2101
66.3109	67.4359	67.2100
66.3209	67.1029	67.2112
66.3299	67.0196	67.2112
66.3399	67.0196	67.2109
66.3499	66.7698	67.2098
66.3609	67.2694	67.2095
66.3709	67.2694	67.2107
66.3810	67.1861	67.2116
66.3899	67.0196	67.2118
66.3999	67.1029	67.2117
66.4100	67.1861	67.2122
66.4209	67.2694	67.2131
66.4310	67.1029	67.2138
66.4410	66.7698	67.2130
66.4500	66.8531	67.2114
66.4599	66.9364	67.2104
66.4699	67.3526	67.2108
66.4809	67.6024	67.2132
66.4909	66.8531	67.2142
66.5011	66.8531	67.2129
66.5100	67.2694	67.2128
66.5200	67.1029	67.2135
66.5300	66.9364	67.2132
66.5401	66.6033	67.2114
66.5510	66.7698	67.2091
66.5610	67.4359	67.2092
66.5699	67.2694	67.2109
66.5800	67.0196	67.2114
66.5899	67.1029	67.2113
66.6001	67.1861	67.2118
66.6109	67.6857	67.2140
66.6210	67.6024	67.2174
66.6300	66.8531	67.2183
66.6401	67.1029	67.2177
66.6500	66.9364	67.2174
66.6600	67.1861	67.2173
66.6710	67.1861	67.2180
66.6810	66.4368	67.2164
66.6900	67.2694	67.2151
66.7001	66.7698	67.2148
66.7102	66.7698	67.2130
66.7200	67.2694	67.2126
66.7311	67.0196	67.2131
66.7411	67.0196	67.2128
66.7511	67.3526	67.2135
66.7601	67.0196	67.2142
66.7701	67.3526	67.2148
66.7800	67.0196	67.2155
66.7901	67.1029	67.2155
66.8011	67.3526	67.2164
66.8110	66.6866	67.2161
66.8201	67.4359	67.2160
66.8300	66.9364	67.2167
66.8401	67.3526	67.2171
66.8501	67.4359	67.2190
66.8610	66.9364	67.2197
66.8702	66.9364	67.2188
66.8801	66.8531	67.2177
66.8901	66.5201	67.2154
66.9001	67.3526	67.2146
66.9102	66.7698	67.2145
66.9213	67.2694	67.2142
66.9312	66.7698	67.2139
66.9402	66.9364	67.2126
66.9501	67.1029	67.2123
66.9601	66.6033	67.2110
66.9702	67.4359	67.2107
66.9801	67.7690	67.2138
66.9911	67.2694	67.2165
67.0001	67.6024	67.2187
67.0101	67.3526	67.2211
67.0201	67.8522	67.2243
67.0301	66.7698	67.2257
67.0402	66.7698	67.2238
67.0512	67.1861	67.2232
67.0602	67.3526	67.2244
67.0701	67.2694	67.2258
67.0802	67.4359	67.2274
67.0902	66.5201	67.2268
67.1002	67.1029	67.2252
67.1112	67.1029	67.2254
67.1202	66.8531	67.2248
67.1301	67.1861	67.2244
67.1402	66.9364	67.2243
67.1502	67.4359	67.2250
67.1602	67.1861	67.2264
67.1712	67.1861	67.2270
67.1802	66.9364	67.2269
67.1902	66.9364	67.2260
67.2002	67.5192	67.2269
67.2102	67.4359	67.2293
67.2210	66.6033	67.2290
67.2302	67.1029	67.2276
67.2402	66.1871	67.2250
67.2502	66.4368	67.2204
67.2603	66.6866	67.2173
67.2703	67.2694	67.2167
67.2804	67.6024	67.2189
67.2903	67.4359	67.2216
67.3005	67.2694	67.2233
67.3104	67.4359	67.2249
67.3203	66.4368	67.2241
67.3303	66.7698	67.2212
67.3404	67.4359	67.2214
67.3503	66.7698	67.2215
67.3603	66.6866	67.2195
67.3705	67.1029	67.2184
67.3804	66.9364	67.2181
67.3903	66.8531	67.2170
67.4004	67.9355	67.2189
67.4103	66.8531	67.2208
67.4203	67.1029	67.2203
67.4304	67.2694	67.2209
67.4404	66.7698	67.2206
67.4503	66.7698	67.2188
67.4604	66.7698	67.2170
67.4704	66.7698	67.2151
67.4803	67.1861	67.2146
67.4904	67.4359	67.2160
67.5003	67.1029	67.2172
67.5103	67.1861	67.2177
67.5205	66.9364	67.2176
67.5304	66.6033	67.2158
67.5403	67.4359	67.2155
67.5505	66.8531	67.2159
67.5604	66.7698	67.2143
67.5704	67.6024	67.2150
67.5804	66.9364	67.2162
67.5904	67.3526	67.2167
67.6004	67.5192	67.2189
67.6104	67.1029	67.2203
67.6204	66.6033	67.2190
67.6304	66.9364	67.2171
67.6404	67.2694	67.2173
67.6504	67.4359	67.2190
67.6605	67.1029	67.2202
67.6704	67.1861	67.2206
67.6803	67.2694	67.2216
67.6905	66.9364	67.2217
67.7004	67.1861	67.2217
67.7104	67.4359	67.2231
67.7204	66.9364	67.2238
67.7304	67.3526	67.2242
67.7404	67.1029	67.2251
67.7506	67.1861	67.2255
67.7604	67.0196	67.2257
67.7704	66.9364	67.2251
67.7805	67.1029	67.2247
67.7904	67.1029	67.2249
67.8004	67.1029	67.2251
67.8105	66.9364	67.2247
67.8205	67.4359	67.2254
67.8304	66.7698	67.2256
67.8407	66.9364	67.2242
67.8505	66.6033	67.2224
67.8604	67.6024	67.2226
67.8704	67.1029	67.2243
67.8805	67.0196	67.2242
67.8905	67.7690	67.2261
67.9005	67.5192	67.2295
67.9105	67.5192	67.2322
67.9205	66.7698	67.2326
67.9304	67.1029	67.2317
67.9405	67.2694	67.2323
67.9505	67.1029	67.2330
67.9605	66.6033	67.2316
67.9704	66.6033	67.2287
67.9805	66.9364	67.2269
67.9905	67.1029	67.2265
68.0006	67.2694	67.2272
68.0106	67.1029	67.2279
68.0205	66.9364	67.2275
68.0305	67.6857	67.2289
68.0406	66.7698	67.2298
68.0507	66.9364	67.2285
68.0606	66.9364	67.2276
68.0705	66.9364	67.2268
68.0806	67.3526	67.2272
68.0905	67.3526	67.2289
68.1006	66.9364	67.2293
68.1105	66.9364	67.2284
68.1205	67.1029	67.2281
68.1306	67.4359	67.2292
68.1405	67.1029	67.2304
68.1505	67.0196	67.2303
68.1606	67.1029	67.2302
68.1705	66.9364	67.2298
68.1806	66.7698	67.2285
68.1906	67.5192	67.2289
68.2007	67.1029	67.2303
68.2106	66.7698	67.2294
68.2205	67.1029	67.2286
68.2306	67.0196	67.2285
68.2406	67.1029	67.2284
68.2506	66.9364	67.2280
68.2606	67.2694	67.2282
68.2706	66.9364	67.2284
68.2807	67.1029	67.2280
68.2906	67.1029	67.2282
68.3007	66.8531	67.2276
68.3115	67.1029	67.2270
68.3206	66.4368	67.2252
68.3306	67.7690	67.2253
68.3406	66.9364	67.2270
68.3506	67.3526	67.2274
68.3606	67.1861	67.2286
68.3706	67.2694	67.2295
68.3806	67.1029	67.2302
68.3908	66.9364	67.2298
68.4006	66.9364	67.2290
68.4106	66.7698	67.2276
68.4206	66.6033	67.2253
68.4307	67.4359	67.2250
68.4406	67.2694	67.2267
68.4507	67.1029	67.2273
68.4607	67.5192	67.2288
68.4707	67.1029	67.2302
68.4807	67.6024	67.2318
68.4908	67.1029	67.2335
68.5008	66.6866	67.2324
68.5107	66.6866	67.2301
68.5206	67.0196	67.2287
68.5306	67.2694	67.2291
68.5407	66.7698	67.2288
68.5497	67.2694	67.2285
68.5607	66.6033	67.2276
68.5707	67.4359	67.2273
68.5807	67.3526	67.2292
68.5907	67.1029	67.2301
68.6007	67.2694	67.2308
68.6097	67.3526	67.2322
68.6208	67.0196	67.2328
68.6308	66.6033	67.2312
68.6407	66.9364	67.2294
68.6508	66.9364	67.2286
68.6607	67.3526	67.2290
68.6698	66.9364	67.2294
68.6808	66.5201	67.2273
68.6907	66.7698	67.2247
68.7008	67.1029	67.2239
68.7108	66.9364	67.2236
68.7209	67.3526	67.2240
68.7297	67.1861	67.2252
68.7408	66.7698	67.2247
68.7507	67.2694	67.2244
68.7608	67.2694	67.2256
68.7707	67.1029	67.2263
68.7810	67.6024	67.2279
68.7897	66.6033	67.2281
68.7998	67.0196	67.2266
68.8107	66.2703	67.2240
68.8208	67.3526	67.2224
68.8309	67.2694	67.2239
68.8407	66.7698	67.2236
68.8498	66.8531	67.2221
68.8598	67.1029	67.2215
68.8708	66.3536	67.2195
68.8810	67.1029	67.2175
68.8908	67.4359	67.2187
68.9008	67.1029	67.2199
68.9099	66.7698	67.2191
68.9197	67.1029	67.2184
68.9308	66.8531	67.2178
68.9416	67.2694	67.2178
68.9508	67.1029	67.2185
68.9609	66.9364	67.2183
68.9707	66.6033	67.2165
68.9798	66.2703	67.2127
68.9898	67.1029	67.2105
69.0008	67.1861	67.2110
69.0109	66.9364	67.2110
69.0209	67.0196	67.2105
69.0299	67.8522	67.2127
69.0398	67.1029	67.2152
69.0498	67.3526	67.2162
69.0609	67.4359	67.2182
69.0708	67.2694	67.2199
69.0808	66.9364	67.2202
69.0898	66.3536	67.2176
69.0998	67.2694	67.2161
69.1099	67.4359	67.2178
69.1209	66.9364	67.2185
69.1308	66.6866	67.2170
69.1408	67.1029	67.2160
69.1509	66.9364	67.2157
69.1599	66.6033	67.2140
69.1700	67.5192	67.2139
69.1810	67.2694	67.2159
69.1909	66.8531	67.2159
69.2008	67.1029	67.2154
69.2109	66.9364	67.2152
69.2199	67.0196	67.2146
69.2299	67.2694	67.2151
69.2399	67.4359	67.2169
69.2509	67.1029	67.2181
69.2609	67.1029	67.2183
69.2699	66.7698	67.2176
69.2800	67.1861	67.2170
69.2899	66.4368	67.2155
69.2999	66.6033	67.2123
69.3110	66.8531	67.2103
69.3209	67.2694	67.2103
69.3310	67.2694	67.2115
69.3400	67.3526	67.2130
69.3500	66.7698	67.2130
69.3599	67.2694	67.2128
69.3710	66.9364	67.2130
69.3811	66.9364	67.2123
69.3910	65.9373	67.2085
69.4000	67.5192	67.2065
69.4101	66.1038	67.2051
69.4200	66.9364	67.2018
69.4300	66.8531	67.2009
69.4410	66.6866	67.1992
69.4509	66.8531	67.1975
69.4600	66.7698	67.1960
69.4700	67.1029	67.1953
69.4800	67.2694	67.1961
69.4900	67.1029	67.1970
69.5010	67.2694	67.1978
69.5110	66.4368	67.1966
69.5200	66.6033	67.1934
69.5301	66.6866	67.1910
69.5401	67.0196	67.1898
69.5502	67.5192	67.1911
69.5611	67.2694	67.1932
69.5711	67.5192	67.1953
69.5800	66.1038	67.1939
69.5900	66.3536	67.1889
69.6001	67.5192	67.1883
69.6101	66.8531	67.1891
69.6212	67.0196	67.1885
69.6311	67.8522	67.1908
69.6401	67.4359	67.1944
69.6503	66.7698	67.1947
69.6601	67.4359	67.1950
69.6701	66.6033	67.1948
69.6801	67.6857	67.1954
69.6911	67.8522	67.1997
69.7000	67.4359	67.2033
69.7101	67.1029	67.2046
69.7201	67.7690	67.2068
69.7300	66.7698	67.2081
69.7402	67.7690	67.2094
69.7510	67.0196	67.2114
69.7601	67.2694	67.2119
69.7702	67.2694	67.2131
69.7801	66.4368	67.2119
69.7901	66.7698	67.2091
69.8001	67.6024	67.2099
69.8111	67.1861	67.2119
69.8201	67.1861	67.2126
69.8301	67.3526	67.2139
69.8401	67.4359	67.2159
69.8501	67.1029	67.2171
69.8603	66.6866	67.2161
69.8702	66.6866	67.2138
69.8811	66.6866	67.2116
69.8903	66.9364	67.2101
69.9001	67.1029	67.2098
69.9102	67.1029	67.2101
69.9202	67.1861	67.2106
69.9302	67.1861	67.2113
69.9414	66.5201	67.2101
69.9503	67.0196	67.2083
69.9601	66.5201	67.2066
69.9702	67.1861	67.2054
69.9802	66.9364	67.2054
69.9902	66.8531	67.2044
70.0012	67.1861	67.2042
70.0103	67.4359	67.2057
70.0201	67.1861	67.2073
70.0303	66.6866	67.2065
70.0404	67.1861	67.2058
70.0503	67.5192	67.2076
70.0603	67.1861	67.2093
70.0704	66.7698	67.2088
70.0803	67.4359	67.2091
70.0905	66.9364	67.2099
70.1004	66.9364	67.2091
70.1103	66.2703	67.2064
70.1204	66.2703	67.2016
70.1303	66.8531	67.1986
70.1402	66.6866	67.1969
70.1504	67.1029	67.1960
70.1603	67.1029	67.1963
70.1704	67.6024	67.1981
70.1805	66.4368	67.1979
70.1903	67.4359	67.1971
70.2004	67.4359	67.1994
70.2105	67.4359	67.2017
70.2203	67.2694	67.2035
70.2304	66.4368	67.2022
70.2404	66.6866	67.1993
70.2503	67.2694	67.1988
70.2604	67.8522	67.2018
70.2704	66.8531	67.2036
70.2804	67.9355	67.2056
70.2903	67.6024	67.2099
70.3003	67.1029	67.2116
70.3103	67.7690	67.2138
70.3204	67.3526	67.2168
70.3305	67.4359	67.2188
70.3403	67.2694	67.2205
70.3504	67.2694	67.2217
70.3604	67.2694	67.2229
70.3703	66.5201	67.2218
70.3803	67.1861	67.2205
70.3903	67.1861	67.2212
70.4003	67.1861	67.2219
70.4104	67.2694	67.2228
70.4203	66.9364	67.2230
70.4303	67.1861	67.2230
70.4404	67.0196	67.2232
70.4503	67.3526	67.2239
70.4603	67.5192	67.2261
70.4704	66.9364	67.2270
70.4804	66.6033	67.2252
70.4904	67.4359	67.2249
70.5004	66.4368	67.2240
70.5104	67.7690	67.2242
70.5205	67.1029	67.2264
70.5303	67.1029	67.2266
70.5404	66.8531	67.2260
70.5504	67.8522	67.2277
70.5604	67.7690	67.2322
70.5705	67.1029	67.2343
70.5803	66.4368	67.2325
70.5903	66.7698	67.2296
70.6003	67.1029	67.2288
70.6103	66.7698	67.2280
70.6204	67.1029	67.2272
70.6303	67.1029	67.2274
70.6404	67.5192	67.2288
70.6504	66.6866	67.2290
70.6603	67.0196	67.2277
70.6704	67.2694	67.2281
70.6804	67.2694	67.2293
70.6904	67.1861	67.2302
70.7005	67.6024	67.2321
70.7105	66.9364	67.2333
70.7217	67.4359	67.2340
70.7305	67.0196	67.2349
70.7404	66.9364	67.2343
70.7504	67.4359	67.2349
70.7604	66.4368	67.2341
70.7704	67.2694	67.2327
70.7804	66.3536	67.2312
70.7909	66.9364	67.2286
70.8004	66.9364	67.2277
70.8105	66.8531	67.2267
70.8204	67.2694	67.2266
70.8304	67.2694	67.2278
70.8406	67.2694	67.2290
70.8505	66.7698	67.2286
70.8604	66.5201	67.2260
70.8706	67.4359	67.2255
70.8804	67.3526	67.2274
70.8904	66.9364	67.2278
70.9005	66.8531	67.2267
70.9105	66.6866	67.2249
70.9205	67.6024	67.2254
70.9305	67.1029	67.2270
70.9405	67.5192	67.2285
70.9505	67.4359	67.2309
70.9606	66.6033	67.2305
70.9705	66.8531	67.2284
70.9805	66.7698	67.2269
70.9906	66.8531	67.2253
71.0005	67.1861	67.2250
71.0105	66.7698	67.2244
71.0205	67.3526	67.2243
71.0305	67.6024	67.2267
71.0405	67.1861	67.2287
71.0505	67.6024	67.2306
71.0605	67.1861	67.2325
71.0705	66.6033	67.2314
71.0806	67.1861	67.2303
71.0905	66.9364	67.2302
71.1006	67.1861	67.2301
71.1106	66.9364	67.2300
71.1205	67.1861	67.2299
71.1306	66.7698	67.2293
71.1406	67.0196	67.2282
71.1506	67.1861	67.2284
71.1606	67.3526	67.2296
71.1707	67.2694	67.2310
71.1806	67.6024	67.2331
71.1906	67.0196	67.2345
71.2006	67.4359	67.2354
71.2106	66.8531	67.2358
71.2209	66.6033	67.2337
71.2306	67.5192	67.2336
71.2406	66.8531	67.2342
71.2507	67.2694	67.2341
71.2607	67.1029	67.2347
71.2706	66.7698	67.2339
71.2806	66.7698	67.2320
71.2906	66.9364	67.2307
71.3006	67.1029	67.2303
71.3107	66.7698	67.2295
71.3206	67.2694	67.2291
71.3306	67.6024	67.2313
71.3406	67.6857	67.2347
71.3507	67.1861	67.2368
71.3606	67.4359	67.2382
71.3711	67.4359	67.2403
71.3807	67.6024	67.2429
71.3906	67.4359	67.2455
71.4007	66.2703	67.2441
71.4107	67.1861	67.2420
71.4207	67.2694	67.2428
71.4308	66.8531	67.2427
71.4396	67.3526	67.2428
71.4509	66.9364	67.2431
71.4608	66.9364	67.2422
71.4706	66.9364	67.2413
71.4807	66.7698	67.2399
71.4907	67.2694	67.2395
71.4996	67.3526	67.2409
71.5107	67.2694	67.2423
71.5207	66.5201	67.2411
71.5307	67.4359	67.2405
71.5407	66.9364	67.2411
71.5509	66.9364	67.2402
71.5597	66.8531	67.2391
71.5707	67.4359	67.2394
71.5807	67.6024	67.2420
71.5907	66.9364	67.2431
71.6007	67.4359	67.2437
71.6107	67.0196	67.2446
71.6198	66.7698	67.2434
71.6308	66.7698	67.2415
71.6407	66.7698	67.2396
71.6508	67.1029	67.2387
71.6607	67.4359	67.2398
71.6707	67.1861	67.2412
71.6798	66.9364	67.2411
71.6898	67.0196	67.2404
71.7007	66.9364	67.2398
71.7108	67.1029	67.2394
71.7208	67.2694	67.2400
71.7307	67.1029	67.2406
71.7399	67.6024	67.2422
71.7499	66.7698	67.2428
71.7608	67.2694	67.2424
71.7709	67.0196	67.2427
71.7809	66.7698	67.2416
71.7916	66.3536	67.2384
71.7999	67.2694	67.2368
71.8099	67.1029	67.2374
71.8208	67.1029	67.2375
71.8309	66.7698	67.2367
71.8407	67.8522	67.2380
71.8508	67.4359	67.2414
71.8598	67.6857	67.2443
71.8697	66.9364	67.2456
71.8798	67.2694	67.2457
71.8908	67.1861	67.2465
71.9008	66.8531	67.2461
71.9108	67.2694	67.2459
71.9208	66.9364	67.2460
71.9308	66.9364	67.2451
71.9398	66.9364	67.2442
71.9508	67.5192	67.2450
71.9608	67.2694	67.2469
71.9708	66.7698	67.2465
71.9799	67.1861	67.2459
71.9898	66.6033	67.2449
71.9999	67.4359	67.2446
72.0109	67.1029	67.2458
72.0209	66.5201	67.2442
72.0311	67.2694	67.2432
72.0398	67.1029	67.2439
72.0499	66.6033	67.2426
72.0599	67.0196	67.2411
72.0708	66.6033	67.2396
72.0809	67.0196	67.2381
72.0910	67.1029	67.2381
72.1008	67.5192	67.2396
72.1099	67.2694	67.2416
72.1199	66.6033	67.2409
72.1298	67.1861	67.2399
72.1410	66.6033	67.2389
72.1509	67.1029	67.2376
72.1608	66.8531	67.2372
72.1700	67.6024	67.2382
72.1799	67.6024	67.2415
72.1899	66.6866	67.2420
72.2010	67.4359	67.2420
72.2110	66.7698	67.2422
72.2209	67.2694	67.2419
72.2299	67.0196	67.2424
72.2399	66.3536	67.2401
72.2500	66.9364	67.2376
72.2609	66.9364	67.2368
72.2711	67.4359	67.2375
72.2809	66.7698	67.2377
72.2900	66.9364	67.2364
72.2999	67.1861	67.2363
72.3099	67.1029	67.2368
72.3201	67.1029	67.2370
72.3310	67.4359	67.2382
72.3410	66.6033	67.2379
72.3500	67.1861	67.2368
72.3601	67.1861	67.2375
72.3700	67.2694	67.2385
72.3801	66.9364	67.2386
72.3910	67.0196	67.2381
72.4011	67.1029	67.2380
72.4102	67.1029	67.2382
72.4200	67.1029	67.2384
72.4301	66.6033	67.2371
72.4401	67.1029	67.2357
72.4510	67.6024	67.2374
72.4610	66.6033	67.2376
72.4700	67.1029	67.2363
72.4801	66.9364	67.2360
72.4901	67.2694	67.2362
72.5001	66.7698	67.2358
72.5111	67.1861	67.2353
72.5211	67.1029	67.2357
72.5300	66.7698	67.2349
72.5401	66.8531	67.2333
72.5501	67.2694	67.2333
72.5600	66.6866	67.2327
72.5701	67.1029	67.2317
72.5810	67.2694	67.2323
72.5902	67.1029	67.2330
72.6000	67.2694	67.2337
72.6100	67.9355	67.2369
72.6204	67.7690	67.2415
72.6300	67.1029	67.2436
72.6412	67.5192	67.2449
72.6511	66.9364	67.2458
72.6601	67.6857	67.2471
72.6701	67.1029	67.2489
72.6801	66.9364	67.2484
72.6901	67.2694	67.2484
72.7011	66.8531	67.2482
72.7101	67.1861	67.2477
72.7201	66.8531	67.2473
72.7301	66.7698	67.2455
72.7402	66.6033	67.2431
72.7502	67.2694	67.2421
72.7611	67.4359	67.2436
72.7702	66.8531	67.2438
72.7802	67.3526	67.2438
72.7901	66.7698	67.2436
72.8003	67.4359	67.2435
72.8101	67.6024	67.2460
72.8202	67.1029	67.2474
72.8304	66.9364	67.2468
72.8403	67.4359	67.2472
72.8502	67.7690	67.2500
72.8603	67.6024	67.2533
72.8703	67.2694	67.2551
72.8802	67.6024	67.2568
72.8904	66.9364	67.2576
72.9002	67.2694	67.2572
72.9102	66.7698	67.2564
72.9204	67.1029	67.2550
72.9303	67.6024	67.2561
72.9403	66.7698	67.2561
72.9503	66.9364	67.2542
72.9602	66.6033	67.2517
72.9703	67.0196	67.2494
72.9803	66.6033	67.2471
72.9903	66.8531	67.2443
73.0004	67.2694	67.2435
73.0103	66.9364	67.2429
73.0202	67.2694	67.2423
73.0302	67.1029	67.2421
73.0403	66.7698	67.2405
73.0502	67.2694	67.2392
73.0603	67.3526	67.2397
73.0703	66.9364	67.2392
73.0803	67.4359	67.2389
73.0903	67.1861	67.2392
73.1002	67.2694	67.2391
73.1103	67.1029	67.2386
73.1202	66.7698	67.2366
73.1302	66.9364	67.2341
73.1411	66.4368	67.2305
73.1503	66.6033	67.2259
73.1603	66.6033	67.2217
73.1703	66.1871	67.2163
73.1804	66.7698	67.2114
73.1903	67.1029	67.2092
73.2003	67.1029	67.2079
73.2104	66.9364	67.2062
73.2202	67.3526	67.2051
73.2304	66.7698	67.2035
73.2404	67.1029	67.2011
73.2502	67.4359	67.2006
73.2603	67.4359	67.2011
73.2703	67.0196	67.2004
73.2803	67.0196	67.1983
73.2903	67.2694	67.1969
73.3004	67.5192	67.1970
73.3103	67.1029	67.1966
73.3203	67.1029	67.1948
73.3303	66.4368	67.1911
73.3404	66.7698	67.1862
73.3505	66.7698	67.1824
73.3603	66.7698	67.1785
73.3704	66.9364	67.1750
73.3806	66.6033	67.1710
73.3903	67.3526	67.1683
73.4004	67.1029	67.1669
73.4105	67.1029	67.1648
73.4204	67.4359	67.1637
73.4304	67.2694	67.1629
73.4404	67.4359	67.1621
73.4503	67.4359	67.1618
73.4603	66.9364	67.1599
73.4704	67.1861	67.1573
73.4804	67.3526	67.1558
73.4904	67.1861	67.1542
73.5004	66.8531	67.1511
73.5103	66.4368	67.1457
73.5204	67.0196	67.1408
73.5304	67.4359	67.1388
73.5404	66.4368	67.1351
73.5504	66.5201	67.1285
73.5604	66.7698	67.1229
73.5704	67.1029	67.1190
73.5804	66.9364	67.1156
73.5904	67.4359	67.1131
73.6006	66.6033	67.1096
73.6104	67.4359	67.1060
73.6204	66.6033	67.1024
73.6304	67.0196	67.0975
73.6404	67.1029	67.0941
73.6504	66.6033	67.0893
73.6604	67.4359	67.0856
73.6704	67.6024	67.0847
73.6804	67.1861	67.0831
73.6905	66.9364	67.0795
73.7005	66.6866	67.0742
73.7104	67.1029	67.0695
73.7205	67.1029	67.0660
73.7304	66.9364	67.0619
73.7404	66.6866	67.0566
73.7505	67.1029	67.0517
73.7604	67.4359	67.0490
73.7704	66.9364	67.0458
73.7807	67.1029	67.0415
73.7904	66.5201	67.0360
73.8006	66.7698	67.0295
73.8105	66.7698	67.0236
73.8204	67.1029	67.0188
73.8305	67.1029	67.0149
73.8405	66.6866	67.0097
73.8505	67.0196	67.0042
73.8605	67.3526	67.0007
73.8705	67.1861	66.9977
73.8805	66.8531	66.9931
73.8905	67.1029	66.9883
73.9006	66.6866	66.9829
73.9105	67.2694	66.9780
73.9206	68.1020	66.9773
73.9306	66.6033	66.9746
73.9405	67.2694	66.9693
73.9505	66.7698	66.9645
73.9606	67.1029	66.9591
73.9705	66.1038	66.9518
73.9806	66.7698	66.9434
73.9906	66.6033	66.9365
74.0006	67.0196	66.9303
74.0106	66.7698	66.9246
74.0207	66.9364	66.9186
74.0305	67.5192	66.9148
74.0406	66.4368	66.9095
74.0506	66.7698	66.9019
74.0606	67.3526	66.8971
74.0706	67.1029	66.8932
74.0807	66.6866	66.8873
74.0907	67.2694	66.8818
74.1006	67.1029	66.8776
74.1107	66.4368	66.8708
74.1207	67.0196	66.8638
74.1307	66.4368	66.8568
74.1396	66.0206	66.8467
74.1507	67.4359	66.8397
74.1606	66.2703	66.8333
74.1706	66.9364	66.8255
74.1807	66.8531	66.8193
74.1906	66.4368	66.8117
74.1996	66.7698	66.8038
74.2108	66.6866	66.7966
74.2206	67.3526	66.7912
74.2306	66.7698	66.7860
74.2407	67.1861	66.7803
74.2507	66.7698	66.7746
74.2606	67.1029	66.7686
74.2707	66.5201	66.7618
74.2807	66.6866	66.7538
74.2908	66.6033	66.7461
74.3008	66.1038	66.7366
74.3107	67.1029	66.7285
74.3198	66.4368	66.7215
74.3297	66.0206	66.7113
74.3408	67.1861	66.7033
74.3508	66.6033	66.6970
74.3607	67.2694	66.6910
74.3706	66.7698	66.6855
74.3797	66.9364	66.6790
74.3897	66.6033	66.6720
74.4007	66.6033	66.6640
74.4108	66.9364	66.6570
74.4207	66.4368	66.6495
74.4307	66.1038	66.6395
74.4407	66.6866	66.6302
74.4497	67.0196	66.6238
74.4607	66.8531	66.6178
74.4707	67.1861	66.6124
74.4807	66.8531	66.6069
74.4907	66.9364	66.6007
74.5008	66.3536	66.5930
74.5097	66.5201	66.5841
74.5208	66.8531	66.5767
74.5308	66.7698	66.5701
74.5407	66.5201	66.5624
74.5510	66.6033	66.5543
74.5598	66.7698	66.5470
74.5697	66.7698	66.5401
74.5797	66.0206	66.5310
74.5907	67.2694	66.5235
74.6007	66.7698	66.5182
74.6109	66.6866	66.5112
74.6207	66.6033	66.5037
74.6298	67.1861	66.4977
74.6398	66.7698	66.4922
74.6508	66.7698	66.4855
74.6607	67.2694	66.4803
74.6709	66.1871	66.4734
74.6807	67.1861	66.4662
74.6898	67.2694	66.4624
74.6998	66.9364	66.4578
74.7108	66.1038	66.4497
74.7208	66.4368	66.4401
74.7310	66.7698	66.4326
74.7408	66.1871	66.4243
74.7499	66.3536	66.4149
74.7599	66.2703	66.4057
74.7708	65.5211	66.3940
74.7808	66.5201	66.3832
74.7908	66.7698	66.3761
74.8008	66.6033	66.3693
74.8098	66.6866	66.3623
74.8198	66.1038	66.3538
74.8298	66.5201	66.3449
74.8408	66.8531	66.3382
74.8511	66.4368	66.3314
74.8608	66.8531	66.3245
74.8699	66.2703	66.3172
74.8798	66.3536	66.3085
74.8898	66.3536	66.3000
74.9009	66.6033	66.2923
74.9108	66.5201	66.2852
74.9208	66.6033	66.2781
74.9301	66.5201	66.2710
74.9400	66.4368	66.2635
74.9499	66.9364	66.2573
74.9609	66.1038	66.2501
74.9709	65.9373	66.2400
74.9809	65.7708	66.2289
74.9899	66.3536	66.2191
75.0000	66.9364	66.2129
75.0099	65.7708	66.2049
75.0199	66.2703	66.1950
75.0310	66.4368	66.1872
75.0409	66.1871	66.1791
75.0500	66.0206	66.1699
75.0599	65.7708	66.1594
75.0699	66.1038	66.1493
75.0799	66.3536	66.1409
75.0909	66.2703	66.1331
75.1016	66.2703	66.1251
75.1099	66.6033	66.1182
75.1199	66.6033	66.1123
75.1299	65.9373	66.1045
75.1399	66.1038	66.0952
75.1510	66.2703	66.0870
75.1609	66.5201	66.0801
75.1700	66.1871	66.0730
75.1799	66.2703	66.0652
75.1900	65.6876	66.0559
75.1999	65.8541	66.0455
75.2109	66.6866	66.0381
75.2209	65.1881	66.0288
75.2299	66.4368	66.0188
75.2400	65.9373	66.0111
75.2500	66.2703	66.0029
75.2600	65.7708	65.9943
75.2701	65.6876	65.9841
75.2809	66.0206	65.9746
75.2910	66.5201	65.9677
75.3000	65.7708	65.9601
75.3100	65.8541	65.9505
75.3200	66.3536	65.9427
75.3300	66.1871	65.9360
75.3410	66.0206	65.9284
75.3510	66.0206	65.9203
75.3600	66.4368	65.9135
75.3700	66.0206	65.9067
75.3800	66.1871	65.8993
75.3901	66.0206	65.8919
75.4010	65.9373	65.8838
75.4110	65.6043	65.8745
75.4201	66.0206	65.8655
75.4300	66.2703	65.8585
75.4400	65.9373	65.8514
75.4500	65.7708	65.8428
75.4600	66.1038	65.8347
75.4710	65.8541	65.8270
75.4802	65.6876	65.8180
75.4901	65.9373	65.8094
75.5002	65.1049	65.7990
75.5101	65.7708	65.7883
75.5201	65.7708	65.7795
75.5311	66.1038	65.7718
75.5401	65.7708	65.7642
75.5500	65.8541	65.7559
75.5602	65.8541	65.7478
75.5702	65.5211	65.7388
75.5802	66.1038	65.7307
75.5903	65.5211	65.7225
75.6002	65.6043	65.7129
75.6102	65.6043	65.7037
75.6202	66.0206	65.6957
75.6302	65.6043	65.6878
75.6402	65.5211	65.6784
75.6502	65.4378	65.6686
75.6602	64.9384	65.6571
75.6702	65.1881	65.6449
75.6802	65.4378	65.6343
75.6902	65.4378	65.6245
75.7003	65.7708	65.6157
75.7101	65.1049	65.6060
75.7202	65.4378	65.5954
75.7302	65.6876	65.5865
75.7402	64.9384	65.5762
75.7502	65.2713	65.5648
75.7602	65.4378	65.5548
75.7702	65.7708	65.5465
75.7802	65.2713	65.5377
75.7904	65.1881	65.5272
75.8003	65.8541	65.5186
75.8102	65.7708	65.5117
75.8202	65.5211	65.5039
75.8302	65.4378	65.4951
75.8402	65.4378	65.4862
75.8503	65.4378	65.4772
75.8603	65.2713	65.4679
75.8702	65.2713	65.4581
75.8803	65.0216	65.4476
75.8904	65.3546	65.4374
75.9003	64.9384	65.4270
75.9103	65.2713	65.4165
75.9203	64.9384	65.4060
75.9302	65.3546	65.3958
75.9403	65.0216	65.3859
75.9504	64.9384	65.3748
75.9602	65.4378	65.3651
75.9703	65.9373	65.3584
75.9803	65.2713	65.3512
75.9903	64.8551	65.3409
76.0003	65.2713	65.3306
76.0103	65.2713	65.3216
76.0203	65.2713	65.3127
76.0304	65.6043	65.3048
76.0402	64.7719	65.2955
76.0503	64.7719	65.2837
76.0604	64.9384	65.2725
76.0703	64.8551	65.2616
76.0803	65.1049	65.2512
76.0903	64.9384	65.2412
76.1002	65.4378	65.2322
76.1103	64.7719	65.2228
76.1204	64.9384	65.2119
76.1303	64.4389	65.2001
76.1403	64.4389	65.1869
76.1503	65.2713	65.1762
76.1603	65.2713	65.1681
76.1704	64.8551	65.1588
76.1804	65.2713	65.1496
76.1903	64.9384	65.1406
76.2004	65.1049	65.1313
76.2103	64.7719	65.1215
76.2203	64.6054	65.1102
76.2304	65.1881	65.1003
76.2404	65.0216	65.0916
76.2503	65.1881	65.0831
76.2604	64.7719	65.0738
76.2704	64.9384	65.0639
76.2804	65.4378	65.0560
76.2904	64.6054	65.0472
76.3004	65.1049	65.0375
76.3104	65.3546	65.0301
76.3204	65.2713	65.0232
76.3304	65.2713	65.0162
76.3404	64.8551	65.0080
76.3504	64.8551	64.9986
76.3605	65.3546	64.9907
76.3704	65.0216	64.9835
76.3805	64.6054	64.9740
76.3903	64.5222	64.9632
76.4005	64.4389	64.9519
76.4104	64.6887	64.9411
76.4204	65.2713	64.9330
76.4305	64.9384	64.9257
76.4404	64.6887	64.9167
76.4504	64.2725	64.9058
76.4605	64.9384	64.8957
76.4704	64.6054	64.8867
76.4804	64.6054	64.8768
76.4905	64.6054	64.8670
76.5005	65.1049	64.8587
76.5104	64.7719	64.8511
76.5205	64.7719	64.8425
76.5304	64.6054	64.8335
76.5404	64.6054	64.8240
76.5505	64.6054	64.8147
76.5604	65.2713	64.8074
76.5704	64.9384	64.8012
76.5805	63.7731	64.7906
76.5904	64.8551	64.7799
76.6009	65.1049	64.7732
76.6105	64.3557	64.7651
76.6205	64.2725	64.7546
76.6305	64.6054	64.7449
76.6404	65.1049	64.7378
76.6504	64.8551	64.7316
76.6605	64.9384	64.7249
76.6704	65.1049	64.7191
76.6804	64.6054	64.7123
76.6906	64.3557	64.7034
76.7005	64.2725	64.6935
76.7104	64.3557	64.6838
76.7206	64.6054	64.6751
76.7305	64.5222	64.6671
76.7405	64.9384	64.6601
76.7506	64.0228	64.6517
76.7605	64.5222	64.6421
76.7705	64.2725	64.6334
76.7807	63.9395	64.6230
76.7906	64.0228	64.6120
76.8005	64.1060	64.6016
76.8107	64.4389	64.5926
76.8205	64.1892	64.5839
76.8305	64.4389	64.5752
76.8407	64.7719	64.5685
76.8505	64.5222	64.5621
76.8605	64.6054	64.5552
76.8707	64.6054	64.5487
76.8805	64.3557	64.5416
76.8905	64.3557	64.5338
76.9007	63.7731	64.5243
76.9106	63.9395	64.5137
76.9205	63.8563	64.5035
76.9307	64.1060	64.4938
76.9407	64.1060	64.4850
76.9505	64.6054	64.4778
76.9605	64.3557	64.4715
76.9707	64.4389	64.4648
76.9806	64.6054	64.4589
76.9907	64.1060	64.4521
77.0006	64.1892	64.4441
77.0106	64.1892	64.4366
77.0207	64.3557	64.4296
77.0296	64.4389	64.4234
77.0406	63.6898	64.4154
77.0506	63.8563	64.4057
77.0607	64.1060	64.3974
77.0707	63.9395	64.3894
77.0810	63.8563	64.3808
77.0896	64.4389	64.3738
77.1007	64.6054	64.3691
77.1106	64.2725	64.3641
77.1206	64.0228	64.3573
77.1307	64.2725	64.3507
77.1406	63.2737	64.3420
77.1496	63.9395	64.3323
77.1607	63.7731	64.3243
77.1707	64.0228	64.3166
77.1807	64.2725	64.3105
77.1907	63.5234	64.3030
77.2012	63.9395	64.2947
77.2106	63.9395	64.2877
77.2207	63.7731	64.2803
77.2308	63.7731	64.2725
77.2407	64.1892	64.2660
77.2507	64.2725	64.2612
77.2608	64.0228	64.2559
77.2699	64.2725	64.2507
77.2797	63.2737	64.2434
77.2907	63.7731	64.2347
77.3007	63.8563	64.2278
77.3107	63.9395	64.2215
77.3207	63.5234	64.2143
77.3298	63.7731	64.2067
77.3399	63.5234	64.1992
77.3508	63.7731	64.1918
77.3608	63.7731	64.1852
77.3708	63.6898	64.1785
77.3807	63.6898	64.1716
77.3907	64.0228	64.1658
77.3998	63.7731	64.1604
77.4107	63.5234	64.1535
77.4208	63.7731	64.1467
77.4309	64.3557	64.1425
77.4407	63.8563	64.1387
77.4507	64.2725	64.1347
77.4597	64.1892	64.1317
77.4697	63.3569	64.1261
77.4808	64.3557	64.1211
77.4907	63.7731	64.1174
77.5007	63.6066	64.1115
77.5098	64.1892	64.1070
77.5197	63.5234	64.1023
77.5300	63.2737	64.0950
77.5409	64.0228	64.0892
77.5508	63.2737	64.0835
77.5608	63.7731	64.0771
77.5708	63.9395	64.0729
77.5797	62.8576	64.0659
77.5898	64.0228	64.0593
77.6008	63.5234	64.0548
77.6108	63.1905	64.0479
77.6208	63.6066	64.0413
77.6308	63.7731	64.0366
77.6398	63.7731	64.0324
77.6498	64.1060	64.0293
77.6609	63.9395	64.0268
77.6708	63.5234	64.0226
77.6808	63.5234	64.0173
77.6908	64.0228	64.0135
77.6999	63.7731	64.0105
77.7098	63.6066	64.0064
77.7198	63.5234	64.0016
77.7310	63.1905	63.9956
77.7409	63.4401	63.9894
77.7508	63.3569	63.9839
77.7599	63.6066	63.9789
77.7700	63.4401	63.9742
77.7799	63.1072	63.9681
77.7909	63.6066	63.9626
77.8009	63.9395	63.9597
77.8109	63.3569	63.9562
77.8199	63.9395	63.9526
77.8299	63.5234	63.9497
77.8398	64.1060	63.9473
77.8509	63.6066	63.9453
77.8610	63.0240	63.9401
77.8709	63.6066	63.9349
77.8800	63.1905	63.9304
77.8900	63.7731	63.9264
77.8999	63.6066	63.9238
77.9100	63.9395	63.9217
77.9210	63.1905	63.9185
77.9308	63.1905	63.9131
77.9398	63.4401	63.9085
77.9498	63.2737	63.9042
77.9599	63.6898	63.9008
77.9699	63.7731	63.8989
77.9809	63.5234	63.8966
77.9909	63.4401	63.8934
78.0000	62.8576	63.8882
78.0099	63.5234	63.8834
78.0201	63.3569	63.8801
78.0301	63.4401	63.8767
78.0409	63.5234	63.8738
78.0509	64.0228	63.8727
78.0599	63.6898	63.8722
78.0699	63.9395	63.8714
78.0800	63.1905	63.8692
78.0901	63.0240	63.8644
78.1010	63.4401	63.8603
78.1110	63.1905	63.8567
78.1200	62.8576	63.8515
78.1299	63.2737	63.8466
78.1399	63.5234	63.8437
78.1501	63.1905	63.8407
78.1599	63.4401	63.8374
78.1710	63.9395	63.8364
78.1800	63.6898	63.8362
78.1899	63.1072	63.8336
78.2000	63.4401	63.8302
78.2100	63.6066	63.8284
78.2200	63.9395	63.8281
78.2309	63.4401	63.8274
78.2400	62.6911	63.8229
78.2500	62.9408	63.8170
78.2600	63.5234	63.8136
78.2699	63.2737	63.8113
78.2813	63.4401	63.8088
78.2911	63.1905	63.8060
78.3011	63.6898	63.8041
78.3100	63.0240	63.8017
78.3201	63.4401	63.7986
78.3300	63.2737	63.7962
78.3401	63.7731	63.7949
78.3502	63.4401	63.7942
78.3612	63.4401	63.7924
78.3700	63.6066	63.7912
78.3802	63.1905	63.7893
78.3902	63.4401	63.7869
78.4003	63.7731	63.7863
78.4103	63.3569	63.7855
78.4201	63.4401	63.7837
78.4303	63.4401	63.7821
78.4403	63.6066	63.7811
78.4502	62.9408	63.7786
78.4603	63.1905	63.7749
78.4703	63.6898	63.7735
78.4811	63.1072	63.7718
78.4903	62.8576	63.7677
78.5002	63.6066	63.7651
78.5102	63.3569	63.7641
78.5202	63.4401	63.7625
78.5303	63.4401	63.7613
78.5412	62.6079	63.7575
78.5502	63.1905	63.7531
78.5602	63.1905	63.7504
78.5701	63.4401	63.7485
78.5802	63.7731	63.7483
78.5901	63.1905	63.7474
78.6001	63.6898	63.7463
78.6103	63.0240	63.7447
78.6204	63.1072	63.7414
78.6300	63.6898	63.7401
78.6402	62.8576	63.7380
78.6501	63.7731	63.7362
78.6602	63.7731	63.7372
78.6701	63.4401	63.7372
78.6801	63.2737	63.7357
78.6902	63.1905	63.7335
78.7002	63.6898	63.7325
78.7102	63.5234	63.7325
78.7202	63.4401	63.7318
78.7302	63.5234	63.7311
78.7402	63.6066	63.7309
78.7502	63.3569	63.7302
78.7602	63.6898	63.7298
78.7702	63.4401	63.7296
78.7803	63.3569	63.7284
78.7902	63.6066	63.7277
78.8003	63.6066	63.7278
78.8103	63.1072	63.7264
78.8202	63.6066	63.7250
78.8302	63.4401	63.7246
78.8403	63.1072	63.7227
78.8502	63.0240	63.7195
78.8602	63.1905	63.7167
78.8703	63.0240	63.7138
78.8802	63.4401	63.7117
78.8902	63.6066	63.7113
78.9003	63.1905	63.7102
78.9103	63.6066	63.7091
78.9202	63.4401	63.7088
78.9303	63.4401	63.7079
78.9402	63.4401	63.7071
78.9502	63.0240	63.7050
78.9603	63.1905	63.7021
78.9702	63.1905	63.6998
78.9805	62.8576	63.6965
78.9903	62.8576	63.6922
79.0003	62.6911	63.6874
79.0104	63.0240	63.6831
79.0203	63.0240	63.6799
79.0303	63.0240	63.6766
79.0403	63.1072	63.6737
79.0503	63.4401	63.6719
79.0603	63.2737	63.6707
79.0706	63.5234	63.6698
79.0806	63.6066	63.6699
79.0903	63.1905	63.6689
79.1003	63.1905	63.6668
79.1104	63.5234	63.6656
79.1203	63.1905	63.6644
79.1304	63.4401	63.6631
79.1403	63.7731	63.6634
79.1503	63.2737	63.6633
79.1603	63.1905	63.6614
79.1703	62.6911	63.6578
79.1803	63.6066	63.6555
79.1903	62.6911	63.6531
79.2003	63.1905	63.6496
79.2103	63.7731	63.6492
79.2203	63.1905	63.6489
79.2304	63.1072	63.6467
79.2403	62.3582	63.6419
79.2504	63.6898	63.6389
79.2604	63.7731	63.6401
79.2704	63.4401	63.6406
79.2803	63.0240	63.6389
79.2903	63.7731	63.6381
79.3004	63.0240	63.6374
79.3104	63.1905	63.6349
79.3203	63.1905	63.6329
79.3304	63.6066	63.6322
79.3404	63.7731	63.6332
79.3503	63.2737	63.6333
79.3603	63.0240	63.6311
79.3704	63.5234	63.6296
79.3804	63.1905	63.6287
79.3906	63.1905	63.6267
79.4005	63.1905	63.6248
79.4104	63.4401	63.6236
79.4204	63.1905	63.6224
79.4305	63.1905	63.6205
79.4404	63.2737	63.6189
79.4505	63.0240	63.6167
79.4605	62.8576	63.6133
79.4705	63.4401	63.6112
79.4805	63.0240	63.6096
79.4905	63.0240	63.6067
79.5004	63.1905	63.6044
79.5106	63.0240	63.6021
79.5205	63.4401	63.6005
79.5304	63.1905	63.5994
79.5405	63.4401	63.5984
79.5505	63.6066	63.5986
79.5605	63.9395	63.6003
79.5705	63.5234	63.6017
79.5805	63.4401	63.6016
79.5905	64.1060	63.6033
79.6004	63.0240	63.6038
79.6105	63.1905	63.6014
79.6205	63.6066	63.6009
79.6307	63.6066	63.6016
79.6404	63.6066	63.6023
79.6506	63.6066	63.6029
79.6605	63.5234	63.6034
79.6705	63.6066	63.6038
79.6806	63.4401	63.6040
79.6906	63.1905	63.6029
79.7005	63.5234	63.6021
79.7105	63.7731	63.6031
79.7207	63.1905	63.6030
79.7295	63.6898	63.6027
79.7405	63.1072	63.6022
79.7506	63.1905	63.6001
79.7605	63.1072	63.5981
79.7705	62.8576	63.5950
79.7805	63.8563	63.5942
79.7905	63.8563	63.5965
79.8006	63.3569	63.5972
79.8106	63.4401	63.5967
79.8205	63.6066	63.5969
79.8306	63.2737	63.5966
79.8405	62.6911	63.5936
79.8508	63.4401	63.5911
79.8606	62.8576	63.5891
79.8708	62.8576	63.5853
79.8806	63.1905	63.5826
79.8906	63.6066	63.5821
79.9007	63.4401	63.5824
79.9096	63.1905	63.5814
79.9196	63.7731	63.5815
79.9307	62.6911	63.5800
79.9406	63.4401	63.5775
79.9506	63.6066	63.5778
79.9607	63.2737	63.5776
79.9707	63.1072	63.5759
79.9797	63.2737	63.5743
79.9906	62.8576	63.5718
80.0006	63.1905	63.5692
80.0107	62.6079	63.5657
80.0206	63.5234	63.5633
80.0307	63.6066	63.5639
80.0397	63.4401	63.5643
80.0506	63.6898	63.5649
80.0607	63.1072	63.5645
80.0706	63.4401	63.5634
80.0806	63.6066	63.5638
80.0907	62.8576	63.5624
80.0999	63.5234	63.5608
80.1106	63.0240	63.5596
80.1207	63.4401	63.5583
80.1307	63.6898	63.5589
80.1407	63.5234	63.5598
80.1507	63.6066	63.5604
80.1597	64.0228	63.5626
80.1697	63.1072	63.5632
80.1806	63.6066	63.5626
80.1908	63.4401	63.5630
80.2006	64.1892	63.5651
80.2106	63.5234	63.5675
80.2197	63.9395	63.5691
80.2297	63.5234	63.5707
80.2407	62.9408	63.5693
80.2507	62.8576	63.5659
80.2607	63.6066	63.5645
80.2707	63.2737	63.5644
80.2797	63.5234	63.5641
80.2898	63.6066	63.5647
80.3007	63.2737	63.5646
80.3107	63.1072	63.5629
80.3209	63.6066	63.5623
80.3307	63.5234	63.5630
80.3397	63.1072	63.5621
80.3498	63.4401	63.5610
80.3607	63.5234	63.5612
80.3707	63.2737	63.5608
80.3808	63.6898	63.5610
80.3907	63.1072	63.5606
80.3998	63.8563	63.5608
80.4097	63.4401	63.5619
80.4198	62.7743	63.5598
80.4308	63.9395	63.5592
80.4407	62.6911	63.5584
80.4511	63.1072	63.5550
80.4598	63.4401	63.5540
80.4697	63.6066	63.5544
80.4797	63.2737	63.5543
80.4908	63.6898	63.5545
80.5009	63.6066	63.5557
80.5107	63.5234	63.5564
80.5208	63.1072	63.5556
80.5298	63.6066	63.5550
80.5398	63.1072	63.5544
80.5510	63.4401	63.5533
80.5608	63.2737	63.5528
80.5707	63.6898	63.5530
80.5808	63.1072	63.5527
80.5899	63.4401	63.5516
80.5998	63.4401	63.5516
80.6098	63.1072	63.5505
80.6208	63.7731	63.5505
80.6308	62.7743	63.5495
80.6399	63.6898	63.5482
80.6498	63.6066	63.5494
80.6600	63.0240	63.5486
80.6700	63.7731	63.5483
80.6808	63.2737	63.5488
80.6909	63.2737	63.5478
80.7008	63.5234	63.5475
80.7098	63.4401	63.5477
80.7198	63.1072	63.5467
80.7298	63.2737	63.5452
80.7408	63.1072	63.5437
80.7509	63.3569	63.5424
80.7609	63.4401	63.5422
80.7698	63.1905	63.5414
80.7799	63.4401	63.5407
80.7898	63.4401	63.5407
80.8009	63.4401	63.5407
80.8110	62.8576	63.5390
80.8209	62.8576	63.5355
80.8298	63.4401	63.5338
80.8400	63.1072	63.5328
80.8499	63.4401	63.5318
80.8599	63.6066	63.5324
80.8710	63.0240	63.5317
80.8810	63.2737	63.5300
80.8899	63.5234	63.5298
80.9000	63.5234	63.5303
80.9099	63.0240	63.5294
80.9199	63.7731	63.5292
80.9309	62.8576	63.5285
80.9409	63.2737	63.5263
80.9499	63.2737	63.5254
80.9600	63.8563	63.5262
80.9700	63.3569	63.5273
80.9799	63.1072	63.5261
80.9909	63.5234	63.5255
81.0009	63.1072	63.5248
81.0100	62.9408	63.5224
81.0200	63.8563	63.5222
81.0299	63.0240	63.5223
81.0400	63.6066	63.5217
81.0502	63.1072	63.5213
81.0612	63.5234	63.5206
81.0700	63.6066	63.5215
81.0799	63.5234	63.5223
81.0899	63.4401	63.5227
81.1000	63.2737	63.5223
81.1100	63.1072	63.5209
81.1209	63.5234	63.5202
81.1300	63.1072	63.5196
81.1400	63.4401	63.5187
81.1500	63.4401	63.5188
81.1600	63.5234	63.5192
81.1702	63.7731	63.5206
81.1811	63.5234	63.5219
81.1901	63.6066	63.5228
81.2004	63.5234	63.5236
81.2102	63.6066	63.5245
81.2201	63.6898	63.5258
81.2302	63.7731	63.5277
81.2411	63.2737	63.5283
81.2501	63.2737	63.5273
81.2601	63.6066	63.5274
81.2701	63.4401	63.5280
81.2804	63.5234	63.5284
81.2901	63.2737	63.5282
81.3001	62.6911	63.5255
81.3101	62.6911	63.5211
81.3201	62.8576	63.5172
81.3301	63.7731	63.5166
81.3401	63.6066	63.5182
81.3501	63.2737	63.5184
81.3602	63.4401	63.5180
81.3701	63.1072	63.5171
81.3801	62.5247	63.5135
81.3901	63.3569	63.5107
81.4001	63.4401	63.5106
81.4101	63.4401	63.5108
81.4201	63.5234	63.5112
81.4311	63.1905	63.5108
81.4401	63.3569	63.5100
81.4501	63.1905	63.5092
81.4601	63.6898	63.5093
81.4704	63.2737	63.5097
81.4802	63.4401	63.5094
81.4901	63.2737	63.5091
81.5003	63.2737	63.5083
81.5101	63.3569	63.5077
81.5201	63.5234	63.5079
81.5302	63.6898	63.5090
81.5402	62.8576	63.5082
81.5502	63.6066	63.5071
81.5602	63.6066	63.5083
81.5701	63.5234	63.5093
81.5801	63.5234	63.5099
81.5901	63.3569	63.5101
81.6002	63.4401	63.5100
81.6102	63.5234	63.5105
81.6202	63.4401	63.5109
81.6301	63.6898	63.5118
81.6401	63.6066	63.5133
81.6502	63.6898	63.5147
81.6603	63.3569	63.5153
81.6702	63.1072	63.5142
81.6803	63.6066	63.5139
81.6903	63.5234	63.5148
81.7001	62.8576	63.5135
81.7103	63.8563	63.5131
81.7205	63.6066	63.5151
81.7302	63.7731	63.5167
81.7402	63.6066	63.5184
81.7502	63.1072	63.5180
81.7602	63.1905	63.5164
81.7703	63.6066	63.5163
81.7802	63.5234	63.5172
81.7906	63.4401	63.5176
81.8005	63.4401	63.5177
81.8102	63.1072	63.5169
81.8203	63.6066	63.5165
81.8303	63.1905	63.5164
81.8402	63.6066	63.5163
81.8504	62.8576	63.5152
81.8604	63.3569	63.5134
81.8702	62.8576	63.5115
81.8803	63.3569	63.5097
81.8903	64.0228	63.5114
81.9002	63.0240	63.5121
81.9103	62.9408	63.5095
81.9203	63.5234	63.5084
81.9303	63.3569	63.5086
81.9404	63.7731	63.5095
81.9502	62.6079	63.5082
81.9603	63.6898	63.5067
81.9703	63.6066	63.5081
81.9802	63.1072	63.5078
81.9901	63.6066	63.5075
82.0004	63.4401	63.5082
82.0103	63.6066	63.5089
82.0203	63.2737	63.5091
82.0303	63.9395	63.5103
82.0403	63.3569	63.5117
82.0502	63.3569	63.5114
82.0603	63.5234	63.5116
82.0703	63.6898	63.5128
82.0803	62.5247	63.5109
82.0904	63.6898	63.5091
82.1003	63.7731	63.5111
82.1104	62.7743	63.5103
82.1203	63.6066	63.5090
82.1303	62.6911	63.5074
82.1403	63.7731	63.5064
82.1503	63.1905	63.5068
82.1604	63.4401	63.5063
82.1704	63.5234	63.5068
82.1804	63.3569	63.5070
82.1903	63.6898	63.5077
82.2004	63.5234	63.5089
82.2104	63.5234	63.5096
82.2203	63.7731	63.5111
82.2304	63.1072	63.5113
82.2404	63.4401	63.5105
82.2503	63.2737	63.5102
82.2604	63.0240	63.5086
82.2703	63.3569	63.5073
82.2804	63.5234	63.5075
82.2904	63.4401	63.5080
82.3004	62.8576	63.5065
82.3104	63.3569	63.5047
82.3205	63.1905	63.5039
82.3304	63.4401	63.5034
82.3404	63.4401	63.5037
82.3504	63.4401	63.5039
82.3605	62.4414	63.5011
82.3707	63.4401	63.4984
82.3805	63.4401	63.4987
82.3905	62.6079	63.4964
82.4005	63.5234	63.4944
82.4104	63.5234	63.4952
82.4204	62.8576	63.4940
82.4305	62.8576	63.4908
82.4405	63.9395	63.4909
82.4504	63.2737	63.4922
82.4605	63.3569	63.4917
82.4704	63.6066	63.4923
82.4804	63.2737	63.4926
82.4904	63.5234	63.4927
82.5004	63.6066	63.4937
82.5104	63.4401	63.4945
82.5205	63.7731	63.4958
82.5305	63.1072	63.4961
82.5405	63.1072	63.4944
82.5505	62.7743	63.4917
82.5606	63.2737	63.4895
82.5705	62.3582	63.4860
82.5805	63.2737	63.4826
82.5905	63.3569	63.4822
82.6005	63.4401	63.4823
82.6106	63.2737	63.4821
82.6205	63.4401	63.4820
82.6306	62.8576	63.4806
82.6405	63.3569	63.4789
82.6505	63.4401	63.4790
82.6606	63.1905	63.4786
82.6706	63.8563	63.4795
82.6795	63.4401	63.4811
82.6906	63.3569	63.4811
82.7006	63.5234	63.4815
82.7124	63.1905	63.4813
82.7206	62.7743	63.4789
82.7306	63.7731	63.4783
82.7405	63.2737	63.4791
82.7506	63.8563	63.4802
82.7606	63.6898	63.4826
82.7705	63.6898	63.4844
82.7807	63.6066	63.4860
82.7906	62.4414	63.4839
82.8006	63.5234	63.4815
82.8108	62.9408	63.4806
82.8206	63.6898	63.4802
82.8307	63.9395	63.4828
82.8407	63.6066	63.4851
82.8505	63.1905	63.4852
82.8596	63.6066	63.4853
82.8696	63.1072	63.4851
82.8806	63.5234	63.4847
82.8907	63.6066	63.4858
82.9006	63.0240	63.4854
82.9106	63.2737	63.4840
82.9210	63.7731	63.4849
82.9296	63.6066	63.4867
82.9406	63.6066	63.4880
82.9508	63.1905	63.4881
82.9606	63.6066	63.4882
82.9706	62.9408	63.4875
82.9807	63.6066	63.4869
82.9897	63.5234	63.4880
83.0006	63.1072	63.4876
83.0107	63.7731	63.4879
83.0206	63.4401	63.4892
83.0306	63.4401	63.4896
83.0407	62.7743	63.4879
83.0497	63.6898	63.4870
83.0596	63.7731	63.4891
83.0707	63.2737	63.4899
83.0807	63.7731	63.4908
83.0906	63.4401	63.4921
83.1006	63.0240	63.4912
83.1096	63.4401	63.4903
83.1197	63.4401	63.4906
83.1307	63.7731	63.4919
83.1406	63.2737	63.4928
83.1507	63.4401	63.4926
83.1607	63.1072	63.4919
83.1697	63.6066	63.4917
83.1797	63.3569	63.4923
83.1907	63.9395	63.4939
83.2007	63.7731	63.4967
83.2108	63.6898	63.4988
83.2207	64.1060	63.5018
83.2297	63.4401	63.5041
83.2398	63.1072	63.5034
83.2507	63.3569	63.5024
83.2607	63.5234	63.5027
83.2708	63.2737	63.5027
83.2807	63.1905	63.5018
83.2897	63.7731	63.5023
83.2998	63.7731	63.5046
83.3097	63.6066	63.5064
83.3207	63.3569	63.5069
83.3308	63.7731	63.5079
83.3407	63.9395	63.5107
83.3497	63.3569	63.5122
83.3598	62.9408	63.5107
83.3697	63.2737	63.5089
83.3807	63.1905	63.5079
83.3908	63.7731	63.5084
83.4007	63.3569	63.5094
83.4098	63.6066	63.5099
83.4199	63.4401	63.5107
83.4297	63.2737	63.5104
83.4412	63.1072	63.5092
83.4508	62.8576	63.5067
83.4608	63.7731	63.5062
83.4708	63.4401	63.5075
83.4799	63.6066	63.5083
83.4899	63.6066	63.5095
83.4998	63.5234	63.5106
83.5109	63.1072	63.5101
83.5208	63.4401	63.5093
83.5299	63.6066	63.5101
83.5399	63.5234	63.5111
83.5498	63.6066	63.5121
83.5598	63.9395	63.5144
83.5708	62.9408	63.5146
83.5808	63.1072	63.5124
83.5898	63.6066	63.5121
83.5999	62.9408	63.5114
83.6098	63.2737	63.5097
83.6198	63.1905	63.5087
83.6309	63.2737	63.5077
83.6408	63.1072	63.5065
83.6509	63.2737	63.5053
83.6599	63.2737	63.5046
83.6698	63.4401	63.5043
83.6799	63.5234	63.5049
83.6909	62.9408	63.5039
83.7009	63.8563	63.5040
83.7109	63.4401	63.5055
83.7200	64.0228	63.5076
83.7301	63.4401	63.5096
83.7399	63.5234	63.5101
83.7500	63.4401	63.5107
83.7609	63.3569	63.5107
83.7717	63.1905	63.5100
83.7799	63.6066	63.5100
83.7899	63.2737	63.5103
83.7999	63.0240	63.5088
83.8099	63.4401	63.5079
83.8209	62.9408	63.5066
83.8309	63.1072	63.5044
83.8399	63.3569	63.5035
83.8500	63.2737	63.5030
83.8600	63.9395	63.5044
83.8699	63.2737	63.5057
83.8810	63.2737	63.5050
83.8910	63.2737	63.5043
83.8999	63.4401	63.5041
83.9099	63.1905	63.5036
83.9199	63.1905	63.5025
83.9299	63.3569	63.5018
83.9409	63.1072	63.5008
83.9500	63.4401	63.5002
83.9600	63.4401	63.5005
83.9700	63.1072	63.4998
83.9800	63.2737	63.4987
83.9901	62.7743	63.4965
84.0000	63.1072	63.4938
84.0110	63.2737	63.4927
84.0200	63.4401	63.4926
84.0300	63.4401	63.4929
84.0400	63.8563	63.4945
84.0500	63.3569	63.4959
84.0600	63.9395	63.4975
84.0710	63.3569	63.4991
84.0800	63.3569	63.4989
84.0900	63.4401	63.4990
84.1001	63.2737	63.4989
84.1101	62.8576	63.4969
84.1201	63.0240	63.4943
84.1311	63.2737	63.4929
84.1401	63.6066	63.4933
84.1500	63.9395	63.4956
84.1601	63.1072	63.4965
84.1701	63.1905	63.4951
84.1800	63.2737	63.4942
84.1901	63.4401	63.4940
84.2011	63.7731	63.4954
84.2101	63.9395	63.4983
84.2200	63.0240	63.4989
84.2300	63.6898	63.4987
84.2400	63.7731	63.5008
84.2501	63.1905	63.5014
84.2610	63.2737	63.5005
84.2701	63.1905	63.4996
84.2802	63.4401	63.4992
84.2901	63.2737	63.4990
84.3001	63.0240	63.4976
84.3102	63.9395	63.4982
84.3211	63.4401	63.5001
84.3301	63.1905	63.4997
84.3401	63.6066	63.4997
84.3502	63.1905	63.4998
84.3601	63.6066	63.4999
84.3701	63.2737	63.5003
84.3810	63.3569	63.4999
84.3902	63.7731	63.5010
84.4003	63.6066	63.5028
84.4102	62.9408	63.5022
84.4202	62.9408	63.4995
84.4302	63.1905	63.4976
84.4403	63.7731	63.4982
84.4501	63.8563	63.5008
84.4601	63.1072	63.5014
84.4701	63.2737	63.5003
84.4801	63.9395	63.5016
84.4901	63.0240	63.5022
84.5001	62.7743	63.4993
84.5110	63.6898	63.4984
84.5201	63.0240	63.4983
84.5301	62.7743	63.4954
84.5402	63.7731	63.4948
84.5501	64.1060	63.4982
84.5601	63.7731	63.5015
84.5702	63.2737	63.5024
84.5801	63.4401	63.5022
84.5904	63.1072	63.5016
84.6002	63.6898	63.5017
84.6102	63.6898	63.5035
84.6203	63.7731	63.5056
84.6302	63.3569	63.5067
84.6402	64.0228	63.5086
84.6504	63.4401	63.5106
84.6603	63.3569	63.5107
84.6702	63.6066	63.5113
84.6806	63.7731	63.5131
84.6903	63.6066	63.5149
84.7001	63.0240	63.5145
84.7102	63.1072	63.5125
84.7202	63.1072	63.5108
84.7302	62.9408	63.5087
84.7403	63.1905	63.5067
84.7503	63.6066	63.5068
84.7600	63.3569	63.5074
84.7703	63.5234	63.5078
84.7802	63.3569	63.5081
84.7904	63.1072	63.5072
84.8005	63.6898	63.5073
84.8103	63.4401	63.5084
84.8203	63.6066	63.5092
84.8305	63.2737	63.5095
84.8403	63.2737	63.5089
84.8503	63.6898	63.5094
84.8603	63.7731	63.5115
84.8702	63.4401	63.5129
84.8803	63.4401	63.5132
84.8904	64.0228	63.5152
84.9003	63.4401	63.5173
84.9103	63.6898	63.5184
84.9203	63.4401	63.5194
84.9303	64.0228	63.5215
84.9403	63.1905	63.5228
84.9503	63.6066	63.5228
84.9603	63.4401	63.5236
84.9703	63.1905	63.5231
84.9804	63.0240	63.5214
84.9904	63.6066	63.5210
85.0003	63.4401	63.5218
85.0103	63.1905	63.5213
85.0203	63.1072	63.5199
85.0303	63.8563	63.5204
85.0403	63.4401	63.5219
85.0503	63.6898	63.5230
85.0603	63.1905	63.5233
85.0703	63.5234	63.5231
85.0803	62.9408	63.5221
85.0903	63.7731	63.5219
85.1004	63.7731	63.5242
85.1105	63.1072	63.5245
85.1204	62.9408	63.5223
85.1303	63.1905	63.5203
85.1403	63.6066	63.5204
85.1503	64.0228	63.5229
85.1605	63.6066	63.5255
85.1704	62.9408	63.5248
85.1804	63.7731	63.5245
85.1904	63.1905	63.5251
85.2004	63.1072	63.5236
85.2104	63.4401	63.5229
85.2204	63.8563	63.5245
85.2304	63.3569	63.5258
85.2404	63.7731	63.5268
85.2504	63.4401	63.5281
85.2604	63.4401	63.5283
85.2705	63.7731	63.5296
85.2804	63.6066	63.5314
85.2905	63.5234	63.5324
85.3004	63.4401	63.5329
85.3104	63.6066	63.5337
85.3204	63.7731	63.5354
85.3305	63.0240	63.5354
85.3405	63.7731	63.5354
85.3505	63.1072	63.5357
85.3607	63.6898	63.5357
85.3705	63.6898	63.5374
85.3805	63.4401	63.5384
85.3905	63.1072	63.5376
85.4005	63.6066	63.5374
85.4105	63.2737	63.5376
85.4205	63.2737	63.5368
85.4305	63.4401	63.5366
85.4404	63.2737	63.5363
85.4505	63.0240	63.5348
85.4606	63.2737	63.5333
85.4705	63.3569	63.5328
85.4805	63.2737	63.5323
85.4905	63.1905	63.5313
85.5005	63.6066	63.5314
85.5105	63.3569	63.5319
85.5206	63.7731	63.5329
85.5305	63.7731	63.5351
85.5405	63.2737	63.5359
85.5506	63.4401	63.5356
85.5605	63.3569	63.5356
85.5696	63.6066	63.5361
85.5806	63.6898	63.5376
85.5905	63.4401	63.5386
85.6006	63.5234	63.5391
85.6106	63.6066	63.5401
85.6205	63.3569	63.5406
85.6296	63.4401	63.5406
85.6406	63.7731	63.5418
85.6505	63.4401	63.5430
85.6605	63.3569	63.5430
85.6706	63.7731	63.5440
85.6806	63.7731	63.5462
85.6906	63.2737	63.5469
85.7006	63.3569	63.5463
85.7105	63.1072	63.5453
85.7207	63.3569	63.5443
85.7306	63.5234	63.5445
85.7406	63.7731	63.5459
85.7506	63.6066	63.5476
85.7597	63.6066	63.5488
85.7706	62.9408	63.5480
85.7807	63.6066	63.5472
85.7906	63.2737	63.5474
85.8006	63.1072	63.5461
85.8106	63.8563	63.5466
85.8196	63.6066	63.5485
85.8307	63.6898	63.5500
85.8407	63.9395	63.5524
85.8506	63.6066	63.5546
85.8607	63.6066	63.5558
85.8707	63.1072	63.5554
85.8796	63.2737	63.5541
85.8907	63.3569	63.5535
85.9007	63.6066	63.5539
85.9106	63.1905	63.5539
85.9207	63.2737	63.5528
85.9307	63.1072	63.5515
85.9397	63.9395	63.5521
85.9507	63.7731	63.5548
85.9607	63.3569	63.5558
85.9706	62.8576	63.5539
85.9807	63.0240	63.5511
85.9907	63.0240	63.5488
85.9997	63.4401	63.5477
86.0097	63.3569	63.5477
86.0207	63.2737	63.5471
86.0307	62.7743	63.5449
86.0406	63.1905	63.5423
86.0506	63.6066	63.5423
86.0597	63.4401	63.5430
86.0696	63.4401	63.5432
86.0807	63.3569	63.5432
86.0907	63.1072	63.5422
86.1007	63.7731	63.5424
86.1106	63.6066	63.5441
86.1197	63.0240	63.5436
86.1297	63.7731	63.5436
86.1406	63.5234	63.5450
86.1507	63.5234	63.5458
86.1607	63.8563	63.5475
86.1707	63.4401	63.5489
86.1798	63.6066	63.5496
86.1899	63.6066	63.5508
86.1997	63.1905	63.5508
86.2108	63.3569	63.5500
86.2207	62.9408	63.5484
86.2307	63.7731	63.5481
86.2398	64.1060	63.5513
86.2497	63.4401	63.5535
86.2597	63.7731	63.5547
86.2708	63.8563	63.5572
86.2807	63.6066	63.5591
86.2907	63.6898	63.5605
86.2998	63.2737	63.5609
86.3098	63.3569	63.5603
86.3197	63.0240	63.5590
86.3308	63.8563	63.5591
86.3408	63.6066	63.5610
86.3507	63.6066	63.5622
86.3599	62.8576	63.5611
86.3698	63.6066	63.5600
86.3798	63.1072	63.5597
86.3908	62.9408	63.5573
86.4008	63.0240	63.5547
86.4108	63.3569	63.5534
86.4198	63.1905	63.5526
86.4298	63.4401	63.5520
86.4398	63.1072	63.5512
86.4501	63.5234	63.5507
86.4609	63.1072	63.5501
86.4708	63.6898	63.5501
86.4799	63.2737	63.5505
86.4898	63.1072	63.5492
86.4998	63.7731	63.5494
86.5098	63.5234	63.5509
86.5208	63.7731	63.5523
86.5308	64.1060	63.5555
86.5398	63.2737	63.5572
86.5498	63.1072	63.5559
86.5599	63.4401	63.5551
86.5700	63.5234	63.5555
86.5808	63.6066	63.5564
86.5908	63.1072	63.5561
86.5999	63.4401	63.5553
86.6099	63.5234	63.5557
86.6200	64.0228	63.5579
86.6300	63.1072	63.5588
86.6400	63.3569	63.5577
86.6508	63.2737	63.5572
86.6599	63.8563	63.5581
86.6699	63.5234	63.5597
86.6802	63.7731	63.5612
86.6900	63.4401	63.5623
86.7000	63.6898	63.5632
86.7110	63.7731	63.5651
86.7200	63.1905	63.5655
86.7300	63.4401	63.5649
86.7400	63.6898	63.5658
86.7500	63.6066	63.5672
86.7600	63.5234	63.5681
86.7710	63.3569	63.5682
86.7801	63.1072	63.5671
86.7903	63.6898	63.5670
86.8001	63.5234	63.5681
86.8100	63.4401	63.5685
86.8201	63.6898	63.5694
86.8310	63.7731	63.5712
86.8401	63.1072	63.5714
86.8500	64.1892	63.5727
86.8601	63.6066	63.5756
86.8700	63.6898	63.5769
86.8800	62.9408	63.5763
86.8900	63.5234	63.5751
86.9010	63.8563	63.5767
86.9100	63.6066	63.5786
86.9201	63.3569	63.5789
86.9299	63.1905	63.5780
86.9403	63.6066	63.5779
86.9500	62.9408	63.5770
86.9610	63.4401	63.5756
86.9699	63.1072	63.5747
86.9800	63.3569	63.5735
86.9900	63.7731	63.5744
87.0001	63.4401	63.5755
87.0101	63.3569	63.5753
87.0210	63.3569	63.5749
87.0301	63.6066	63.5753
87.0401	63.6066	63.5764
87.0500	63.9395	63.5785
87.0602	63.1905	63.5793
87.0700	63.9395	63.5802
87.0810	63.3569	63.5815
87.0902	63.9395	63.5829
87.1000	63.1905	63.5837
87.1100	63.0240	63.5818
87.1201	63.5234	63.5808
87.1300	63.7731	63.5822
87.1400	62.8576	63.5815
87.1501	63.5234	63.5801
87.1600	63.5234	63.5807
87.1701	63.7731	63.5820
87.1801	63.9395	63.5846
87.1901	63.7731	63.5872
87.2000	63.6066	63.5887
87.2102	63.6066	63.5898
87.2201	63.4401	63.5903
87.2301	63.8563	63.5916
87.2403	63.6066	63.5934
87.2502	63.1072	63.5929
87.2601	63.6066	63.5925
87.2702	63.1072	63.5920
87.2802	63.9395	63.5925
87.2903	63.1905	63.5933
87.3002	63.4401	63.5926
87.3102	63.1905	63.5919
87.3201	63.4401	63.5912
87.3303	63.3569	63.5910
87.3402	63.2737	63.5903
87.3501	63.4401	63.5898
87.3602	63.6898	63.5906
87.3701	63.1072	63.5904
87.3802	63.5234	63.5897
87.3903	63.6066	63.5905
87.4002	63.4401	63.5911
87.4101	63.9395	63.5926
87.4202	63.8563	63.5954
87.4302	63.4401	63.5967
87.4402	63.6066	63.5972
87.4502	63.7731	63.5987
87.4603	63.7731	63.6007
87.4702	63.1905	63.6010
87.4803	63.1905	63.5995
87.4903	63.6898	63.5995
87.5002	63.1072	63.5993
87.5102	63.4401	63.5983
87.5203	63.2737	63.5978
87.5302	63.4401	63.5973
87.5402	63.2737	63.5968
87.5502	63.2737	63.5958
87.5607	63.7731	63.5964
87.5701	63.4401	63.5974
87.5802	63.0240	63.5961
87.5904	63.7731	63.5959
87.6003	63.2737	63.5964
87.6102	63.9395	63.5975
87.6202	63.1072	63.5980
87.6302	63.6898	63.5977
87.6402	63.5234	63.5988
87.6502	63.5234	63.5993
87.6602	63.3569	63.5993
87.6703	63.3569	63.5988
87.6802	63.1072	63.5975
87.6902	63.6898	63.5973
87.7002	63.6898	63.5988
87.7102	63.1072	63.5986
87.7202	63.1072	63.5966
87.7302	63.1072	63.5946
87.7403	63.7731	63.5946
87.7503	63.1072	63.5947
87.7602	63.7731	63.5947
87.7702	63.1072	63.5947
87.7802	63.6066	63.5942
87.7903	63.2737	63.5943
87.8003	63.2737	63.5933
87.8103	63.4401	63.5928
87.8203	63.1072	63.5919
87.8303	63.7731	63.5919
87.8402	63.9395	63.5944
87.8503	62.9408	63.5945
87.8603	63.5234	63.5932
87.8703	63.5234	63.5938
87.8803	63.9395	63.5956
87.8903	63.4401	63.5971
87.9003	63.9395	63.5986
87.9103	63.7731	63.6011
87.9203	63.6066	63.6026
87.9303	63.7731	63.6041
87.9403	63.4401	63.6051
87.9504	63.4401	63.6051
87.9603	64.2725	63.6076
87.9704	63.2737	63.6096
87.9803	63.4401	63.6090
87.9903	63.6066	63.6095
88.0004	63.6898	63.6107
88.0104	63.6066	63.6119
88.0203	63.4401	63.6124
88.0304	63.4401	63.6123
88.0406	63.4401	63.6123
88.0504	62.6911	63.6100
88.0605	63.6066	63.6082
88.0704	63.7731	63.6097
88.0803	63.6066	63.6111
88.0905	63.9395	63.6131
88.1004	63.3569	63.6143
88.1098	63.6898	63.6148
88.1204	63.5234	63.6157
88.1305	63.1072	63.6149
88.1404	63.4401	63.6138
88.1505	63.7731	63.6148
88.1605	63.2737	63.6152
88.1704	63.6066	63.6152
88.1807	63.6898	63.6164
88.1904	63.2737	63.6165
88.2004	63.7731	63.6170
88.2104	63.6898	63.6187
88.2205	63.7731	63.6203
88.2305	62.7743	63.6193
88.2405	63.7731	63.6182
88.2504	63.7731	63.6201
88.2605	63.2737	63.6205
88.2705	63.2737	63.6194
88.2807	63.0240	63.6176
88.2905	63.2737	63.6158
88.3008	63.6066	63.6157
88.3104	63.4401	63.6162
88.3204	63.9395	63.6176
88.3309	62.9408	63.6175
88.3419	62.9408	63.6145
88.3505	63.2737	63.6124
88.3606	63.1905	63.6111
88.3706	63.7731	63.6113
88.3805	63.5234	63.6125
88.3905	63.4401	63.6127
88.4006	63.9395	63.6141
88.4105	63.7731	63.6166
88.4206	63.7731	63.6185
88.4316	63.1072	63.6185
88.4405	62.9408	63.6159
88.4505	63.6066	63.6148
88.4595	63.3569	63.6150
88.4705	63.7731	63.6157
88.4805	62.6911	63.6144
88.4905	63.6066	63.6126
88.5005	63.2737	63.6125
88.5105	63.7731	63.6129
88.5195	63.3569	63.6136
88.5305	63.1905	63.6126
88.5405	63.2737	63.6113
88.5505	63.2737	63.6102
88.5605	63.6066	63.6102
88.5705	63.4401	63.6106
88.5800	63.0240	63.6093
88.5906	63.6898	63.6088
88.6006	63.6066	63.6100
88.6105	63.1905	63.6097
88.6206	63.2737	63.6084
88.6307	63.4401	63.6078
88.6396	63.7731	63.6088
88.6506	63.6898	63.6105
88.6606	63.4401	63.6112
88.6706	63.6066	63.6116
88.6805	63.1905	63.6113
88.6906	62.9408	63.6090
88.6996	62.7743	63.6055
88.7096	64.0228	63.6052
88.7206	63.4401	63.6069
88.7306	63.2737	63.6064
88.7406	63.1072	63.6048
88.7506	63.6066	63.6043
88.7596	62.9408	63.6033
88.7696	63.4401	63.6017
88.7806	64.1060	63.6037
88.7908	63.3569	63.6054
88.8006	63.5234	63.6054
88.8107	62.9408	63.6041
88.8197	63.8563	63.6038
88.8297	63.6066	63.6055
88.8408	63.4401	63.6060
88.8507	64.1060	63.6080
88.8609	63.4401	63.6099
88.8706	63.3569	63.6096
88.8797	63.6066	63.6098
88.8896	63.7731	63.6113
88.8996	63.6898	63.6130
88.9107	63.6066	63.6142
88.9207	63.2737	63.6141
88.9307	64.1892	63.6158
88.9398	63.4401	63.6180
88.9497	63.4401	63.6179
88.9600	63.4401	63.6178
88.9708	63.6066	63.6182
88.9807	63.1905	63.6179
88.9909	63.4401	63.6171
88.9998	63.0240	63.6157
89.0097	63.4401	63.6144
89.0199	63.7731	63.6153
89.0307	63.2737	63.6157
89.0407	63.5234	63.6154
89.0508	63.3569	63.6153
89.0598	63.6066	63.6155
89.0697	63.3569	63.6157
89.0798	63.6066	63.6159
89.0907	63.6066	63.6168
89.1009	63.3569	63.6170
89.1107	63.0240	63.6154
89.1202	63.9395	63.6155
89.1301	63.2737	63.6165
89.1397	63.4401	63.6159
89.1498	63.3569	63.6156
89.1608	63.7731	63.6162
89.1708	63.6066	63.6176
89.1808	63.2737	63.6176
89.1899	63.4401	63.6170
89.1999	63.4401	63.6169
89.2098	63.7731	63.6178
89.2219	63.4401	63.6187
89.2309	62.8576	63.6169
89.2408	63.6066	63.6155
89.2499	63.4401	63.6160
89.2599	63.5234	63.6161
89.2698	63.6066	63.6168
89.2809	63.6066	63.6177
89.2909	63.4401	63.6181
89.2998	63.4401	63.6180
89.3099	63.1072	63.6169
89.3199	63.2737	63.6153
89.3298	63.3569	63.6145
89.3399	63.6066	63.6147
89.3510	63.6066	63.6156
89.3609	63.4401	63.6160
89.3703	63.4401	63.6159
89.3799	63.3569	63.6156
89.3900	63.6066	63.6158
89.4000	62.8576	63.6144
89.4109	63.6898	63.6134
89.4200	63.2737	63.6135
89.4302	63.6066	63.6135
89.4400	63.2737	63.6134
89.4501	64.0228	63.6146
89.4602	63.6066	63.6167
89.4710	63.1072	63.6162
89.4809	63.1905	63.6143
89.4900	63.5234	63.6137
89.5000	63.3569	63.6137
89.5100	63.7731	63.6143
89.5200	62.9408	63.6138
89.5309	63.4401	63.6122
89.5409	63.5234	63.6124
89.5500	63.2737	63.6120
89.5599	63.2737	63.6110
89.5703	63.3569	63.6102
89.5800	63.7731	63.6108
89.5900	63.2737	63.6113
89.6009	63.1072	63.6097
89.6099	63.3569	63.6084
89.6199	63.2737	63.6076
89.6300	62.7743	63.6050
89.6400	63.6066	63.6035
89.6507	64.1060	63.6059
89.6609	63.2737	63.6074
89.6700	63.4401	63.6069
89.6800	63.1072	63.6058
89.6899	63.4401	63.6048
89.6999	63.7731	63.6057
89.7099	63.6066	63.6072
89.7210	63.9395	63.6091
89.7299	63.3569	63.6103
89.7400	63.9395	63.6115
89.7500	63.1072	63.6119
89.7601	63.2737	63.6104
89.7700	63.7731	63.6108
89.7800	63.4401	63.6118
89.7909	64.1060	63.6137
89.8000	64.0228	63.6174
89.8100	63.8563	63.6203
89.8200	63.6066	63.6219
89.8301	63.4401	63.6223
89.8400	63.6066	63.6227
89.8510	63.4401	63.6231
89.8651	63.1905	63.6222
89.8760	63.4401	63.6213
89.8800	63.6066	63.6217
89.8900	62.9408	63.6206
89.9000	63.8563	63.6202
89.9110	63.6066	63.6219
89.9200	63.8563	63.6235
89.9300	63.1905	63.6239
89.9400	63.2737	63.6225
89.9501	63.6066	63.6224
89.9601	63.9395	63.6243
89.9710	63.2737	63.6252
89.9802	64.1060	63.6266
89.9900	63.2737	63.6279
90.0002	63.7731	63.6283
90.0101	64.1060	63.6312
90.0201	63.7731	63.6340
90.0302	63.1072	63.6339
90.0401	63.6066	63.6332
90.0500	63.2737	63.6330
90.0601	63.1072	63.6314
90.0701	62.7743	63.6282
90.0800	63.6066	63.6266
90.0902	63.4401	63.6270
90.1002	63.4401	63.6268
90.1101	63.6066	63.6272
90.1202	63.4401	63.6276
90.1301	63.9395	63.6289
90.1401	63.3569	63.6300
90.1503	63.1072	63.6286
90.1602	63.7731	63.6285
90.1701	63.3569	63.6291
90.1803	63.7731	63.6297
90.1902	63.2737	63.6301
90.2004	63.7731	63.6304
90.2102	63.2737	63.6308
90.2201	63.8563	63.6314
90.2302	63.4401	63.6325
90.2402	63.6066	63.6328
90.2502	63.4401	63.6332
90.2602	63.7731	63.6340
90.2702	63.2737	63.6344
90.2802	63.1072	63.6327
90.2903	63.4401	63.6315
90.3003	63.6066	63.6319
90.3102	63.1905	63.6315
90.3202	63.7731	63.6316
90.3302	63.4401	63.6324
90.3402	63.6066	63.6328
90.3503	63.9395	63.6346
90.3602	63.4401	63.6360
90.3702	63.6898	63.6365
90.3803	63.1072	63.6361
90.3903	63.4401	63.6349
90.4002	63.9395	63.6363
90.4104	63.4401	63.6376
90.4203	63.5234	63.6377
90.4302	63.7731	63.6387
90.4403	63.4401	63.6396
90.4502	63.3569	63.6391
90.4602	63.4401	63.6387
90.4702	63.3569	63.6383
90.4802	64.0228	63.6396
90.4903	63.1072	63.6401
90.5003	63.8563	63.6402
90.5102	63.5234	63.6415
90.5202	64.0228	63.6433
90.5302	63.1905	63.6441
90.5402	63.4401	63.6432
90.5503	63.5234	63.6432
90.5604	63.3569	63.6430
90.5702	63.6066	63.6431
90.5803	63.1072	63.6424
90.5903	63.1905	63.6404
90.6002	63.8563	63.6407
90.6103	63.1072	63.6408
90.6203	63.2737	63.6391
90.6302	62.7743	63.6364
90.6403	63.3569	63.6340
90.6504	63.5234	63.6339
90.6602	64.0228	63.6357
90.6703	63.4401	63.6373
90.6803	63.6898	63.6378
90.6902	63.8563	63.6397
90.7003	63.5234	63.6410
90.7102	63.6066	63.6415
90.7202	63.4401	63.6418
90.7303	62.9408	63.6401
90.7404	63.4401	63.6384
90.7503	63.7731	63.6393
90.7603	63.6066	63.6406
90.7703	63.4401	63.6409
90.7803	64.0228	63.6424
90.7903	63.0240	63.6428
90.8004	62.7743	63.6393
90.8104	63.6066	63.6376
90.8204	63.4401	63.6379
90.8304	63.8563	63.6390
90.8403	63.6066	63.6406
90.8510	63.2737	63.6404
90.8603	63.4401	63.6397
90.8704	63.6898	63.6402
90.8804	63.3569	63.6405
90.8905	63.1072	63.6391
90.9004	63.9395	63.6394
90.9103	63.4401	63.6407
90.9203	63.9395	63.6420
90.9304	63.4401	63.6433
90.9404	63.4401	63.6431
90.9503	62.9408	63.6413
90.9604	63.1072	63.6386
90.9704	64.1060	63.6395
90.9804	63.1072	63.6403
90.9904	63.0240	63.6378
91.0004	63.6898	63.6371
91.0104	64.1060	63.6397
91.0204	63.7731	63.6425
91.0305	63.9395	63.6448
91.0404	63.2737	63.6456
91.0504	63.9395	63.6463
91.0605	63.3569	63.6474
91.0704	63.4401	63.6469
91.0804	63.1905	63.6459
91.0904	63.7731	63.6459
91.1004	63.9395	63.6482
91.1105	63.2737	63.6490
91.1205	63.2737	63.6477
91.1304	62.8576	63.6453
91.1404	63.6898	63.6440
91.1504	62.9408	63.6431
91.1594	63.6898	63.6421
91.1705	63.9395	63.6441
91.1804	63.1072	63.6444
91.1906	63.2737	63.6427
91.2004	63.5234	63.6422
91.2104	63.1072	63.6413
91.2202	63.4401	63.6401
91.2306	63.9395	63.6413
91.2405	62.9408	63.6411
91.2516	63.6898	63.6402
91.2605	63.6898	63.6415
91.2705	63.3569	63.6418
91.2806	64.0228	63.6431
91.2906	63.8563	63.6459
91.3006	63.1072	63.6459
91.3106	63.2737	63.6442
91.3205	63.3569	63.6432
91.3305	63.7731	63.6437
91.3397	63.6898	63.6453
91.3495	63.3569	63.6456
91.3605	63.5234	63.6453
91.3706	63.1072	63.6444
91.3805	63.5234	63.6434
91.3906	63.9395	63.6449
91.4005	63.5234	63.6465
91.4095	63.2737	63.6460
91.4205	63.4401	63.6453
91.4306	63.1072	63.6440
91.4405	63.7731	63.6438
91.4505	63.4401	63.6446
91.4608	63.1905	63.6437
91.4695	63.2737	63.6422
91.4807	63.2737	63.6410
91.4907	63.4401	63.6403
91.5005	63.4401	63.6401
91.5107	62.8576	63.6382
91.5207	63.6066	63.6368
91.5295	63.5234	63.6374
91.5408	63.7731	63.6384
91.5507	63.6066	63.6398
91.5605	63.2737	63.6396
91.5706	63.9395	63.6404
91.5806	63.8563	63.6430
91.5896	63.6066	63.6445
91.5996	62.7743	63.6428
91.6106	63.4401	63.6406
91.6206	63.6898	63.6412
91.6306	63.7731	63.6428
91.6406	63.3569	63.6433
91.6499	63.4401	63.6429
91.6598	63.5234	63.6430
91.6706	63.9395	63.6445
91.6806	63.1072	63.6448
91.6906	63.1905	63.6429
91.7007	63.4401	63.6419
91.7096	63.7731	63.6427
91.7196	63.7731	63.6446
91.7307	63.2737	63.6449
91.7408	63.6066	63.6446
91.7507	63.3569	63.6447
91.7606	63.2737	63.6437
91.7697	63.5234	63.6433
91.7798	63.3569	63.6431
91.7907	63.9395	63.6441
91.8008	63.6066	63.6459
91.8108	63.7731	63.6472
91.8207	63.5234	63.6482
91.8298	63.7731	63.6493
91.8397	63.2737	63.6495
91.8498	63.8563	63.6500
91.8608	63.9395	63.6526
91.8707	63.6066	63.6543
91.8807	63.9395	63.6561
91.8898	62.7743	63.6553
91.8998	63.5234	63.6533
91.9097	63.0240	63.6521
91.9208	63.6898	63.6513
91.9307	63.4401	63.6518
91.9408	62.9408	63.6501
91.9497	63.5234	63.6486
91.9597	63.6898	63.6494
91.9698	62.9408	63.6484
91.9808	63.7731	63.6477
91.9907	63.5234	63.6487
92.0007	63.6066	63.6492
92.0097	63.6898	63.6502
92.0197	63.6066	63.6513
92.0297	63.6066	63.6520
92.0398	63.8563	63.6535
92.0507	63.2737	63.6540
92.0608	63.6066	63.6538
92.0697	63.1072	63.6530
92.0798	63.6898	63.6525
92.0898	63.9395	63.6545
92.0997	63.7731	63.6567
92.1107	63.9395	63.6590
92.1208	62.6911	63.6579
92.1298	64.0228	63.6571
92.1398	63.4401	63.6586
92.1499	63.5234	63.6586
92.1598	63.4401	63.6585
92.1708	63.5234	63.6585
92.1809	63.2737	63.6580
92.1899	63.6898	63.6579
92.2000	63.7731	63.6594
92.2100	63.6898	63.6609
92.2199	63.6066	63.6618
92.2309	63.6066	63.6625
92.2409	64.0228	63.6645
92.2499	63.2737	63.6654
92.2600	63.0240	63.6633
92.2699	63.8563	63.6630
92.2799	63.7731	63.6650
92.2900	63.1072	63.6646
92.3010	62.8576	63.6616
92.3099	64.1060	63.6615
92.3200	63.2737	63.6627
92.3299	63.9395	63.6634
92.3399	63.6898	63.6653
92.3500	64.0228	63.6675
92.3609	63.8563	63.6702
92.3699	63.1905	63.6704
92.3800	63.1905	63.6685
92.3900	63.6066	63.6679
92.4000	63.4401	63.6681
92.4100	63.8563	63.6690
92.4209	62.9408	63.6684
92.4309	63.6066	63.6671
92.4400	63.6066	63.6677
92.4500	63.9395	63.6694
92.4599	63.4401	63.6706
92.4699	64.0228	63.6720
92.4799	63.6066	63.6739
92.4904	63.8563	63.6753
92.5000	63.4401	63.6761
92.5099	63.7731	63.6768
92.5199	63.6066	63.6779
92.5300	63.4401	63.6780
92.5399	63.6066	63.6782
92.5503	63.5234	63.6785
92.5599	63.2737	63.6779
92.5699	63.4401	63.6770
92.5800	64.0228	63.6784
92.5900	63.2737	63.6793
92.5999	63.1072	63.6774
92.6110	63.2737	63.6755
92.6200	62.7743	63.6727
92.6299	63.3569	63.6701
92.6400	63.5234	63.6697
92.6501	62.9408	63.6681
92.6601	64.0228	63.6680
92.6711	63.0240	63.6682
92.6800	63.5234	63.6668
92.6899	63.4401	63.6667
92.7000	63.4401	63.6664
92.7100	62.9408	63.6646
92.7200	63.1072	63.6617
92.7301	63.7731	63.6614
92.7400	63.2737	63.6616
92.7500	63.4401	63.6608
92.7600	62.9408	63.6590
92.7701	63.2737	63.6567
92.7800	63.4401	63.6559
92.7901	63.6066	63.6561
92.8001	63.6066	63.6568
92.8100	62.9408	63.6555
92.8201	63.4401	63.6537
92.8301	62.9408	63.6519
92.8401	63.3569	63.6499
92.8502	62.9408	63.6479
92.8601	62.9408	63.6446
92.8701	63.6066	63.6434
92.8802	63.4401	63.6437
92.8900	62.7743	63.6414
92.9003	63.1905	63.6384
92.9101	63.2737	63.6370
92.9200	62.9408	63.6348
92.9302	62.9408	63.6316
92.9401	62.9408	63.6284
92.9501	63.7731	63.6277
92.9601	63.9395	63.6300
92.9701	63.8563	63.6325
92.9801	63.3569	63.6334
92.9902	63.6898	63.6337
93.0003	63.6898	63.6350
93.0101	63.2737	63.6350
93.0202	63.4401	63.6343
93.0303	64.1892	63.6363
93.0401	63.0240	63.6371
93.0502	63.6066	63.6362
93.0603	63.2737	63.6359
93.0701	63.6066	63.6357
93.0802	63.3569	63.6357
93.0903	63.6066	63.6358
93.1001	63.2737	63.6355
93.1101	63.4401	63.6348
93.1201	63.0240	63.6334
93.1303	63.4401	63.6319
93.1402	63.6898	63.6325
93.1503	63.1072	63.6320
93.1602	63.0240	63.6296
93.1702	63.1905	63.6274
93.1803	63.1072	63.6254
93.1901	63.0240	63.6230
93.2003	63.4401	63.6216
93.2103	63.6898	63.6221
93.2202	63.4401	63.6227
93.2303	63.4401	63.6226
93.2403	63.1905	63.6216
93.2502	63.6898	63.6215
93.2602	63.6066	63.6226
93.2703	63.4401	63.6229
93.2803	63.6066	63.6232
93.2903	63.1072	63.6226
93.3003	63.6066	63.6219
93.3104	63.6898	63.6230
93.3203	63.4401	63.6235
93.3303	63.9395	63.6249
93.3402	63.5234	63.6264
93.3503	63.3569	63.6262
93.3602	63.2737	63.6253
93.3703	63.1905	63.6239
93.3802	63.1905	63.6222
93.3903	63.7731	63.6223
93.4003	62.9408	63.6216
93.4103	63.4401	63.6200
93.4205	64.1060	63.6218
93.4303	63.2737	63.6231
93.4403	63.6898	63.6232
93.4503	63.2737	63.6233
93.4603	63.2737	63.6221
93.4703	63.4401	63.6215
93.4803	63.7731	63.6223
93.4902	63.6066	63.6236
93.5004	63.1072	63.6229
93.5103	63.1072	63.6208
93.5203	63.2737	63.6191
93.5303	63.7731	63.6194
93.5404	63.6898	63.6210
93.5503	63.6898	63.6224
93.5607	63.1905	63.6222
93.5703	63.3569	63.6210
93.5803	63.2737	63.6201
93.5903	63.0240	63.6182
93.6003	63.3569	63.6166
93.6103	63.3569	63.6159
93.6204	64.1060	63.6175
93.6303	63.9395	63.6209
93.6403	63.4401	63.6222
93.6503	63.2737	63.6216
93.6603	62.9408	63.6194
93.6703	63.1072	63.6168
93.6803	63.6066	63.6161
93.6904	62.9408	63.6150
93.7003	63.7731	63.6143
93.7104	64.0228	63.6170
93.7206	63.4401	63.6186
93.7304	63.1072	63.6174
93.7403	63.4401	63.6163
93.7504	63.4401	63.6161
93.7604	63.9395	63.6175
93.7703	63.6066	63.6194
93.7804	63.6898	63.6205
93.7907	63.9395	63.6225
93.8003	63.8563	63.6251
93.8105	63.6066	63.6267
93.8205	63.2737	63.6265
93.8305	63.0240	63.6246
93.8404	63.4401	63.6232
93.8504	63.4401	63.6230
93.8606	63.6066	63.6233
93.8705	64.0228	63.6254
93.8804	62.7743	63.6250
93.8907	63.5234	63.6231
93.9005	63.8563	63.6244
93.9104	62.9408	63.6240
93.9206	63.9395	63.6238
93.9305	63.3569	63.6249
93.9405	64.0228	63.6262
93.9505	63.0240	63.6265
93.9605	63.6898	63.6259
93.9704	64.1060	63.6284
93.9804	63.4401	63.6303
93.9904	63.8563	63.6313
94.0005	63.4401	63.6324
94.0104	63.5234	63.6324
94.0203	63.2737	63.6319
94.0305	63.7731	63.6322
94.0404	63.3569	63.6328
94.0494	63.3569	63.6321
94.0604	63.9395	63.6331
94.0705	63.2737	63.6339
94.0805	63.8563	63.6344
94.0905	63.4401	63.6355
94.1006	63.2737	63.6347
94.1094	63.8563	63.6353
94.1205	63.8563	63.6375
94.1305	63.4401	63.6385
94.1405	63.7731	63.6393
94.1505	63.2737	63.6396
94.1607	63.4401	63.6388
94.1695	63.7731	63.6396
94.1806	63.4401	63.6403
94.1906	63.2737	63.6396
94.2005	63.3569	63.6386
94.2105	63.7731	63.6391
94.2204	63.6066	63.6404
94.2295	63.4401	63.6406
94.2405	63.7731	63.6414
94.2505	63.5234	63.6424
94.2605	63.1072	63.6414
94.2706	63.6898	63.6409
94.2805	63.0240	63.6401
94.2895	63.4401	63.6386
94.2995	62.7743	63.6364
94.3106	63.4401	63.6341
94.3205	63.4401	63.6339
94.3306	63.7731	63.6347
94.3406	64.1060	63.6375
94.3495	62.9408	63.6377
94.3596	63.1905	63.6353
94.3706	63.2737	63.6338
94.3806	63.1072	63.6322
94.3906	63.5234	63.6313
94.4006	63.1072	63.6304
94.4096	63.1072	63.6283
94.4198	63.0240	63.6260
94.4306	63.4401	63.6246
94.4406	62.4414	63.6215
94.4506	63.4401	63.6185
94.4608	63.9395	63.6200
94.4697	63.1072	63.6204
94.4796	63.1072	63.6184
94.4896	63.7731	63.6184
94.5007	63.5234	63.6197
94.5106	63.6898	63.6207
94.5206	63.1905	63.6207
94.5296	63.3569	63.6197
94.5399	63.6066	63.6200
94.5496	63.6066	63.6210
94.5607	62.9408	63.6200
94.5706	62.9408	63.6170
94.5806	62.9408	63.6141
94.5906	63.6066	63.6131
94.6000	63.3569	63.6133
94.6097	63.7731	63.6141
94.6207	63.6066	63.6155
94.6306	63.8563	63.6173
94.6408	63.3569	63.6182
94.6507	63.1905	63.6172
94.6596	62.9408	63.6149
94.6697	63.0240	63.6121
94.6807	63.7731	63.6118
94.6906	62.9408	63.6112
94.7007	64.1060	63.6117
94.7097	63.1072	63.6127
94.7196	63.8563	63.6129
94.7297	62.7743	63.6121
94.7397	63.3569	63.6098
94.7507	63.1905	63.6088
94.7607	63.2737	63.6075
94.7707	63.1905	63.6062
94.7797	63.2737	63.6049
94.7897	63.9395	63.6059
94.7997	63.2737	63.6069
94.8107	63.4401	63.6063
94.8207	63.5234	63.6065
94.8307	63.7731	63.6078
94.8397	63.6066	63.6092
94.8498	63.0240	63.6084
94.8598	64.0228	63.6089
94.8709	63.6898	63.6114
94.8807	63.5234	63.6123
94.8907	63.1905	63.6118
94.8999	63.3569	63.6107
94.9098	63.9395	63.6119
94.9197	63.7731	63.6144
94.9309	64.1060	63.6173
94.9408	63.4401	63.6193
94.9498	63.6066	63.6197
94.9599	63.6066	63.6206
94.9699	63.3569	63.6207
94.9798	63.2737	63.6199
94.9901	62.7743	63.6173
95.0009	63.0240	63.6139
95.0098	63.1072	63.6116
95.0199	63.0240	63.6092
95.0298	63.4401	63.6079
95.0398	63.2737	63.6073
95.0498	63.1072	63.6057
95.0608	63.1072	63.6036
95.0709	63.7731	63.6035
95.0799	63.4401	63.6044
95.0899	64.0228	63.6060
95.0999	63.2737	63.6071
95.1099	63.3569	63.6062
95.1209	63.3569	63.6056
95.1309	63.6066	63.6057
95.1399	63.6066	63.6065
95.1499	63.6066	63.6074
95.1600	63.7731	63.6087
95.1699	63.4401	63.6096
95.1798	63.2737	63.6089
95.1909	63.4401	63.6082
95.1999	63.6898	63.6088
95.2098	63.9395	63.6109
95.2199	63.4401	63.6121
95.2300	63.7731	63.6129
95.2399	63.4401	63.6136
95.2509	63.2737	63.6129
95.2600	63.7731	63.6130
95.2702	63.6066	63.6142
95.2799	63.6066	63.6149
95.2900	63.4401	63.6150
95.3000	63.1072	63.6135
95.3110	63.1072	63.6111
95.3209	63.2737	63.6091
95.3299	63.6066	63.6086
95.3400	63.6066	63.6091
95.3500	63.5234	63.6093
95.3602	63.4401	63.6090
95.3709	63.1072	63.6074
95.3809	63.4401	63.6057
95.3899	63.5234	63.6053
95.4002	62.9408	63.6033
95.4099	63.6066	63.6016
95.4200	62.7743	63.5994
95.4301	63.2737	63.5961
95.4399	63.1072	63.5938
95.4501	63.2737	63.5915
95.4599	63.6898	63.5909
95.4700	63.1072	63.5897
95.4801	63.9395	63.5893
95.4900	63.1072	63.5888
95.5009	63.6066	63.5873
95.5101	63.6898	63.5875
95.5202	63.9395	63.5887
95.5301	63.2737	63.5885
95.5401	63.7731	63.5878
95.5501	63.2737	63.5871
95.5610	63.6066	63.5858
95.5700	63.9395	63.5865
95.5800	63.6066	63.5871
95.5900	63.2737	63.5857
95.6002	62.6911	63.5815
95.6101	63.6066	63.5783
95.6200	63.4401	63.5773
95.6301	63.1905	63.5750
95.6391	63.8563	63.5739
95.6500	63.5234	63.5738
95.6600	63.2737	63.5719
95.6700	63.2737	63.5692
95.6800	63.4401	63.5669
95.6901	63.1072	63.5642
95.7000	63.5234	63.5616
95.7100	63.5234	63.5603
95.7200	63.3569	63.5584
95.7301	63.8563	63.5574
95.7401	63.4401	63.5567
95.7501	63.1072	63.5537
95.7600	63.5234	63.5509
95.7701	63.2737	63.5485
95.7801	63.2737	63.5453
95.7903	63.3569	63.5424
95.8002	62.9408	63.5384
95.8100	63.4401	63.5346
95.8202	63.3569	63.5321
95.8302	63.1072	63.5285
95.8401	63.7731	63.5260
95.8501	63.6066	63.5251
95.8601	62.9408	63.5216
95.8701	63.4401	63.5175
95.8801	63.7731	63.5159
95.8901	63.9395	63.5158
95.9001	63.3569	63.5143
95.9103	63.4401	63.5113
95.9202	63.7731	63.5095
95.9301	63.2737	63.5071
95.9401	63.6898	63.5044
95.9502	63.6066	63.5027
95.9602	62.9408	63.4987
95.9701	62.6911	63.4919
95.9802	63.1072	63.4855
95.9902	63.5234	63.4817
96.0004	63.3569	63.4785
96.0102	63.1905	63.4743
96.0201	63.4401	63.4703
96.0303	63.4401	63.4670
96.0402	63.2737	63.4631
96.0502	63.6066	63.4597
96.0603	63.1072	63.4558
96.0701	63.2737	63.4508
96.0802	63.1905	63.4461
96.0902	63.1905	63.4410
96.1001	63.2737	63.4362
96.1102	63.1072	63.4311
96.1203	63.1072	63.4254
96.1301	63.1905	63.4200
96.1403	63.6066	63.4160
96.1503	63.4401	63.4127
96.1602	63.1072	63.4079
96.1702	63.5234	63.4034
96.1803	63.1072	63.3987
96.1902	63.1072	63.3928
96.2002	63.8563	63.3892
96.2103	64.0228	63.3882
96.2202	63.1072	63.3849
96.2303	63.6898	63.3807
96.2403	63.3569	63.3771
96.2502	63.4401	63.3727
96.2602	63.3569	63.3683
96.2703	63.4401	63.3639
96.2803	63.0240	63.3584
96.2903	63.4401	63.3529
96.3003	63.2737	63.3481
96.3103	63.6066	63.3438
96.3203	62.9408	63.3385
96.3302	63.3569	63.3324
96.3403	63.4401	63.3277
96.3503	63.2737	63.3228
96.3602	62.7743	63.3159
96.3703	63.4401	63.3094
96.3803	62.7743	63.3029
96.3902	62.9408	63.2949
96.4004	63.2737	63.2883
96.4103	62.8576	63.2815
96.4202	63.6066	63.2757
96.4303	63.0240	63.2703
96.4403	63.9395	63.2659
96.4502	63.4401	63.2627
96.4604	64.2725	63.2605
96.4703	63.2737	63.2578
96.4803	63.2737	63.2520
96.4903	63.1905	63.2459
96.5003	62.7743	63.2383
96.5103	63.4401	63.2314
96.5203	63.2737	63.2260
96.5303	63.6066	63.2211
96.5403	63.7731	63.2176
96.5503	62.7743	63.2117
96.5603	63.1072	63.2037
96.5706	63.5234	63.1979
96.5803	63.5234	63.1934
96.5904	63.5234	63.1888
96.6004	63.1072	63.1830
96.6104	63.5234	63.1771
96.6204	63.6066	63.1727
96.6304	63.1072	63.1671
96.6404	63.1072	63.1599
96.6503	63.2737	63.1532
96.6608	63.4401	63.1475
96.6703	63.4401	63.1422
96.6803	62.6079	63.1345
96.6905	63.2737	63.1262
96.7004	63.1905	63.1197
96.7104	63.3569	63.1135
96.7204	63.9395	63.1094
96.7305	63.2737	63.1052
96.7403	63.1072	63.0984
96.7495	63.6066	63.0926
96.7604	63.0240	63.0865
96.7704	63.2737	63.0795
96.7804	63.3569	63.0734
96.7904	63.2737	63.0673
96.8004	63.1072	63.0605
96.8094	63.6066	63.0547
96.8204	62.9408	63.0484
96.8305	63.4401	63.0416
96.8405	63.1905	63.0355
96.8505	63.4401	63.0294
96.8604	63.1072	63.0231
96.8705	63.1072	63.0158
96.8805	63.1072	63.0084
96.8905	63.1072	63.0011
96.9005	62.9408	62.9933
96.9105	63.2737	62.9860
96.9207	63.1072	62.9793
96.9305	63.2737	62.9725
96.9404	63.1072	62.9657
96.9505	62.8576	62.9578
96.9605	62.7743	62.9488
96.9704	63.1072	62.9406
96.9806	62.6079	62.9319
96.9904	62.9408	62.9227
96.9994	63.3569	62.9158
97.0105	62.8576	62.9087
97.0205	63.1072	62.9008
97.0304	62.7743	62.8927
97.0406	62.6911	62.8834
97.0505	63.6066	62.8766
97.0594	62.5247	62.8693
97.0705	62.9408	62.8601
97.0805	63.1072	62.8526
97.0904	62.9408	62.8451
97.1006	63.1072	62.8377
97.1105	62.6911	62.8295
97.1195	63.2737	62.8219
97.1305	62.7743	62.8145
97.1405	62.7743	62.8057
97.1505	62.7743	62.7969
97.1605	62.9408	62.7887
97.1705	62.6079	62.7799
97.1796	62.6079	62.7702
97.1895	63.0240	62.7618
97.2005	63.0240	62.7547
97.2104	62.9408	62.7474
97.2205	62.9408	62.7398
97.2305	62.9408	62.7323
97.2396	62.7743	62.7243
97.2495	63.1072	62.7168
97.2605	62.5247	62.7086
97.2706	62.6079	62.6990
97.2805	62.7743	62.6901
97.2905	62.6911	62.6816
97.2995	62.6079	62.6726
97.3096	62.3582	62.6626
97.3205	63.4401	62.6552
97.3307	63.1072	62.6500
97.3407	62.8576	62.6432
97.3506	63.2737	62.6369
97.3596	63.0240	62.6311
97.3696	62.9408	62.6244
97.3806	62.6079	62.6164
97.3906	62.9408	62.6085
97.4006	62.9408	62.6017
97.4106	63.1072	62.5954
97.4197	62.6911	62.5884
97.4295	62.6911	62.5801
97.4396	62.7743	62.5722
97.4507	62.8576	62.5648
97.4608	62.6079	62.5570
97.4707	62.7743	62.5490
97.4796	62.9408	62.5420
97.4896	62.6911	62.5349
97.4997	62.9408	62.5278
97.5107	63.0240	62.5217
97.5206	62.6079	62.5147
97.5307	62.6079	62.5065
97.5397	62.6079	62.4983
97.5497	62.8576	62.4909
97.5597	62.3582	62.4829
97.5707	62.8576	62.4749
97.5806	62.3582	62.4669
97.5906	62.6911	62.4585
97.5996	62.1918	62.4497
97.6096	62.2750	62.4397
97.6196	62.7743	62.4315
97.6307	62.4414	62.4238
97.6407	63.2737	62.4177
97.6507	62.7743	62.4127
97.6597	63.0240	62.4069
97.6697	62.7743	62.4012
97.6797	62.2750	62.3933
97.6897	62.8576	62.3857
97.7008	62.4414	62.3787
97.7108	62.5247	62.3707
97.7208	62.6079	62.3632
97.7299	62.3582	62.3553
97.7399	62.1086	62.3459
97.7498	62.2750	62.3364
97.7609	62.2750	62.3274
97.7709	62.4414	62.3190
97.7798	62.2750	62.3106
97.7899	62.3582	62.3020
97.7999	62.2750	62.2935
97.8099	62.2750	62.2847
97.8208	62.2750	62.2761
97.8308	61.9421	62.2664
97.8398	62.3582	62.2571
97.8499	62.3582	62.2491
97.8599	62.3582	62.2411
97.8699	62.6079	62.2340
97.8799	62.1918	62.2263
97.8909	62.6079	62.2188
97.9009	62.6079	62.2125
97.9099	62.1086	62.2047
97.9198	62.4414	62.1966
97.9299	62.6079	62.1899
97.9398	62.2750	62.1828
97.9508	62.6911	62.1761
97.9608	62.3582	62.1696
97.9698	61.9421	62.1609
97.9798	62.2750	62.1521
97.9898	62.6079	62.1452
97.9998	62.1086	62.1380
98.0108	62.1086	62.1293
98.0207	62.0254	62.1204
98.0298	61.9421	62.1110
98.0398	62.6911	62.1037
98.0498	62.0254	62.0967
98.0598	61.6093	62.0865
98.0708	62.0254	62.0764
98.0808	62.1086	62.0678
98.0898	62.4414	62.0605
98.0998	62.2750	62.0538
98.1098	61.9421	62.0456
98.1198	62.1918	62.0372
98.1298	62.2750	62.0299
98.1408	62.1086	62.0224
98.1498	61.8589	62.0137
98.1598	61.7757	62.0040
98.1698	61.7757	61.9941
98.1799	62.4414	61.9863
98.1898	62.2750	61.9801
98.2009	61.8589	61.9721
98.2098	61.7757	61.9627
98.2199	61.9421	61.9536
98.2299	61.7757	61.9445
98.2399	61.7757	61.9350
98.2499	62.1918	61.9268
98.2608	61.9421	61.9192
98.2709	62.1086	61.9114
98.2799	61.6093	61.9026
98.2898	61.7757	61.8929
98.2999	61.7757	61.8837
98.3100	61.9421	61.8751
98.3199	62.1086	61.8675
98.3300	61.1932	61.8578
98.3400	61.6093	61.8466
98.3499	61.2764	61.8358
98.3602	62.1086	61.8264
98.3700	61.7757	61.8187
98.3799	61.9421	61.8105
98.3900	61.7757	61.8024
98.4003	61.7757	61.7938
98.4100	61.2764	61.7838
98.4200	61.7757	61.7738
98.4301	61.6093	61.7649
98.4401	61.8589	61.7563
98.4510	61.7757	61.7482
98.4602	61.2764	61.7385
98.4701	62.1086	61.7298
98.4800	61.7757	61.7227
98.4899	61.4428	61.7136
98.5000	61.6093	61.7041
98.5110	62.3582	61.6974
98.5200	61.6093	61.6907
98.5300	61.8589	61.6826
98.5400	61.6093	61.6745
98.5501	61.6093	61.6657
98.5600	62.3582	61.6592
98.5700	61.6093	61.6528
98.5800	61.3596	61.6434
98.5900	61.1932	61.6328
98.6001	61.4428	61.6226
98.6100	61.1932	61.6123
98.6200	61.7757	61.6032
98.6300	61.6093	61.5954
98.6400	61.7757	61.5876
98.6500	61.4428	61.5793
98.6600	61.2764	61.5696
98.6702	61.2764	61.5595
98.6801	62.0254	61.5517
98.6901	61.2764	61.5439
98.7001	61.1100	61.5334
98.7101	61.5261	61.5237
98.7200	61.2764	61.5146
98.7302	61.6093	61.5058
98.7401	62.0254	61.4993
98.7501	61.7757	61.4933
98.7601	61.6093	61.4861
98.7700	61.9421	61.4795
98.7800	61.4428	61.4724
98.7903	61.6925	61.4646
98.8001	61.6093	61.4574
98.8100	61.7757	61.4505
98.8200	61.2764	61.4426
98.8301	61.6093	61.4343
98.8401	61.2764	61.4260
98.8502	61.2764	61.4167
98.8602	61.7757	61.4090
98.8701	61.9421	61.4034
98.8801	61.5261	61.3971
98.8902	61.2764	61.3888
98.9001	61.4428	61.3803
98.9102	61.6093	61.3728
98.9202	61.4428	61.3654
98.9302	61.2764	61.3571
98.9402	61.1100	61.3478
98.9502	61.5261	61.3394
98.9602	61.1100	61.3309
98.9703	60.6107	61.3198
98.9802	61.0268	61.3085
98.9902	61.1932	61.2990
99.0002	61.1100	61.2898
99.0101	61.1100	61.2805
99.0202	60.7772	61.2701
99.0301	61.2764	61.2604
99.0401	60.9436	61.2511
99.0501	60.8604	61.2407
99.0603	61.1932	61.2311
99.0701	61.6093	61.2238
99.0802	61.1932	61.2166
99.0902	61.0268	61.2076
99.1002	60.9436	61.1980
99.1102	60.8604	61.1879
99.1203	61.1100	61.1784
99.1302	61.3596	61.1704
99.1402	61.1932	61.1628
99.1502	61.4428	61.1554
99.1602	60.9436	61.1473
99.1702	60.1115	61.1353
99.1802	60.8604	61.1231
99.1902	60.9436	61.1135
99.2002	61.1932	61.1049
99.2102	61.2764	61.0973
99.2202	60.9436	61.0891
99.2302	61.1100	61.0804
99.2402	61.0268	61.0721
99.2502	61.2764	61.0643
99.2603	61.6093	61.0583
99.2702	61.5261	61.0531
99.2803	61.0268	61.0462
99.2903	60.8604	61.0374
99.3002	60.5275	61.0271
99.3103	61.1100	61.0177
99.3203	61.1932	61.0104
99.3303	61.0268	61.0028
99.3403	61.1100	60.9951
99.3503	61.1932	60.9880
99.3604	60.7772	60.9799
99.3703	60.6107	60.9701
99.3804	60.9436	60.9610
99.3904	60.9436	60.9528
99.4003	60.9436	60.9448
99.4103	60.9436	60.9369
99.4205	60.6940	60.9282
99.4304	60.5275	60.9184
99.4403	61.4428	60.9110
99.4504	60.6940	60.9040
99.4603	61.4428	60.8972
99.4703	60.6107	60.8902
99.4804	60.7772	60.8812
99.4904	60.6107	60.8724
99.5003	60.8604	60.8638
99.5103	61.2764	60.8574
99.5205	61.1932	60.8520
99.5303	60.2779	60.8437
99.5405	60.5275	60.8334
99.5504	61.4428	60.8268
99.5603	60.8604	60.8212
99.5704	60.6940	60.8135
99.5804	61.0268	60.8063
99.5906	60.6940	60.7992
99.6004	60.6940	60.7912
99.6103	60.2779	60.7821
99.6204	60.9436	60.7737
99.6304	60.9436	60.7675
99.6404	60.8604	60.7611
99.6505	60.6107	60.7538
99.6604	60.8604	60.7465
99.6703	60.1115	60.7378
99.6804	60.2779	60.7275
99.6903	60.6107	60.7188
99.6995	60.1115	60.7096
99.7104	61.1100	60.7021
99.7205	61.0268	60.6974
99.7304	61.1100	60.6927
99.7404	60.4443	60.6864
99.7504	60.6107	60.6787
99.7594	60.9436	60.6725
99.7705	60.0283	60.6647
99.7804	61.1100	60.6575
99.7904	60.1115	60.6506
99.8004	60.1947	60.6411
99.8105	60.4443	60.6326
99.8195	60.6940	60.6257
99.8304	60.5275	60.6192
99.8405	59.9451	60.6106
99.8506	61.0268	60.6035
99.8605	60.9436	60.5995
99.8704	60.2779	60.5933
99.8795	60.2779	60.5852
99.8896	60.6107	60.5783
99.9005	60.3611	60.5716
99.9105	60.6107	60.5651
99.9207	59.5291	60.5562
99.9305	59.9451	60.5453
99.9395	60.6107	60.5378
99.9496	59.5291	60.5292
99.9605	59.7787	60.5182
99.9706	59.9451	60.5085
99.9806	61.0268	60.5027
99.9905	60.2779	60.4980
99.9996	60.2779	60.4911
100.0096	60.6107	60.4853
100.0205	59.4459	60.4772
100.0305	60.0283	60.4674
100.0405	60.1115	60.4597
100.0505	60.1115	60.4523
100.0596	60.6107	60.4466
100.0697	60.1115	60.4409
100.0805	59.3627	60.4317
100.0905	59.5291	60.4207
100.1005	60.0283	60.4119
100.1107	60.5275	60.4062
100.1205	60.2779	60.4013
100.1296	60.6107	60.3968
100.1395	59.7787	60.3909
100.1506	59.9451	60.3831
100.1606	60.3611	60.3771
100.1705	60.4443	60.3727
100.1806	60.1115	60.3677
100.1895	59.9451	60.3613
100.1995	60.3611	60.3557
100.2107	59.8619	60.3499
100.2207	60.1947	60.3438
100.2306	60.1947	60.3387
100.2398	60.1115	60.3335
100.2496	60.1115	60.3282
100.2596	59.7787	60.3219
100.2706	59.4459	60.3137
100.2806	60.1115	60.3066
100.2906	59.2795	60.2991
100.3006	59.9451	60.2912
100.3096	59.7787	60.2849
100.3196	59.8619	60.2784
100.3296	59.6955	60.2718
100.3406	60.1115	60.2660
100.3507	59.5291	60.2598
100.3607	59.7787	60.2527
100.3698	59.4459	60.2454
100.3797	59.6955	60.2379
100.3897	59.6123	60.2311
100.4006	59.9451	60.2251
100.4107	59.6123	60.2191
100.4206	59.6123	60.2123
100.4297	59.8619	60.2063
100.4397	60.5275	60.2031
100.4497	59.8619	60.2000
100.4607	59.1131	60.1928
100.4707	60.2779	60.1868
100.4797	60.2779	60.1845
100.4897	59.6123	60.1802
100.4997	59.4459	60.1735
100.5098	59.9451	60.1679
100.5208	59.5291	60.1627
100.5308	59.7787	60.1570
100.5397	59.5291	60.1514
100.5498	59.6123	60.1454
100.5598	59.7787	60.1402
100.5700	60.4443	60.1376
100.5798	59.5291	60.1343
100.5907	59.5291	60.1283
100.5997	59.4459	60.1222
100.6099	59.1963	60.1152
100.6198	59.4459	60.1082
100.6297	59.0299	60.1009
100.6398	59.7787	60.0946
100.6507	60.2779	60.0922
100.6608	59.9451	60.0903
100.6698	59.6955	60.0868
100.6798	60.3611	60.0845
100.6897	59.1963	60.0809
100.6998	59.1963	60.0738
100.7108	58.5308	60.0648
100.7207	58.8636	60.0549
100.7298	59.5291	60.0481
100.7398	59.1963	60.0423
100.7497	59.9451	60.0379
100.7598	59.0299	60.0331
100.7707	59.0299	60.0256
100.7807	59.4459	60.0194
100.7898	59.4459	60.0146
100.7998	59.7787	60.0108
100.8099	59.1963	60.0064
100.8198	60.3611	60.0038
100.8298	59.8619	60.0032
100.8409	59.7787	60.0010
100.8508	59.1963	59.9968
100.8598	59.6123	59.9921
100.8698	59.9451	59.9898
100.8799	59.6955	59.9878
100.8898	59.0299	59.9832
100.9010	59.6123	59.9783
100.9109	59.7787	59.9758
100.9198	59.2795	59.9723
100.9300	59.7787	59.9688
100.9399	59.0299	59.9647
100.9498	59.2795	59.9592
100.9609	59.3627	59.9547
100.9709	59.7787	59.9517
100.9798	58.6972	59.9469
100.9899	59.1963	59.9403
101.0000	59.7787	59.9370
101.0096	59.7787	59.9356
101.0199	60.3611	59.9360
101.0309	60.3611	59.9381
101.0399	59.4459	59.9375
101.0499	59.7787	59.9353
101.0599	59.8619	59.9343
101.0699	59.7787	59.9334
101.0799	60.1115	59.9332
101.0909	58.8636	59.9303
101.1000	59.5291	59.9258
101.1100	59.1131	59.9220
101.1199	59.1131	59.9171
101.1300	58.6972	59.9109
101.1399	59.6955	59.9066
101.1510	59.4459	59.9045
101.1600	59.1131	59.9008
101.1700	59.1131	59.8961
101.1799	59.1131	59.8914
101.1902	59.1963	59.8871
101.1999	59.6955	59.8845
101.2109	60.1947	59.8850
101.2199	59.6123	59.8853
101.2299	59.2795	59.8829
101.2398	59.9451	59.8815
101.2500	58.9468	59.8792
101.2599	59.4459	59.8753
101.2699	59.6955	59.8738
101.2799	59.0299	59.8711
101.2899	59.1963	59.8669
101.2999	58.8636	59.8622
101.3099	59.0299	59.8571
101.3199	58.5308	59.8510
101.3300	59.1963	59.8455
101.3401	59.5291	59.8430
101.3499	59.1963	59.8406
101.3599	58.7804	59.8360
101.3699	59.4459	59.8321
101.3799	59.3627	59.8301
101.3900	59.1963	59.8273
101.4004	59.1131	59.8238
101.4100	59.7787	59.8221
101.4199	59.4459	59.8214
101.4300	59.7787	59.8207
101.4399	59.7787	59.8211
101.4500	59.0299	59.8192
101.4599	59.6123	59.8169
101.4700	59.2795	59.8153
101.4800	58.6972	59.8111
101.4900	58.8636	59.8056
101.5000	59.1131	59.8014
101.5100	58.9468	59.7974
101.5200	59.7787	59.7955
101.5300	59.5291	59.7954
101.5400	58.8636	59.7926
101.5500	59.9451	59.7910
101.5600	59.4459	59.7912
101.5700	59.3627	59.7897
101.5800	59.6955	59.7889
101.5901	59.1963	59.7877
101.6001	59.1963	59.7850
101.6101	59.0299	59.7818
101.6200	59.3627	59.7791
101.6300	59.4459	59.7777
101.6400	59.3627	59.7764
101.6501	59.4459	59.7750
101.6601	58.8636	59.7722
101.6701	59.4459	59.7694
101.6802	59.1963	59.7676
101.6901	58.8636	59.7641
101.7001	59.1963	59.7606
101.7103	59.1963	59.7581
101.7201	58.7804	59.7544
101.7300	58.8636	59.7497
101.7401	59.4459	59.7470
101.7501	59.1131	59.7452
101.7601	59.0299	59.7420
101.7702	60.1115	59.7419
101.7801	58.9468	59.7416
101.7903	59.1131	59.7383
101.8001	59.3627	59.7362
101.8101	58.6972	59.7329
101.8202	59.0299	59.7286
101.8303	59.0299	59.7253
101.8401	59.0299	59.7221
101.8502	59.1963	59.7193
101.8601	59.4459	59.7178
101.8704	59.3627	59.7169
101.8802	59.1131	59.7149
101.8902	58.6140	59.7107
101.9001	58.5308	59.7048
101.9101	58.8636	59.6996
101.9202	59.1963	59.6965
101.9302	59.6123	59.6956
101.9402	59.2795	59.6950
101.9502	59.7787	59.6949
101.9602	59.7787	59.6962
101.9703	59.7787	59.6976
101.9802	60.2779	59.7004
101.9903	59.4459	59.7023
102.0003	59.1963	59.7009
102.0103	59.5291	59.6997
102.0203	59.5291	59.6996
102.0304	58.9468	59.6977
102.0403	59.9451	59.6970
102.0502	59.2795	59.6974
102.0603	59.4459	59.6962
102.0702	59.4459	59.6956
102.0802	59.5291	59.6952
102.0902	59.6123	59.6953
102.1002	59.6123	59.6956
102.1102	59.3627	59.6952
102.1204	59.7787	59.6953
102.1302	59.8619	59.6970
102.1404	59.7787	59.6986
102.1502	59.1963	59.6982
102.1602	59.8619	59.6980
102.1705	59.1131	59.6976
102.1802	58.9468	59.6945
102.1902	59.5291	59.6926
102.2002	59.5291	59.6925
102.2102	59.5291	59.6924
102.2203	59.2795	59.6915
102.2304	59.7787	59.6914
102.2402	59.1131	59.6908
102.2503	59.2795	59.6887
102.2603	59.7787	59.6886
102.2702	59.4459	59.6891
102.2803	59.4459	59.6885
102.2903	59.4459	59.6879
102.3002	59.8619	59.6886
102.3103	59.1963	59.6885
102.3203	59.4459	59.6872
102.3303	59.4459	59.6866
102.3403	59.6955	59.6868
102.3503	59.2795	59.6865
102.3603	59.3627	59.6852
102.3703	59.1131	59.6835
102.3803	59.3627	59.6817
102.3903	59.4459	59.6809
102.4003	59.9451	59.6819
102.4103	59.2795	59.6824
102.4203	59.1131	59.6803
102.4303	59.1131	59.6778
102.4403	59.3627	59.6761
102.4504	59.2795	59.6748
102.4604	59.1131	59.6729
102.4704	58.7804	59.6694
102.4804	59.6123	59.6674
102.4904	58.6972	59.6652
102.5004	58.6972	59.6603
102.5105	59.5291	59.6578
102.5205	59.1963	59.6569
102.5304	59.9451	59.6573
102.5404	59.6955	59.6591
102.5504	59.7787	59.6605
102.5609	59.6955	59.6618
102.5704	59.2795	59.6616
102.5804	59.7787	59.6617
102.5893	59.1963	59.6616
102.6005	59.2795	59.6599
102.6105	58.9468	59.6575
102.6204	59.4459	59.6556
102.6304	59.5291	59.6555
102.6404	59.2795	59.6549
102.6494	59.1131	59.6530
102.6604	59.3627	59.6514
102.6704	59.7787	59.6518
102.6804	59.5291	59.6526
102.6905	59.1131	59.6515
102.7004	59.3627	59.6499
102.7095	58.6140	59.6468
102.7207	58.9468	59.6425
102.7304	59.2795	59.6402
102.7404	59.0299	59.6381
102.7505	58.5308	59.6338
102.7604	59.2795	59.6303
102.7697	58.6972	59.6272
102.7805	59.6955	59.6255
102.7907	58.8636	59.6242
102.8005	59.7787	59.6232
102.8105	59.4459	59.6240
102.8204	58.4476	59.6207
102.8296	58.6140	59.6150
102.8395	59.8619	59.6135
102.8505	59.6123	59.6150
102.8606	59.2795	59.6148
102.8706	59.4459	59.6141
102.8804	59.6955	59.6147
102.8897	59.8619	59.6165
102.8995	58.9468	59.6160
102.9105	60.1947	59.6165
102.9206	59.1963	59.6178
102.9305	59.5291	59.6171
102.9405	59.6955	59.6179
102.9497	59.2795	59.6179
102.9596	59.2795	59.6167
102.9706	58.9468	59.6145
102.9807	58.6972	59.6105
102.9906	59.2795	59.6076
103.0005	59.3627	59.6066
103.0096	59.6123	59.6067
103.0195	59.3627	59.6068
103.0295	59.5291	59.6066
103.0406	58.9468	59.6052
103.0505	59.0299	59.6023
103.0607	59.0299	59.5996
103.0695	59.7787	59.5992
103.0796	59.1131	59.5991
103.0897	59.6955	59.5987
103.1008	59.6123	59.5998
103.1105	59.3627	59.5999
103.1206	59.4459	59.5995
103.1296	59.1131	59.5984
103.1395	59.1131	59.5963
103.1496	59.6123	59.5956
103.1608	59.1963	59.5952
103.1706	59.2795	59.5939
103.1807	58.6140	59.5908
103.1897	60.1115	59.5902
103.1996	58.9468	59.5906
103.2097	59.3627	59.5887
103.2206	59.1131	59.5874
103.2306	58.6140	59.5838
103.2406	59.5291	59.5814
103.2506	58.9468	59.5801
103.2597	59.6123	59.5791
103.2697	59.1131	59.5785
103.2797	59.0299	59.5762
103.2907	59.5291	59.5752
103.3007	59.7787	59.5764
103.3098	59.1131	59.5763
103.3198	59.4459	59.5753
103.3299	59.2795	59.5748
103.3397	59.5291	59.5745
103.3508	59.7787	59.5757
103.3608	59.4459	59.5767
103.3697	59.3627	59.5764
103.3798	59.2795	59.5756
103.3897	59.4459	59.5751
103.3997	59.2795	59.5745
103.4108	59.1963	59.5733
103.4208	59.4459	59.5725
103.4307	59.4459	59.5725
103.4398	59.6123	59.5729
103.4497	59.4459	59.5734
103.4596	59.3627	59.5731
103.4708	59.4459	59.5729
103.4807	59.4459	59.5729
103.4907	59.4459	59.5728
103.4997	59.5291	59.5731
103.5097	59.8619	59.5745
103.5197	59.4459	59.5758
103.5297	59.1131	59.5747
103.5407	59.6955	59.5745
103.5506	59.4459	59.5752
103.5597	59.6955	59.5759
103.5697	59.2795	59.5761
103.5798	59.5291	59.5759
103.5898	59.5291	59.5763
103.6007	59.6955	59.5773
103.6107	59.4459	59.5780
103.6198	59.2795	59.5775
103.6299	59.5291	59.5772
103.6398	59.3627	59.5772
103.6498	59.5291	59.5772
103.6608	59.1131	59.5764
103.6709	59.6955	59.5761
103.6797	59.2795	59.5763
103.6897	58.7804	59.5738
103.6998	59.0299	59.5706
103.7097	59.3627	59.5690
103.7197	59.6123	59.5693
103.7308	59.2795	59.5693
103.7398	59.3627	59.5686
103.7497	59.6123	59.5688
103.7597	59.7787	59.5703
103.7698	59.1963	59.5706
103.7798	60.0283	59.5716
103.7908	59.1131	59.5723
103.7999	59.0299	59.5701
103.8098	59.1131	59.5678
103.8198	58.8636	59.5651
103.8299	59.1131	59.5624
103.8398	58.9468	59.5599
103.8509	59.3627	59.5582
103.8608	59.6123	59.5585
103.8700	59.4459	59.5591
103.8799	59.1131	59.5582
103.8899	58.9468	59.5557
103.9000	59.3627	59.5540
103.9108	59.3627	59.5536
103.9198	58.9468	59.5520
103.9300	59.7787	59.5516
103.9398	59.1963	59.5519
103.9498	59.1963	59.5505
103.9599	58.9468	59.5483
103.9698	59.4459	59.5469
103.9809	59.1963	59.5463
103.9900	59.6955	59.5464
104.0000	60.0283	59.5490
104.0099	59.6123	59.5514
104.0199	59.4459	59.5520
104.0300	59.1131	59.5511
104.0409	58.6140	59.5477
104.0500	59.1131	59.5443
104.0600	58.8636	59.5417
104.0698	59.1131	59.5391
104.0800	58.6140	59.5357
104.0899	58.8636	59.5316
104.1008	59.2795	59.5296
104.1100	58.6972	59.5270
104.1199	59.4459	59.5249
104.1300	59.1131	59.5242
104.1399	59.6955	59.5241
104.1499	59.3627	59.5248
104.1599	59.9451	59.5263
104.1699	59.4459	59.5280
104.1799	59.8619	59.5294
104.1899	59.6955	59.5316
104.2001	59.6123	59.5331
104.2099	59.5291	59.5340
104.2203	59.6123	59.5349
104.2300	59.2795	59.5351
104.2400	58.5308	59.5320
104.2499	59.6123	59.5300
104.2601	59.2795	59.5301
104.2700	59.1963	59.5291
104.2800	59.9451	59.5300
104.2901	59.6123	59.5322
104.3000	58.9468	59.5314
104.3100	59.3627	59.5299
104.3201	59.1131	59.5288
104.3301	59.2795	59.5275
104.3401	59.5291	59.5274
104.3500	59.1131	59.5269
104.3600	59.0299	59.5249
104.3700	59.6123	59.5243
104.3800	59.6123	59.5255
104.3902	58.5308	59.5235
104.4000	59.8619	59.5222
104.4100	59.1963	59.5230
104.4202	59.5291	59.5227
104.4302	60.0283	59.5249
104.4400	59.5291	59.5271
104.4503	59.6955	59.5283
104.4601	59.4459	59.5293
104.4701	59.4459	59.5295
104.4800	59.4459	59.5297
104.4901	59.4459	59.5299
104.5001	59.3627	59.5299
104.5102	59.2795	59.5293
104.5202	59.1963	59.5283
104.5301	59.1131	59.5268
104.5402	59.1963	59.5252
104.5502	59.5291	59.5249
104.5601	59.0299	59.5242
104.5701	59.7787	59.5242
104.5800	59.4459	59.5254
104.5901	59.5291	59.5259
104.6001	59.6955	59.5271
104.6100	59.3627	59.5278
104.6202	59.8619	59.5290
104.6302	59.1963	59.5298
104.6401	59.5291	59.5295
104.6501	59.4459	59.5299
104.6601	59.0299	59.5289
104.6700	58.5308	59.5251
104.6801	59.2795	59.5221
104.6901	59.9451	59.5234
104.7001	59.7787	59.5261
104.7101	59.3627	59.5271
104.7201	59.2795	59.5266
104.7301	59.5291	59.5266
104.7402	59.6123	59.5275
104.7502	59.1131	59.5273
104.7601	60.0283	59.5283
104.7702	59.1131	59.5292
104.7802	59.2795	59.5280
104.7901	59.0299	59.5264
104.8001	59.1131	59.5244
104.8101	60.0283	59.5254
104.8203	59.6955	59.5281
104.8303	59.2795	59.5286
104.8401	59.2795	59.5278
104.8502	60.0283	59.5293
104.8603	59.4459	59.5313
104.8702	59.4459	59.5315
104.8802	59.5291	59.5320
104.8903	59.6123	59.5329
104.9001	59.2795	59.5331
104.9102	58.9468	59.5313
104.9202	59.2795	59.5295
104.9302	58.6972	59.5270
104.9402	59.0299	59.5237
104.9502	59.1131	59.5217
104.9602	58.9468	59.5195
104.9703	59.4459	59.5182
104.9803	59.1131	59.5175
104.9902	59.5291	59.5170
105.0002	59.4459	59.5175
105.0103	59.1131	59.5168
105.0202	59.6955	59.5168
105.0305	58.9468	59.5163
105.0403	59.5291	59.5153
105.0502	59.0299	59.5146
105.0603	59.3627	59.5134
105.0703	58.8636	59.5117
105.0804	60.1115	59.5122
105.0903	58.9468	59.5130
105.1002	59.6123	59.5123
105.1103	59.6123	59.5136
105.1204	59.6123	59.5149
105.1302	59.6955	59.5164
105.1403	59.2795	59.5169
105.1503	59.6123	59.5172
105.1602	59.6955	59.5187
105.1703	59.4459	59.5197
105.1803	59.1131	59.5190
105.1903	59.1131	59.5173
105.2002	59.4459	59.5165
105.2103	59.4459	59.5168
105.2202	59.0299	59.5158
105.2303	59.1963	59.5141
105.2404	58.9468	59.5121
105.2502	59.1963	59.5102
105.2605	59.4459	59.5097
105.2703	58.6140	59.5075
105.2802	59.6123	59.5059
105.2904	59.4459	59.5067
105.3003	59.1131	59.5060
105.3103	58.9468	59.5038
105.3204	58.7804	59.5007
105.3303	59.4459	59.4990
105.3403	59.4459	59.4993
105.3494	59.3627	59.4995
105.3604	59.1963	59.4988
105.3703	59.1131	59.4974
105.3804	59.6123	59.4973
105.3905	59.1131	59.4971
105.4003	58.8636	59.4948
105.4095	59.4459	59.4934
105.4204	59.4459	59.4937
105.4303	59.4459	59.4941
105.4404	59.8619	59.4958
105.4504	59.4459	59.4974
105.4603	59.5291	59.4980
105.4703	58.8636	59.4969
105.4804	59.4459	59.4955
105.4903	59.0299	59.4946
105.5004	59.7787	59.4947
105.5103	59.2795	59.4956
105.5204	59.6123	59.4960
105.5303	59.6123	59.4974
105.5394	59.7787	59.4992
105.5505	59.1131	59.4996
105.5604	59.7787	59.4999
105.5704	58.9468	59.4998
105.5804	58.9468	59.4972
105.5894	59.4459	59.4960
105.5994	59.4459	59.4964
105.6104	58.7804	59.4948
105.6204	59.0299	59.4919
105.6304	59.6955	59.4918
105.6404	59.6123	59.4934
105.6504	58.9468	59.4928
105.6594	59.2795	59.4912
105.6705	59.7787	59.4921
105.6805	59.1131	59.4925
105.6904	59.1131	59.4909
105.7004	59.2795	59.4899
105.7105	58.8636	59.4880
105.7195	60.0283	59.4884
105.7305	58.8636	59.4889
105.7404	59.8619	59.4888
105.7506	59.4459	59.4905
105.7605	59.2795	59.4904
105.7704	59.6123	59.4908
105.7795	59.0299	59.4905
105.7895	59.3627	59.4894
105.8005	59.1131	59.4886
105.8105	59.4459	59.4880
105.8204	59.4459	59.4885
105.8305	59.4459	59.4889
105.8395	59.6123	59.4898
105.8496	59.1131	59.4898
105.8605	59.1131	59.4882
105.8706	59.2795	59.4871
105.8806	59.4459	59.4870
105.8905	60.1115	59.4895
105.8996	59.2795	59.4914
105.9096	59.2795	59.4908
105.9205	58.7804	59.4887
105.9306	59.7787	59.4882
105.9406	59.6123	59.4901
105.9505	59.4459	59.4910
105.9596	59.4459	59.4914
105.9696	59.6955	59.4926
105.9797	59.1131	59.4928
105.9906	58.9468	59.4907
106.0005	58.8636	59.4879
106.0105	59.6955	59.4873
106.0196	59.4459	59.4885
106.0296	59.2795	59.4884
106.0397	59.2795	59.4878
106.0507	59.2795	59.4873
106.0607	59.5291	59.4875
106.0697	59.6955	59.4889
106.0797	58.9468	59.4886
106.0896	59.4459	59.4875
106.0997	59.2795	59.4874
106.1106	59.4459	59.4874
106.1207	59.1131	59.4868
106.1308	59.5291	59.4865
106.1398	59.7787	59.4882
106.1497	59.6123	59.4901
106.1597	59.4459	59.4911
106.1707	58.9468	59.4900
106.1807	59.4459	59.4889
106.1908	58.9468	59.4878
106.1997	59.1131	59.4858
106.2097	59.4459	59.4852
106.2197	59.2795	59.4852
106.2297	58.9468	59.4836
106.2406	59.1131	59.4816
106.2508	58.9468	59.4796
106.2596	59.6123	59.4790
106.2698	59.4459	59.4800
106.2799	59.2795	59.4800
106.2896	59.1963	59.4792
106.3008	59.2795	59.4784
106.3107	59.0299	59.4772
106.3197	59.0299	59.4752
106.3298	59.4459	59.4744
106.3397	59.9451	59.4764
106.3497	59.2795	59.4779
106.3608	59.4459	59.4779
106.3707	59.0299	59.4772
106.3806	59.1131	59.4754
106.3897	59.2795	59.4744
106.3997	59.4459	59.4744
106.4097	59.2795	59.4744
106.4197	58.9468	59.4729
106.4307	59.0299	59.4707
106.4407	59.1131	59.4690
106.4497	59.5291	59.4687
106.4597	59.2795	59.4690
106.4698	59.2795	59.4686
106.4798	59.4459	59.4686
106.4907	58.9468	59.4676
106.4998	59.4459	59.4666
106.5099	59.5291	59.4674
106.5197	59.3627	59.4680
106.5297	59.8619	59.4695
106.5398	58.9468	59.4698
106.5507	59.2795	59.4683
106.5608	59.1131	59.4674
106.5698	58.9468	59.4654
106.5797	59.2795	59.4639
106.5898	59.1131	59.4630
106.5998	59.5291	59.4628
106.6107	59.0299	59.4624
106.6208	59.2795	59.4612
106.6298	59.2795	59.4607
106.6398	59.6123	59.4613
106.6497	59.1131	59.4614
106.6598	59.4459	59.4610
106.6699	59.1131	59.4605
106.6808	58.6140	59.4576
106.6899	58.9468	59.4542
106.6999	59.2795	59.4528
106.7098	59.5291	59.4531
106.7199	58.9468	59.4525
106.7299	58.7804	59.4496
106.7409	59.4459	59.4482
106.7498	59.3627	59.4486
106.7599	59.0299	59.4477
106.7698	59.6955	59.4479
106.7801	59.2795	59.4487
106.7899	59.3627	59.4486
106.8009	59.2795	59.4485
106.8100	59.3627	59.4484
106.8199	59.2795	59.4483
106.8298	59.1963	59.4476
106.8399	59.4459	59.4475
106.8499	59.2795	59.4477
106.8598	59.4459	59.4478
106.8699	58.7804	59.4464
106.8799	59.4459	59.4451
106.8899	59.2795	59.4452
106.8999	59.7787	59.4464
106.9099	59.9451	59.4495
106.9199	59.5291	59.4519
106.9308	59.2795	59.4522
106.9399	59.2795	59.4519
106.9499	59.0299	59.4507
106.9600	59.1131	59.4491
106.9700	58.9468	59.4472
106.9800	59.8619	59.4476
106.9900	59.6123	59.4500
107.0000	59.1131	59.4502
107.0099	58.6140	59.4473
107.0201	59.4459	59.4454
107.0300	59.1963	59.4453
107.0400	59.3627	59.4450
107.0500	59.7787	59.4464
107.0600	59.1131	59.4470
107.0699	59.1963	59.4459
107.0804	59.4459	59.4458
107.0901	59.2795	59.4460
107.1000	59.1963	59.4454
107.1101	58.2812	59.4418
107.1200	59.4459	59.4390
107.1301	59.2795	59.4392
107.1401	59.4459	59.4393
107.1500	59.2795	59.4395
107.1599	59.1131	59.4387
107.1700	59.4459	59.4384
107.1800	59.2795	59.4386
107.1899	59.5291	59.4390
107.2001	59.2795	59.4395
107.2100	59.2795	59.4391
107.2200	59.4459	59.4393
107.2301	59.0299	59.4388
107.2400	59.6955	59.4390
107.2500	58.9468	59.4389
107.2602	59.1131	59.4371
107.2701	59.3627	59.4365
107.2800	59.6123	59.4375
107.2900	59.6123	59.4392
107.3000	58.7804	59.4384
107.3102	59.1131	59.4361
107.3201	59.2795	59.4353
107.3300	60.1115	59.4375
107.3400	58.9468	59.4387
107.3501	58.8636	59.4362
107.3600	59.1963	59.4344
107.3700	59.2795	59.4338
107.3801	59.4459	59.4340
107.3900	59.2795	59.4343
107.4002	59.1963	59.4337
107.4102	59.4459	59.4337
107.4200	59.1963	59.4337
107.4300	59.2795	59.4332
107.4401	59.2795	59.4329
107.4501	59.1131	59.4321
107.4603	59.1963	59.4311
107.4701	59.1963	59.4303
107.4800	59.1963	59.4296
107.4901	59.4459	59.4296
107.5001	59.1963	59.4296
107.5101	59.3627	59.4293
107.5201	59.2795	59.4293
107.5301	59.6955	59.4303
107.5401	59.2795	59.4313
107.5500	59.4459	59.4315
107.5601	59.1131	59.4313
107.5701	59.1131	59.4300
107.5801	59.4459	59.4297
107.5901	59.6123	59.4310
107.6004	58.9468	59.4307
107.6102	58.5308	59.4272
107.6201	59.7787	59.4262
107.6303	58.7804	59.4260
107.6402	59.3627	59.4245
107.6501	59.1131	59.4240
107.6602	59.5291	59.4241
107.6703	59.7787	59.4261
107.6801	59.4459	59.4278
107.6902	59.4459	59.4286
107.7002	59.6955	59.4301
107.7101	59.6123	59.4321
107.7202	59.1131	59.4324
107.7301	59.5291	59.4324
107.7401	59.1963	59.4326
107.7502	59.6123	59.4331
107.7602	59.2795	59.4338
107.7702	59.4459	59.4341
107.7802	59.8619	59.4361
107.7902	59.9451	59.4396
107.8002	59.4459	59.4418
107.8101	59.1131	59.4415
107.8202	59.2795	59.4407
107.8302	59.1131	59.4399
107.8403	59.5291	59.4399
107.8503	59.5291	59.4411
107.8602	59.1131	59.4411
107.8702	58.9468	59.4393
107.8802	59.6123	59.4390
107.8902	59.1963	59.4395
107.9002	59.5291	59.4397
107.9102	58.9468	59.4392
107.9202	59.6123	59.4389
107.9303	58.9468	59.4386
107.9402	59.1963	59.4371
107.9503	58.8636	59.4353
107.9603	59.1131	59.4333
107.9702	59.6123	59.4336
107.9803	59.2795	59.4343
107.9902	58.8636	59.4328
108.0003	59.4459	59.4318
108.0103	59.3627	59.4323
108.0202	58.6140	59.4303
108.0303	60.0283	59.4304
108.0403	59.5291	59.4331
108.0503	59.2795	59.4336
108.0603	59.4459	59.4339
108.0703	59.1131	59.4336
108.0803	59.4459	59.4334
108.0904	59.1963	59.4334
108.1003	59.1963	59.4327
108.1103	59.5291	59.4329
108.1204	59.6955	59.4347
108.1304	59.1963	59.4354
108.1403	59.3627	59.4352
108.1503	59.1131	59.4347
108.1603	59.1131	59.4334
108.1703	59.6955	59.4339
108.1804	59.6123	59.4359
108.1904	59.3627	59.4369
108.2003	59.1131	59.4364
108.2103	59.5291	59.4364
108.2203	59.1963	59.4367
108.2304	59.1963	59.4359
108.2395	59.2795	59.4354
108.2504	59.7787	59.4367
108.2604	59.0299	59.4372
108.2704	59.6123	59.4372
108.2804	59.2795	59.4379
108.2903	59.6123	59.4387
108.2993	59.5291	59.4401
108.3103	59.4459	59.4411
108.3204	58.8636	59.4401
108.3304	59.7787	59.4401
108.3403	59.6955	59.4426
108.3503	59.5291	59.4443
108.3594	59.2795	59.4448
108.3704	59.4459	59.4450
108.3805	59.1131	59.4448
108.3905	59.6123	59.4450
108.4005	59.4459	59.4462
108.4104	59.2795	59.4464
108.4194	59.1963	59.4459
108.4304	60.0283	59.4476
108.4404	59.4459	59.4500
108.4504	59.3627	59.4505
108.4604	59.4459	59.4510
108.4705	59.3627	59.4514
108.4794	58.9468	59.4504
108.4895	59.4459	59.4496
108.5006	59.6955	59.4510
108.5105	59.6123	59.4530
108.5205	58.7804	59.4522
108.5305	59.1131	59.4499
108.5395	59.6955	59.4503
108.5496	59.4459	59.4518
108.5606	59.2795	59.4520
108.5705	59.2795	59.4517
108.5806	59.5291	59.4521
108.5906	60.0283	59.4548
108.5995	59.2795	59.4568
108.6096	59.2795	59.4565
108.6206	59.1131	59.4556
108.6305	59.2795	59.4548
108.6406	59.9451	59.4565
108.6505	59.4459	59.4587
108.6595	59.2795	59.4589
108.6696	58.9468	59.4575
108.6795	58.9468	59.4552
108.6906	59.3627	59.4542
108.7005	58.9468	59.4531
108.7096	59.1131	59.4513
108.7196	59.2795	59.4505
108.7296	58.4476	59.4477
108.7396	59.5291	59.4457
108.7506	59.1131	59.4457
108.7608	59.4459	59.4454
108.7706	59.1131	59.4452
108.7796	58.9468	59.4434
108.7896	59.7787	59.4436
108.7996	59.2795	59.4449
108.8106	59.1131	59.4441
108.8206	59.4459	59.4439
108.8306	58.9468	59.4431
108.8396	59.4459	59.4424
108.8496	59.1131	59.4421
108.8596	58.9468	59.4404
108.8706	59.2795	59.4391
108.8806	59.2795	59.4389
108.8905	59.1963	59.4384
108.8996	58.6972	59.4362
108.9096	58.9468	59.4332
108.9197	59.4459	59.4325
108.9296	58.9468	59.4318
108.9406	58.9468	59.4296
108.9506	59.6123	59.4294
108.9596	59.3627	59.4305
108.9696	59.5291	59.4313
108.9797	59.7787	59.4333
108.9896	59.5291	59.4354
109.0006	59.6123	59.4369
109.0106	59.4459	59.4382
109.0197	58.7804	59.4369
109.0296	59.2795	59.4352
109.0397	59.5291	59.4358
109.0497	59.2795	59.4363
109.0606	59.1131	59.4356
109.0706	59.2795	59.4349
109.0798	59.0299	59.4339
109.0897	59.4459	59.4334
109.0997	59.3627	59.4340
109.1097	58.7804	59.4325
109.1198	58.8636	59.4296
109.1307	59.0299	59.4274
109.1407	58.9468	59.4255
109.1498	58.9468	59.4233
109.1597	59.4459	59.4226
109.1696	59.5291	59.4237
109.1798	59.4459	59.4248
109.1908	58.6140	59.4231
109.2007	59.1131	59.4205
109.2098	59.2795	59.4198
109.2197	59.1131	59.4192
109.2297	58.9468	59.4176
109.2398	58.6140	59.4144
109.2508	58.9468	59.4113
109.2607	59.1131	59.4097
109.2698	58.9468	59.4081
109.2798	59.3627	59.4073
109.2898	59.2795	59.4074
109.2999	59.4459	59.4078
109.3107	59.5291	59.4090
109.3207	59.1963	59.4094
109.3298	59.7787	59.4105
109.3398	59.6123	59.4129
109.3498	58.9468	59.4128
109.3598	59.7787	59.4132
109.3699	59.6123	59.4156
109.3808	59.2795	59.4165
109.3898	59.1131	59.4159
109.3998	58.7804	59.4138
109.4098	59.0299	59.4114
109.4198	59.3627	59.4108
109.4298	59.7787	59.4125
109.4408	59.1963	59.4136
109.4497	59.7787	59.4148
109.4598	59.2795	59.4162
109.4698	59.1963	59.4158
109.4798	59.1963	59.4152
109.4897	58.7804	59.4133
109.5008	59.0299	59.4110
109.5108	59.3627	59.4104
109.5197	59.1131	59.4100
109.5298	59.7787	59.4110
109.5398	59.3627	59.4126
109.5498	59.6955	59.4140
109.5609	59.2795	59.4152
109.5708	59.6123	59.4161
109.5799	59.6123	59.4180
109.5898	59.4459	59.4194
109.5999	59.1963	59.4195
109.6098	59.2795	59.4191
109.6198	59.7787	59.4205
109.6298	59.3627	59.4221
109.6399	59.1963	59.4220
109.6498	59.0299	59.4209
109.6598	59.1131	59.4195
109.6699	59.4459	59.4194
109.6798	59.6123	59.4207
109.6908	59.2795	59.4216
109.6998	59.3627	59.4218
109.7098	58.6972	59.4201
109.7199	59.0299	59.4175
109.7300	58.9468	59.4157
109.7399	59.1131	59.4141
109.7509	59.4459	59.4140
109.7599	59.4459	59.4149
109.7700	59.2795	59.4153
109.7798	59.0299	59.4144
109.7899	59.3627	59.4138
109.7999	59.5291	59.4147
109.8099	59.6123	59.4164
109.8199	59.6123	59.4183
109.8299	59.1963	59.4189
109.8399	59.4459	59.4191
109.8500	59.1131	59.4190
109.8599	59.2795	59.4184
109.8699	59.3627	59.4185
109.8800	59.4459	59.4192
109.8899	59.5291	59.4203
109.8999	59.1963	59.4207
109.9100	59.2795	59.4203
109.9200	59.1131	59.4197
109.9300	59.1963	59.4189
109.9400	59.1963	59.4183
109.9500	59.5291	59.4187
109.9600	58.9468	59.4183
109.9701	59.3627	59.4175
109.9801	59.2795	59.4177
109.9902	59.6955	59.4188
110.0000	59.1131	59.4195
110.0099	59.1131	59.4184
110.0204	58.6140	59.4158
110.0300	59.3627	59.4139
110.0400	59.2795	59.4141
110.0500	59.4459	59.4145
110.0601	59.4459	59.4155
110.0700	59.4459	59.4164
110.0800	59.7787	59.4183
110.0900	59.4459	59.4202
110.1001	58.6140	59.4186
110.1100	59.1131	59.4160
110.1201	59.1131	59.4149
110.1301	59.1131	59.4139
110.1401	58.6140	59.4113
110.1501	59.1963	59.4090
110.1601	59.1963	59.4084
110.1701	59.1963	59.4079
110.1800	59.4459	59.4081
110.1901	58.9468	59.4075
110.2001	59.1963	59.4062
110.2101	58.7804	59.4044
110.2201	59.2795	59.4029
110.2301	59.1963	59.4026
110.2402	59.3627	59.4026
110.2501	59.5291	59.4036
110.2601	59.6955	59.4056
110.2701	59.1131	59.4063
110.2801	60.0283	59.4080
110.2901	59.4459	59.4107
110.3001	58.4476	59.4087
110.3101	59.2795	59.4061
110.3200	59.1131	59.4056
110.3302	59.3627	59.4053
110.3402	59.1131	59.4050
110.3501	59.1963	59.4042
110.3601	59.5291	59.4047
110.3701	59.2795	59.4054
110.3800	58.7804	59.4039
110.3900	59.1131	59.4019
110.4001	59.3627	59.4016
110.4101	59.5291	59.4026
110.4201	59.2795	59.4033
110.4302	59.2795	59.4033
110.4400	58.8636	59.4020
110.4501	59.0299	59.4000
110.4601	59.5291	59.4000
110.4701	59.0299	59.4000
110.4801	59.0299	59.3985
110.4901	59.1131	59.3973
110.5001	58.9468	59.3958
110.5101	59.5291	59.3955
110.5201	58.9468	59.3953
110.5301	59.4459	59.3948
110.5402	59.5291	59.3961
110.5501	59.1131	59.3963
110.5601	58.7804	59.3944
110.5701	59.3627	59.3931
110.5803	59.5291	59.3941
110.5902	59.7787	59.3964
110.6001	59.2795	59.3979
110.6102	59.2795	59.3980
110.6202	59.6123	59.3990
110.6302	59.1963	59.3997
110.6402	59.6123	59.4005
110.6502	59.3627	59.4017
110.6602	59.4459	59.4025
110.6702	59.1963	59.4027
110.6802	59.0299	59.4017
110.6902	59.5291	59.4017
110.7002	59.4459	59.4029
110.7102	58.9468	59.4024
110.7202	59.1131	59.4009
110.7304	58.9468	59.3994
110.7404	59.6123	59.3994
110.7502	59.1131	59.3999
110.7604	59.5291	59.4002
110.7703	59.3627	59.4012
110.7803	59.4459	59.4019
110.7904	59.1963	59.4022
110.8003	59.2795	59.4019
110.8102	59.2795	59.4019
110.8203	59.0299	59.4011
110.8304	58.9468	59.3994
110.8403	59.2795	59.3984
110.8503	58.9468	59.3974
110.8603	59.2795	59.3964
110.8702	59.6123	59.3974
110.8803	59.1131	59.3980
110.8903	59.2795	59.3975
110.9003	59.4459	59.3980
110.9107	59.2795	59.3985
110.9203	59.6123	59.3995
110.9303	59.5291	59.4013
110.9394	59.2795	59.4020
110.9503	59.9451	59.4040
110.9604	58.9468	59.4050
110.9705	59.1131	59.4035
110.9804	58.9468	59.4020
110.9903	59.1131	59.4005
110.9994	59.1131	59.3995
111.0104	59.1131	59.3986
111.0203	59.2795	59.3981
111.0303	59.4459	59.3986
111.0403	59.2795	59.3991
111.0504	60.1115	59.4016
111.0594	58.9468	59.4032
111.0703	59.4459	59.4027
111.0803	59.2795	59.4032
111.0904	59.3627	59.4034
111.1003	59.1131	59.4032
111.1103	59.8619	59.4044
111.1193	58.8636	59.4049
111.1303	59.3627	59.4039
111.1404	59.2795	59.4042
111.1504	58.9468	59.4032
111.1603	59.4459	59.4027
111.1704	58.6140	59.4012
111.1793	59.4459	59.3997
111.1896	59.7787	59.4018
111.2004	59.1131	59.4028
111.2104	59.4459	59.4028
111.2203	59.4459	59.4038
111.2304	59.6123	59.4053
111.2405	59.4459	59.4068
111.2495	59.4459	59.4078
111.2604	58.6972	59.4065
111.2705	59.1963	59.4045
111.2804	59.4459	59.4048
111.2904	59.9451	59.4073
111.3004	58.6972	59.4076
111.3094	59.1963	59.4056
111.3204	59.7787	59.4068
111.3304	58.9468	59.4073
111.3405	59.1131	59.4058
111.3504	59.2795	59.4053
111.3610	59.4459	59.4058
111.3707	59.2795	59.4063
111.3794	59.7787	59.4078
111.3906	59.9451	59.4113
111.4004	59.2795	59.4133
111.4104	59.6123	59.4143
111.4205	59.2795	59.4152
111.4295	59.1131	59.4147
111.4394	59.4459	59.4147
111.4506	59.3627	59.4154
111.4605	58.9468	59.4146
111.4706	58.7804	59.4121
111.4796	59.0299	59.4098
111.4896	59.2795	59.4090
111.4995	59.2795	59.4090
111.5106	59.6123	59.4100
111.5205	59.6123	59.4120
111.5307	59.7787	59.4145
111.5397	59.1131	59.4154
111.5496	58.9468	59.4139
111.5595	59.3627	59.4131
111.5707	58.9468	59.4124
111.5806	59.6123	59.4123
111.5905	59.6955	59.4146
111.5996	58.7804	59.4143
111.6096	59.6123	59.4138
111.6195	58.8636	59.4135
111.6295	59.6123	59.4132
111.6405	59.5291	59.4150
111.6508	58.9468	59.4147
111.6605	59.0299	59.4129
111.6698	59.1131	59.4116
111.6796	58.4476	59.4086
111.6895	59.6955	59.4074
111.7005	59.4459	59.4091
111.7107	59.4459	59.4101
111.7205	59.5291	59.4114
111.7295	59.4459	59.4126
111.7396	59.2795	59.4131
111.7495	59.6123	59.4141
111.7606	59.0299	59.4143
111.7706	59.6123	59.4146
111.7806	59.6123	59.4165
111.7896	59.6123	59.4185
111.7996	58.9468	59.4185
111.8096	59.9451	59.4194
111.8196	59.6123	59.4224
111.8305	59.2795	59.4233
111.8406	59.6123	59.4243
111.8496	58.7804	59.4237
111.8596	59.1131	59.4217
111.8696	58.7804	59.4196
111.8797	59.6123	59.4191
111.8906	59.1131	59.4195
111.9006	59.2795	59.4190
111.9097	60.1115	59.4215
111.9196	59.4459	59.4244
111.9296	58.9468	59.4239
111.9398	59.1963	59.4226
111.9507	59.1131	59.4218
111.9606	59.6123	59.4222
111.9696	59.1131	59.4227
111.9798	59.6123	59.4231
111.9896	59.0299	59.4233
111.9998	58.9468	59.4215
112.0108	58.7804	59.4190
112.0207	59.1131	59.4169
112.0298	59.2795	59.4164
112.0397	59.2795	59.4163
112.0500	59.0299	59.4156
112.0597	59.1131	59.4143
112.0697	58.6972	59.4120
112.0808	59.6123	59.4113
112.0908	59.7787	59.4138
112.0997	59.3627	59.4155
112.1098	59.4459	59.4162
112.1198	59.6123	59.4177
112.1297	59.1963	59.4184
112.1408	58.9468	59.4171
112.1498	59.2795	59.4161
112.1597	59.7787	59.4176
112.1697	58.8636	59.4178
112.1798	59.1131	59.4160
112.1899	59.1963	59.4153
112.2008	59.4459	59.4155
112.2097	59.6955	59.4172
112.2198	58.9468	59.4174
112.2298	59.5291	59.4172
112.2399	59.1131	59.4174
112.2497	58.9468	59.4159
112.2608	59.4459	59.4154
112.2707	59.4459	59.4163
112.2807	59.1131	59.4163
112.2897	59.3627	59.4160
112.2997	59.4459	59.4168
112.3099	59.6123	59.4183
112.3198	59.6123	59.4202
112.3316	58.9468	59.4202
112.3398	58.8636	59.4179
112.3497	58.3644	59.4139
112.3597	59.2795	59.4111
112.3704	59.6123	59.4121
112.3798	59.3627	59.4134
112.3907	59.1963	59.4134
112.3997	59.1131	59.4126
112.4097	59.2795	59.4121
112.4197	59.2795	59.4121
112.4298	58.3644	59.4094
112.4398	59.6123	59.4077
112.4508	59.6123	59.4097
112.4598	59.6123	59.4117
112.4698	59.1131	59.4122
112.4798	59.1131	59.4112
112.4899	59.1131	59.4102
112.4999	59.1131	59.4092
112.5099	59.4459	59.4093
112.5199	59.1963	59.4095
112.5298	59.0299	59.4086
112.5399	59.2795	59.4078
112.5499	59.6123	59.4088
112.5598	59.7787	59.4114
112.5698	59.5291	59.4136
112.5799	59.6123	59.4154
112.5899	59.1131	59.4159
112.5999	58.9468	59.4144
112.6100	58.4476	59.4109
112.6199	59.2795	59.4084
112.6300	59.6123	59.4094
112.6399	59.3627	59.4107
112.6498	59.7787	59.4125
112.6601	60.0283	59.4162
112.6700	58.7804	59.4170
112.6799	59.1963	59.4152
112.6901	59.6123	59.4160
112.7000	59.1131	59.4165
112.7099	59.1131	59.4155
112.7201	59.2795	59.4150
112.7299	59.4459	59.4155
112.7408	59.1131	59.4155
112.7500	58.9468	59.4140
112.7599	59.1131	59.4125
112.7699	59.1963	59.4118
112.7799	59.2795	59.4115
112.7899	59.1131	59.4110
112.8000	58.7804	59.4091
112.8100	59.4459	59.4081
112.8199	59.3627	59.4089
112.8300	59.2795	59.4091
112.8400	59.1131	59.4087
112.8499	59.0299	59.4074
112.8600	59.0299	59.4060
112.8700	58.9468	59.4042
112.8799	59.1963	59.4030
112.8900	59.2795	59.4028
112.8998	58.9468	59.4019
112.9100	59.4459	59.4014
112.9199	59.1131	59.4015
112.9299	59.4459	59.4015
112.9400	59.1963	59.4018
112.9500	59.4459	59.4021
112.9599	59.6123	59.4037
112.9703	59.1131	59.4042
112.9800	59.5291	59.4045
112.9900	58.9468	59.4043
113.0006	59.1131	59.4028
113.0100	59.2795	59.4024
113.0200	59.3627	59.4027
113.0301	59.6123	59.4040
113.0401	59.6123	59.4060
113.0501	59.6123	59.4081
113.0602	59.2795	59.4091
113.0701	59.4459	59.4096
113.0801	59.6123	59.4111
113.0901	58.6140	59.4102
113.1001	59.4459	59.4087
113.1101	59.2795	59.4092
113.1201	58.9468	59.4082
113.1301	58.9468	59.4063
113.1400	59.3627	59.4055
113.1502	59.1131	59.4053
113.1600	59.4459	59.4054
113.1700	59.1963	59.4057
113.1802	59.2795	59.4055
113.1901	59.4459	59.4060
113.2000	59.1963	59.4063
113.2101	59.3627	59.4064
113.2200	59.2795	59.4067
113.2301	59.1131	59.4062
113.2401	59.2795	59.4057
113.2500	59.2795	59.4058
113.2600	59.6123	59.4068
113.2701	59.1131	59.4074
113.2801	58.9468	59.4059
113.2901	58.6140	59.4030
113.3002	59.4459	59.4015
113.3101	59.6123	59.4031
113.3201	59.0299	59.4034
113.3302	58.7804	59.4012
113.3402	60.1115	59.4023
113.3502	59.2795	59.4048
113.3602	59.1131	59.4044
113.3702	59.1131	59.4034
113.3800	58.9468	59.4020
113.3901	59.4459	59.4015
113.4002	59.4459	59.4026
113.4101	59.8619	59.4049
113.4201	58.9468	59.4057
113.4302	59.7787	59.4063
113.4404	59.5291	59.4085
113.4501	59.6955	59.4106
113.4601	59.3627	59.4121
113.4702	58.9468	59.4114
113.4802	59.7787	59.4119
113.4901	59.1131	59.4129
113.5002	59.4459	59.4129
113.5102	59.3627	59.4137
113.5203	59.1131	59.4135
113.5302	58.6140	59.4110
113.5402	59.1131	59.4085
113.5503	59.7787	59.4096
113.5602	59.6955	59.4124
113.5702	59.3627	59.4139
113.5802	59.6955	59.4154
113.5903	59.2795	59.4167
113.6002	59.7787	59.4182
113.6102	59.2795	59.4197
113.6203	59.6955	59.4209
113.6302	59.6955	59.4234
113.6392	59.1131	59.4241
113.6503	59.1131	59.4231
113.6603	59.2795	59.4226
113.6702	59.4459	59.4231
113.6803	59.0299	59.4228
113.6902	59.3627	59.4223
113.6994	59.1963	59.4223
113.7103	59.5291	59.4228
113.7203	58.9468	59.4225
113.7305	58.7804	59.4200
113.7404	59.1131	59.4180
113.7515	59.1131	59.4170
113.7606	58.8636	59.4152
113.7703	59.6123	59.4150
113.7804	59.6123	59.4170
113.7905	58.8636	59.4167
113.8003	59.5291	59.4162
113.8103	59.2795	59.4170
113.8203	58.9468	59.4160
113.8304	58.8636	59.4138
113.8403	58.7804	59.4110
113.8503	59.6123	59.4106
113.8605	59.1963	59.4113
113.8703	58.9468	59.4101
113.8803	59.1963	59.4089
113.8894	59.6123	59.4097
113.9004	59.7787	59.4122
113.9104	59.1963	59.4135
113.9204	59.8619	59.4150
113.9303	59.9451	59.4188
113.9404	58.9468	59.4198
113.9494	59.3627	59.4190
113.9603	59.1131	59.4188
113.9704	59.1131	59.4178
113.9804	58.8636	59.4161
113.9904	59.2795	59.4148
114.0004	59.0299	59.4141
114.0094	59.4459	59.4139
114.0204	59.0299	59.4136
114.0305	58.8636	59.4116
114.0404	59.7787	59.4119
114.0506	59.1131	59.4129
114.0606	58.6140	59.4105
114.0694	58.6140	59.4065
114.0794	59.1963	59.4043
114.0906	60.0283	59.4064
114.1004	58.6140	59.4067
114.1103	59.2795	59.4047
114.1205	59.1131	59.4043
114.1293	59.0299	59.4031
114.1395	59.0299	59.4016
114.1506	59.2795	59.4010
114.1604	59.1963	59.4008
114.1705	59.1131	59.4001
114.1804	59.7787	59.4012
114.1894	58.7804	59.4012
114.1995	58.8636	59.3986
114.2106	59.3627	59.3976
114.2205	59.6123	59.3990
114.2305	59.2795	59.4001
114.2396	59.1963	59.3999
114.2495	59.3627	59.4000
114.2595	59.4459	59.4008
114.2705	59.1963	59.4011
114.2808	58.9468	59.4000
114.2913	59.4459	59.3995
114.3005	59.4459	59.4006
114.3095	59.1131	59.4007
114.3196	59.1131	59.3998
114.3295	59.6955	59.4006
114.3407	59.3627	59.4022
114.3506	59.7787	59.4040
114.3605	59.2795	59.4056
114.3695	59.3627	59.4059
114.3796	59.4459	59.4067
114.3894	59.9451	59.4092
114.4005	58.9468	59.4103
114.4105	59.4459	59.4098
114.4205	59.6123	59.4114
114.4296	59.6123	59.4134
114.4396	58.9468	59.4135
114.4495	59.4459	59.4130
114.4605	59.4459	59.4140
114.4705	59.2795	59.4146
114.4810	59.4459	59.4151
114.4905	59.4459	59.4161
114.4995	59.3627	59.4169
114.5095	59.1131	59.4167
114.5205	59.1963	59.4159
114.5305	59.1963	59.4155
114.5405	59.1131	59.4147
114.5495	59.0299	59.4135
114.5595	59.1963	59.4125
114.5695	59.0299	59.4116
114.5795	58.9468	59.4099
114.5906	59.8619	59.4107
114.6006	59.3627	59.4127
114.6096	59.1131	59.4125
114.6195	59.6123	59.4131
114.6297	58.8636	59.4128
114.6396	59.6955	59.4129
114.6505	59.7787	59.4157
114.6606	59.3627	59.4175
114.6706	59.5291	59.4185
114.6795	59.1131	59.4188
114.6896	59.0299	59.4175
114.6995	59.3627	59.4171
114.7108	59.3627	59.4176
114.7206	59.0299	59.4171
114.7306	58.9468	59.4154
114.7396	59.6955	59.4157
114.7496	59.0299	59.4162
114.7596	59.6123	59.4165
114.7696	59.0299	59.4168
114.7806	59.1963	59.4158
114.7906	59.4459	59.4161
114.7996	59.3627	59.4169
114.8096	59.1131	59.4167
114.8196	59.2795	59.4162
114.8296	58.9468	59.4152
114.8406	59.2795	59.4142
114.8506	59.3627	59.4145
114.8596	59.1963	59.4146
114.8696	59.4459	59.4149
114.8796	58.9468	59.4144
114.8897	59.1963	59.4132
114.9007	58.8636	59.4117
114.9106	59.6123	59.4115
114.9198	59.0299	59.4118
114.9297	59.0299	59.4104
114.9396	59.2795	59.4097
114.9499	58.8636	59.4085
114.9607	59.3627	59.4075
114.9706	59.2795	59.4078
114.9798	59.2795	59.4079
114.9897	59.6123	59.4089
114.9997	59.1963	59.4098
115.0098	59.2795	59.4096
115.0197	59.5291	59.4104
115.0307	59.1963	59.4109
115.0397	58.9468	59.4097
115.0497	59.6955	59.4100
115.0597	58.6140	59.4093
115.0697	59.1963	59.4071
115.0797	59.3627	59.4072
115.0907	59.6955	59.4087
115.0997	59.3627	59.4103
115.1097	58.6140	59.4086
115.1198	59.4459	59.4072
115.1297	59.6123	59.4087
115.1397	59.1963	59.4095
115.1507	59.0299	59.4086
115.1598	59.1963	59.4076
115.1697	59.5291	59.4082
115.1797	59.7787	59.4105
115.1897	59.2795	59.4121
115.1997	59.4459	59.4126
115.2097	59.2795	59.4132
115.2207	58.7804	59.4117
115.2297	59.2795	59.4103
115.2398	59.5291	59.4111
115.2498	59.2795	59.4119
115.2599	59.1131	59.4114
115.2699	59.1131	59.4105
115.2808	59.3627	59.4103
115.2899	59.4459	59.4111
115.2998	58.7804	59.4102
115.3097	59.7787	59.4102
115.3198	58.7804	59.4103
115.3299	58.5308	59.4066
115.3408	59.3627	59.4047
115.3499	59.7787	59.4065
115.3598	59.4459	59.4086
115.3698	59.0299	59.4084
115.3798	59.2795	59.4077
115.3898	59.3627	59.4080
115.4008	59.5291	59.4091
115.4098	59.7787	59.4114
115.4198	59.7787	59.4144
115.4298	59.2795	59.4160
115.4399	59.1963	59.4158
115.4498	59.2795	59.4156
115.4598	59.1131	59.4151
115.4698	59.3627	59.4149
115.4799	59.2795	59.4152
115.4898	58.9468	59.4142
115.4999	59.0299	59.4125
115.5098	59.4459	59.4123
115.5199	59.7787	59.4144
115.5299	59.6123	59.4169
115.5399	59.2795	59.4180
115.5499	59.7787	59.4195
115.5599	59.5291	59.4218
115.5701	59.7787	59.4240
115.5800	58.9468	59.4245
115.5898	59.2795	59.4236
115.5998	58.9468	59.4226
115.6099	58.7804	59.4201
115.6199	58.7804	59.4171
115.6300	59.6123	59.4166
115.6400	59.5291	59.4184
115.6498	59.8619	59.4209
115.6599	59.0299	59.4219
115.6699	59.7787	59.4227
115.6799	59.2795	59.4242
115.6900	58.7804	59.4227
115.7000	59.3627	59.4215
115.7100	59.1963	59.4215
115.7200	59.1963	59.4210
115.7299	59.1963	59.4205
115.7399	59.6123	59.4213
115.7500	59.4459	59.4228
115.7600	59.5291	59.4241
115.7699	59.1131	59.4243
115.7800	59.7787	59.4253
115.7899	59.8619	59.4286
115.7999	59.6123	59.4313
115.8100	59.6123	59.4333
115.8199	59.5291	59.4350
115.8301	59.4459	59.4362
115.8400	59.0299	59.4359
115.8499	59.2795	59.4351
115.8599	59.4459	59.4356
115.8700	59.1963	59.4358
115.8800	59.6955	59.4368
115.8901	59.3627	59.4382
115.9000	59.8619	59.4402
115.9099	59.8619	59.4436
115.9200	59.6123	59.4463
115.9300	59.5291	59.4479
115.9400	59.6123	59.4496
115.9500	59.1963	59.4502
115.9600	59.6123	59.4509
115.9700	59.8619	59.4535
115.9800	59.6955	59.4564
115.9900	59.4459	59.4580
116.0000	59.1963	59.4582
116.0100	59.8619	59.4595
116.0200	59.2795	59.4611
116.0301	59.0299	59.4602
116.0400	59.1131	59.4589
116.0500	59.4459	59.4587
116.0600	59.9451	59.4611
116.0700	59.1131	59.4624
116.0800	59.9451	59.4638
116.0900	59.1131	59.4651
116.1000	59.8619	59.4662
116.1100	58.8636	59.4666
116.1200	59.4459	59.4656
116.1301	59.4459	59.4665
116.1400	58.9468	59.4658
116.1500	59.5291	59.4654
116.1600	59.6123	59.4670
116.1701	59.6123	59.4688
116.1801	59.0299	59.4689
116.1901	59.2795	59.4680
116.2001	59.0299	59.4670
116.2104	59.4459	59.4666
116.2200	59.2795	59.4670
116.2301	59.3627	59.4670
116.2401	59.1131	59.4666
116.2501	59.5291	59.4667
116.2601	59.2795	59.4673
116.2701	59.0299	59.4664
116.2800	59.1131	59.4650
116.2901	59.4459	59.4648
116.3001	59.2795	59.4652
116.3101	59.2795	59.4650
116.3201	59.3627	59.4651
116.3301	59.1963	59.4649
116.3401	59.1963	59.4643
116.3501	59.3627	59.4641
116.3601	59.4459	59.4647
116.3701	59.5291	59.4658
116.3801	59.2795	59.4664
116.3902	59.3627	59.4664
116.4001	59.7787	59.4680
116.4102	58.9468	59.4683
116.4202	59.1131	59.4667
116.4302	59.3627	59.4663
116.4402	59.4459	59.4668
116.4501	59.1963	59.4669
116.4601	59.5291	59.4672
116.4701	59.4459	59.4683
116.4802	59.2795	59.4687
116.4902	58.9468	59.4675
116.5002	59.2795	59.4663
116.5102	59.4459	59.4666
116.5201	59.9451	59.4690
116.5303	59.7787	59.4723
116.5402	59.3627	59.4739
116.5502	59.6123	59.4749
116.5602	59.3627	59.4760
116.5703	59.1963	59.4758
116.5802	59.6123	59.4763
116.5902	58.8636	59.4759
116.6002	59.2795	59.4744
116.6103	59.5291	59.4750
116.6203	58.8636	59.4743
116.6303	59.1963	59.4726
116.6405	59.5291	59.4729
116.6493	59.6955	59.4747
116.6604	59.5291	59.4765
116.6703	59.1963	59.4768
116.6803	59.4459	59.4768
116.6902	59.7787	59.4786
116.7003	59.3627	59.4802
116.7103	59.6123	59.4812
116.7202	59.2795	59.4820
116.7304	59.6123	59.4827
116.7403	59.1131	59.4830
116.7503	59.5291	59.4830
116.7605	59.1131	59.4830
116.7704	59.1963	59.4821
116.7802	59.2795	59.4816
116.7905	59.4459	59.4819
116.8004	59.2795	59.4821
116.8102	58.9468	59.4809
116.8203	59.2795	59.4797
116.8303	59.9451	59.4815
116.8393	58.9468	59.4822
116.8505	58.9468	59.4800
116.8604	59.6955	59.4800
116.8703	58.7804	59.4796
116.8803	59.1131	59.4774
116.8903	59.6123	59.4777
116.8994	59.0299	59.4777
116.9103	59.2795	59.4767
116.9203	59.3627	59.4768
116.9303	59.5291	59.4776
116.9403	59.7787	59.4796
116.9503	59.1131	59.4804
116.9596	58.9468	59.4787
116.9703	59.2795	59.4775
116.9803	58.9468	59.4762
116.9904	59.1131	59.4745
117.0004	58.8636	59.4726
117.0103	59.6955	59.4724
117.0194	59.1131	59.4729
117.0294	59.2795	59.4723
117.0404	59.0299	59.4713
117.0504	59.4459	59.4709
117.0604	59.5291	59.4719
117.0695	59.5291	59.4733
117.0797	59.2795	59.4738
117.0894	59.9451	59.4756
117.1005	59.2795	59.4774
117.1106	58.8636	59.4760
117.1204	59.4459	59.4750
117.1293	59.5291	59.4760
117.1395	59.6123	59.4776
117.1494	59.4459	59.4789
117.1604	59.3627	59.4794
117.1705	59.2795	59.4794
117.1804	59.1131	59.4787
117.1904	58.9468	59.4770
117.1997	59.2795	59.4758
117.2095	58.8636	59.4743
117.2205	58.6972	59.4711
117.2305	58.6972	59.4674
117.2406	59.2795	59.4655
117.2505	59.4459	59.4658
117.2597	59.4459	59.4667
117.2695	59.1131	59.4665
117.2796	59.5291	59.4666
117.2906	59.1131	59.4667
117.3004	58.9468	59.4650
117.3107	58.9468	59.4629
117.3195	59.4459	59.4622
117.3295	59.1131	59.4621
117.3395	59.1963	59.4612
117.3505	59.4459	59.4613
117.3604	59.1963	59.4614
117.3705	59.1131	59.4605
117.3794	59.2795	59.4598
117.3895	58.8636	59.4584
117.3995	59.1131	59.4566
117.4105	59.2795	59.4559
117.4205	59.0299	59.4551
117.4305	58.9468	59.4532
117.4397	59.4459	59.4526
117.4496	58.9468	59.4520
117.4595	58.8636	59.4496
117.4697	59.0299	59.4475
117.4805	59.1131	59.4462
117.4906	59.2795	59.4456
117.4996	59.6123	59.4465
117.5096	59.2795	59.4474
117.5195	59.2795	59.4473
117.5295	59.2795	59.4472
117.5405	59.5291	59.4479
117.5505	59.1131	59.4480
117.5596	59.2795	59.4474
117.5695	59.2795	59.4473
117.5795	59.1131	59.4467
117.5895	59.1131	59.4457
117.6006	59.2795	59.4451
117.6105	59.2795	59.4450
117.6195	59.4459	59.4454
117.6297	59.0299	59.4451
117.6395	59.2795	59.4442
117.6497	59.0299	59.4434
117.6606	59.6955	59.4438
117.6705	59.2795	59.4450
117.6796	59.5291	59.4457
117.6896	59.7787	59.4478
117.6995	59.2795	59.4492
117.7097	59.3627	59.4494
117.7196	58.9468	59.4485
117.7306	59.9451	59.4494
117.7396	59.4459	59.4518
117.7496	58.9468	59.4512
117.7596	59.0299	59.4493
117.7696	58.8636	59.4472
117.7796	58.9468	59.4449
117.7906	59.3627	59.4440
117.8006	59.1131	59.4437
117.8097	59.2795	59.4431
117.8197	59.8619	59.4448
117.8297	59.1963	59.4462
117.8397	59.1131	59.4454
117.8506	59.6955	59.4460
117.8606	59.1131	59.4467
117.8696	59.2795	59.4461
117.8797	59.4459	59.4465
117.8897	58.9468	59.4459
117.8996	59.1131	59.4443
117.9107	59.2795	59.4437
117.9208	59.2795	59.4436
117.9297	59.2795	59.4435
117.9397	58.7804	59.4419
117.9497	59.5291	59.4411
117.9598	59.2795	59.4418
117.9697	59.0299	59.4410
117.9807	59.3627	59.4404
117.9897	59.5291	59.4413
117.9998	59.3627	59.4422
118.0098	59.1963	59.4421
118.0197	59.4459	59.4423
118.0298	59.3627	59.4430
118.0407	59.0299	59.4424
118.0498	59.1131	59.4411
118.0598	59.1131	59.4400
118.0698	59.6955	59.4407
118.0798	58.9468	59.4409
118.0899	59.4459	59.4403
118.1007	59.3627	59.4410
118.1098	59.2795	59.4411
118.1198	58.9468	59.4401
118.1297	59.7787	59.4405
118.1399	59.1963	59.4417
118.1499	59.2795	59.4413
118.1597	58.8636	59.4400
118.1710	58.4476	59.4362
118.1798	59.7787	59.4351
118.1897	59.4459	59.4371
118.1999	59.2795	59.4375
118.2098	59.6955	59.4387
118.2198	59.7787	59.4414
118.2299	59.3627	59.4431
118.2397	59.1131	59.4428
118.2497	59.7787	59.4437
118.2599	59.7787	59.4466
118.2698	59.1963	59.4478
118.2799	59.3627	59.4477
118.2899	59.1131	59.4473
118.3002	59.2795	59.4467
118.3099	59.2795	59.4466
118.3199	59.1131	59.4460
118.3298	59.3627	59.4457
118.3399	59.4459	59.4464
118.3509	59.3627	59.4470
118.3598	59.4459	59.4477
118.3698	59.1963	59.4478
118.3799	59.3627	59.4477
118.3899	59.2795	59.4479
118.3999	59.4459	59.4483
118.4099	59.6955	59.4500
118.4201	58.7804	59.4496
118.4299	59.1131	59.4475
118.4399	59.3627	59.4472
118.4498	59.2795	59.4473
118.4599	58.7804	59.4457
118.4698	59.4459	59.4446
118.4798	59.1131	59.4445
118.4899	59.1131	59.4435
118.4998	59.6123	59.4439
118.5098	59.4459	59.4453
118.5199	59.8619	59.4474
118.5298	59.5291	59.4498
118.5399	59.2795	59.4505
118.5499	59.6123	59.4514
118.5598	59.5291	59.4530
118.5699	59.2795	59.4536
118.5799	59.3627	59.4538
118.5899	59.2795	59.4539
118.5999	59.2795	59.4538
118.6099	59.2795	59.4536
118.6199	58.9468	59.4525
118.6300	59.1131	59.4509
118.6399	59.2795	59.4503
118.6500	59.1131	59.4497
118.6599	59.2795	59.4490
118.6699	59.1131	59.4484
118.6799	59.6123	59.4488
118.6900	59.7787	59.4512
118.6999	58.7804	59.4511
118.7099	58.8636	59.4482
118.7200	59.9451	59.4489
118.7299	58.6140	59.4488
118.7400	59.1131	59.4462
118.7501	59.2795	59.4456
118.7600	59.6123	59.4465
118.7700	58.9468	59.4464
118.7800	59.1963	59.4450
118.7900	59.4459	59.4452
118.8000	59.6123	59.4466
118.8101	59.7787	59.4490
118.8200	59.2795	59.4504
118.8301	59.7787	59.4518
118.8401	59.4459	59.4536
118.8499	59.4459	59.4545
118.8600	59.6123	59.4559
118.8702	59.4459	59.4573
118.8801	59.4459	59.4581
118.8900	59.1131	59.4580
118.9000	59.3627	59.4576
118.9101	59.2795	59.4577
118.9201	59.9451	59.4595
118.9300	59.1963	59.4611
118.9401	60.1115	59.4632
118.9501	59.2795	59.4655
118.9601	59.2795	59.4654
118.9701	59.4459	59.4657
118.9801	59.1131	59.4655
118.9902	59.5291	59.4656
119.0002	59.6123	59.4672
119.0101	59.5291	59.4687
119.0200	59.6123	59.4703
119.0301	59.2795	59.4711
119.0401	59.7787	59.4724
119.0501	59.1131	59.4732
119.0602	59.1963	59.4722
119.0701	58.9468	59.4708
119.0807	59.0299	59.4688
119.0901	59.4459	59.4684
119.1000	59.1963	59.4684
119.1111	59.1963	59.4677
119.1202	59.7787	59.4688
119.1301	59.4459	59.4706
119.1401	59.2795	59.4709
119.1502	58.9468	59.4697
119.1601	59.4459	59.4690
119.1702	59.2795	59.4693
119.1802	59.0299	59.4684
119.1902	59.6123	59.4684
119.2002	59.5291	59.4700
119.2102	58.9468	59.4695
119.2201	59.4459	59.4688
119.2303	59.1963	59.4689
119.2402	59.9451	59.4704
119.2501	59.4459	59.4727
119.2604	59.7787	59.4745
119.2702	58.9468	59.4748
119.2801	59.2795	59.4736
119.2902	59.1963	59.4732
119.3002	59.1131	59.4722
119.3106	59.6955	59.4727
119.3203	59.4459	59.4743
119.3302	59.2795	59.4746
119.3401	59.2795	59.4744
119.3503	59.3627	59.4744
119.3602	59.3627	59.4747
119.3702	58.9468	59.4737
119.3804	59.4459	59.4730
119.3902	59.1131	59.4728
119.4001	59.4459	59.4726
119.4103	59.3627	59.4731
119.4202	59.1963	59.4729
119.4305	59.1131	59.4720
119.4404	59.7787	59.4727
119.4502	59.4459	59.4745
119.4603	58.9468	59.4738
119.4703	59.1131	59.4721
119.4803	59.2795	59.4714
119.4903	58.9468	59.4702
119.5004	59.3627	59.4692
119.5103	59.1131	59.4688
119.5203	59.0299	59.4674
119.5302	58.9468	59.4654
119.5392	59.1963	59.4640
119.5503	59.6955	59.4648
119.5603	59.8619	59.4676
119.5702	59.1131	59.4687
119.5803	59.6123	59.4690
119.5903	58.7804	59.4683
119.5992	59.4459	59.4671
119.6104	59.6123	59.4684
119.6203	59.4459	59.4697
119.6302	59.5291	59.4708
119.6404	59.6955	59.4726
119.6503	59.6123	59.4746
119.6593	58.8636	59.4742
119.6705	58.9468	59.4717
119.6803	59.1963	59.4703
119.6903	59.5291	59.4706
119.7005	59.4459	59.4716
119.7104	59.1131	59.4714
119.7194	59.3627	59.4710
119.7294	59.1131	59.4705
119.7403	59.2795	59.4698
119.7505	59.1131	59.4691
119.7604	59.7787	59.4699
119.7694	59.1131	59.4707
119.7795	59.3627	59.4703
119.7895	59.2795	59.4703
119.8004	58.9468	59.4691
119.8105	59.6123	59.4689
119.8204	60.1115	59.4722
119.8295	58.2812	59.4715
119.8394	59.4459	59.4688
119.8494	58.7804	59.4676
119.8604	59.3627	59.4662
119.8704	59.1963	59.4660
119.8804	58.7804	59.4641
119.8895	59.6123	59.4634
119.8995	59.3627	59.4645
119.9095	59.7787	59.4660
119.9205	59.2795	59.4674
119.9305	59.0299	59.4664
119.9404	59.4459	59.4660
119.9504	59.4459	59.4668
119.9604	58.9468	59.4661
119.9696	59.5291	59.4657
119.9795	59.7787	59.4677
119.9905	59.2795	59.4690
